cell_type,hemibrain_type,hemilineage,region
IN00A027,NA,00A,ventral_nerve_cord
IN00A033,NA,00A,ventral_nerve_cord
IN00A017,NA,00A,ventral_nerve_cord
IN00A024,NA,00A,ventral_nerve_cord
IN00A009,NA,00A,ventral_nerve_cord
IN00A043,NA,00A,ventral_nerve_cord
IN00A040,NA,00A,ventral_nerve_cord
IN00A044,NA,00A,ventral_nerve_cord
IN00A047,NA,00A,ventral_nerve_cord
IN00A057,NA,00A,ventral_nerve_cord
IN00A056,NA,00A,ventral_nerve_cord
IN00A064,NA,00A,ventral_nerve_cord
IN00A010,NA,00A,ventral_nerve_cord
IN00A019,NA,00A,ventral_nerve_cord
IN00A012,NA,00A,ventral_nerve_cord
IN00A049,NA,00A,ventral_nerve_cord
IN00A025,NA,00A,ventral_nerve_cord
IN00A030,NA,00A,ventral_nerve_cord
AN00A002,NA,00A,ventral_nerve_cord
IN00A062,NA,00A,ventral_nerve_cord
IN00A051,NA,00A,ventral_nerve_cord
IN00A002,NA,00A,ventral_nerve_cord
IN00A011,NA,00A,ventral_nerve_cord
IN00A020,NA,00A,ventral_nerve_cord
IN00A018,NA,00A,ventral_nerve_cord
IN00A026,NA,00A,ventral_nerve_cord
IN00A021,NA,00A,ventral_nerve_cord
IN00A022,NA,00A,ventral_nerve_cord
IN00A050,NA,00A,ventral_nerve_cord
IN00A055,NA,00A,ventral_nerve_cord
IN00A052,NA,00A,ventral_nerve_cord
IN00A036,NA,00A,ventral_nerve_cord
IN00A029,NA,00A,ventral_nerve_cord
IN00A034,NA,00A,ventral_nerve_cord
IN00A023,NA,00A,ventral_nerve_cord
AN00A009,NA,00A,ventral_nerve_cord
IN00A045,NA,00A,ventral_nerve_cord
IN00A054,NA,00A,ventral_nerve_cord
IN00A041,NA,00A,ventral_nerve_cord
IN00A014,NA,00A,ventral_nerve_cord
IN00A066,NA,00A,ventral_nerve_cord
IN00A068,NA,00A,ventral_nerve_cord
IN00A031,NA,00A,ventral_nerve_cord
IN00A067,NA,00A,ventral_nerve_cord
IN00A053,NA,00A,ventral_nerve_cord
IN00A001,NA,00A,ventral_nerve_cord
IN00A013,NA,00A,ventral_nerve_cord
IN00A003,NA,00A,ventral_nerve_cord
IN00A007,NA,00A,ventral_nerve_cord
IN00A004,NA,00A,ventral_nerve_cord
IN00A028,NA,00A,ventral_nerve_cord
IN00A063,NA,00A,ventral_nerve_cord
IN00A060,NA,00A,ventral_nerve_cord
IN00A065,NA,00A,ventral_nerve_cord
IN00A061,NA,00A,ventral_nerve_cord
IN00A016,NA,00A,ventral_nerve_cord
IN00A058,NA,00A,ventral_nerve_cord
IN00A048,NA,00A,ventral_nerve_cord
IN00A032,NA,00A,ventral_nerve_cord
IN00A059,NA,00A,ventral_nerve_cord
vPR9,NA,00A,ventral_nerve_cord
IN00A039,NA,00A,ventral_nerve_cord
IN00A005,NA,00A,ventral_nerve_cord
IN00A035,NA,00A,ventral_nerve_cord
IN00A038,NA,00A,ventral_nerve_cord
IN00A046,NA,00A,ventral_nerve_cord
AN00A006,NA,00A,ventral_nerve_cord
IN00A071,NA,00A,ventral_nerve_cord
IN00A069,NA,00A,ventral_nerve_cord
IN00A070,NA,00A,ventral_nerve_cord
IN00A008,NA,00A,ventral_nerve_cord
IN00A042,NA,00A,ventral_nerve_cord
IN00A037,NA,00A,ventral_nerve_cord
EN00B009,NA,00B,ventral_nerve_cord
EN00B027,NA,00B,ventral_nerve_cord
EN00B026,NA,00B,ventral_nerve_cord
EN00B007,NA,00B,ventral_nerve_cord
EN00B015,NA,00B,ventral_nerve_cord
EN00B023,NA,00B,ventral_nerve_cord
EN00B025,NA,00B,ventral_nerve_cord
EN00B001,NA,00B,ventral_nerve_cord
EN00B003,NA,00B,ventral_nerve_cord
EN00B004,NA,00B,ventral_nerve_cord
EN00B013,NA,00B,ventral_nerve_cord
EN00B016,NA,00B,ventral_nerve_cord
EN00B010,NA,00B,ventral_nerve_cord
EN00B012,NA,00B,ventral_nerve_cord
EN00B014,NA,00B,ventral_nerve_cord
EN00B019,NA,00B,ventral_nerve_cord
EN00B018,NA,00B,ventral_nerve_cord
EN00B020,NA,00B,ventral_nerve_cord
EN00B021,NA,00B,ventral_nerve_cord
EN00B017,NA,00B,ventral_nerve_cord
EA00B006,NA,00B,ventral_nerve_cord
EN00B011,NA,00B,ventral_nerve_cord
EA00B022,NA,00B,ventral_nerve_cord
EN00B002,NA,00B,ventral_nerve_cord
EN00B008,NA,00B,ventral_nerve_cord
mesVUM-MJ,NA,00B,ventral_nerve_cord
EN00B024,NA,00B,ventral_nerve_cord
IN01A036,NA,01A,ventral_nerve_cord
IN01A039,NA,01A,ventral_nerve_cord
IN01A032,NA,01A,ventral_nerve_cord
IN01A015,NA,01A,ventral_nerve_cord
IN01A074,NA,01A,ventral_nerve_cord
IN01A085,NA,01A,ventral_nerve_cord
IN01A077,NA,01A,ventral_nerve_cord
IN01A043,NA,01A,ventral_nerve_cord
IN01A051,NA,01A,ventral_nerve_cord
IN01A045,NA,01A,ventral_nerve_cord
IN01A065,NA,01A,ventral_nerve_cord
IN01A048,NA,01A,ventral_nerve_cord
IN01A034,NA,01A,ventral_nerve_cord
IN01A063,NA,01A,ventral_nerve_cord
IN01A044,NA,01A,ventral_nerve_cord
IN01A061,NA,01A,ventral_nerve_cord
IN01A059,NA,01A,ventral_nerve_cord
AN01A086,NA,01A,ventral_nerve_cord
IN01A012,NA,01A,ventral_nerve_cord
IN01A067,NA,01A,ventral_nerve_cord
IN01A076,NA,01A,ventral_nerve_cord
IN01A073,NA,01A,ventral_nerve_cord
IN01A054,NA,01A,ventral_nerve_cord
IN01A056,NA,01A,ventral_nerve_cord
IN01A083,NA,01A,ventral_nerve_cord
IN01A016,NA,01A,ventral_nerve_cord
IN01A042,NA,01A,ventral_nerve_cord
IN01A025,NA,01A,ventral_nerve_cord
IN01A038,NA,01A,ventral_nerve_cord
IN01A037,NA,01A,ventral_nerve_cord
IN01A035,NA,01A,ventral_nerve_cord
IN01A023,NA,01A,ventral_nerve_cord
IN01A068,NA,01A,ventral_nerve_cord
IN01A080,NA,01A,ventral_nerve_cord
IN01A082,NA,01A,ventral_nerve_cord
IN01A066,NA,01A,ventral_nerve_cord
IN01A057,NA,01A,ventral_nerve_cord
IN01A071,NA,01A,ventral_nerve_cord
IN01A079,NA,01A,ventral_nerve_cord
IN01A022,NA,01A,ventral_nerve_cord
IN01A041,NA,01A,ventral_nerve_cord
AN01A033,NA,01A,ventral_nerve_cord
IN01A040,NA,01A,ventral_nerve_cord
IN01A069,NA,01A,ventral_nerve_cord
IN01A075,NA,01A,ventral_nerve_cord
IN01A028,NA,01A,ventral_nerve_cord
IN01A013,NA,01A,ventral_nerve_cord
IN01A027,NA,01A,ventral_nerve_cord
IN01A050,NA,01A,ventral_nerve_cord
IN01A062,NA,01A,ventral_nerve_cord
IN01A030,NA,01A,ventral_nerve_cord
IN01A053,NA,01A,ventral_nerve_cord
IN01A084,NA,01A,ventral_nerve_cord
IN01A011,NA,01A,ventral_nerve_cord
IN01A026,NA,01A,ventral_nerve_cord
IN01A064,NA,01A,ventral_nerve_cord
AN01A014,NA,01A,ventral_nerve_cord
AN01A001,NA,01A,ventral_nerve_cord
AN01A006,NA,01A,ventral_nerve_cord
IN01A070,NA,01A,ventral_nerve_cord
IN01A002,NA,01A,ventral_nerve_cord
IN01A058,NA,01A,ventral_nerve_cord
IN01A005,NA,01A,ventral_nerve_cord
IN01A010,NA,01A,ventral_nerve_cord
IN01A088,NA,01A,ventral_nerve_cord
IN01A024,NA,01A,ventral_nerve_cord
IN01A009,NA,01A,ventral_nerve_cord
IN01A007,NA,01A,ventral_nerve_cord
IN01A087,NA,01A,ventral_nerve_cord
IN01A081,NA,01A,ventral_nerve_cord
IN01A078,NA,01A,ventral_nerve_cord
IN01A047,NA,01A,ventral_nerve_cord
IN01A052,NA,01A,ventral_nerve_cord
IN01A072,NA,01A,ventral_nerve_cord
AN01A055,NA,01A,ventral_nerve_cord
IN01A060,NA,01A,ventral_nerve_cord
IN01A008,NA,01A,ventral_nerve_cord
AN01A021,NA,01A,ventral_nerve_cord
IN01A031,NA,01A,ventral_nerve_cord
IN01A020,NA,01A,ventral_nerve_cord
IN01A004,NA,01A,ventral_nerve_cord
IN01A046,NA,01A,ventral_nerve_cord
IN01A001,NA,01A,ventral_nerve_cord
AN01A049,NA,01A,ventral_nerve_cord
IN01A029,NA,01A,ventral_nerve_cord
IN01A018,NA,01A,ventral_nerve_cord
IN01A003,NA,01A,ventral_nerve_cord
IN01A019,NA,01A,ventral_nerve_cord
IN01A017,NA,01A,ventral_nerve_cord
IN01B025,NA,01B,ventral_nerve_cord
IN01B023,NA,01B,ventral_nerve_cord
IN01B042,NA,01B,ventral_nerve_cord
IN01B027,NA,01B,ventral_nerve_cord
IN01B060,NA,01B,ventral_nerve_cord
IN01B016,NA,01B,ventral_nerve_cord
IN01B012,NA,01B,ventral_nerve_cord
IN01B013,NA,01B,ventral_nerve_cord
IN01B022,NA,01B,ventral_nerve_cord
IN01B003,NA,01B,ventral_nerve_cord
IN01B030,NA,01B,ventral_nerve_cord
IN01B039,NA,01B,ventral_nerve_cord
IN01B050,NA,01B,ventral_nerve_cord
IN01B026,NA,01B,ventral_nerve_cord
IN01B068,NA,01B,ventral_nerve_cord
IN01B034,NA,01B,ventral_nerve_cord
IN01B061,NA,01B,ventral_nerve_cord
IN01B052,NA,01B,ventral_nerve_cord
IN01B036,NA,01B,ventral_nerve_cord
IN01B017,NA,01B,ventral_nerve_cord
IN01B065,NA,01B,ventral_nerve_cord
IN01B078,NA,01B,ventral_nerve_cord
IN01B058,NA,01B,ventral_nerve_cord
IN01B100,NA,01B,ventral_nerve_cord
IN01B084,NA,01B,ventral_nerve_cord
IN01B080,NA,01B,ventral_nerve_cord
IN01B081,NA,01B,ventral_nerve_cord
IN01B059,NA,01B,ventral_nerve_cord
IN01B077,NA,01B,ventral_nerve_cord
IN01B094,NA,01B,ventral_nerve_cord
IN01B101,NA,01B,ventral_nerve_cord
IN01B010,NA,01B,ventral_nerve_cord
IN01B040,NA,01B,ventral_nerve_cord
IN01B033,NA,01B,ventral_nerve_cord
IN01B062,NA,01B,ventral_nerve_cord
IN01B006,NA,01B,ventral_nerve_cord
IN01B031,NA,01B,ventral_nerve_cord
IN01B038,NA,01B,ventral_nerve_cord
IN01B019,NA,01B,ventral_nerve_cord
IN01B008,NA,01B,ventral_nerve_cord
IN01B021,NA,01B,ventral_nerve_cord
IN01B047,NA,01B,ventral_nerve_cord
IN01B056,NA,01B,ventral_nerve_cord
IN01B064,NA,01B,ventral_nerve_cord
IN01B041,NA,01B,ventral_nerve_cord
IN01B070,NA,01B,ventral_nerve_cord
IN01B073,NA,01B,ventral_nerve_cord
IN01B069,NA,01B,ventral_nerve_cord
IN01B045,NA,01B,ventral_nerve_cord
IN01B091,NA,01B,ventral_nerve_cord
IN01B063,NA,01B,ventral_nerve_cord
IN01B020,NA,01B,ventral_nerve_cord
IN01B066,NA,01B,ventral_nerve_cord
IN01B051,NA,01B,ventral_nerve_cord
IN01B044,NA,01B,ventral_nerve_cord
IN01B086,NA,01B,ventral_nerve_cord
IN01B099,NA,01B,ventral_nerve_cord
IN01B067,NA,01B,ventral_nerve_cord
IN01B015,NA,01B,ventral_nerve_cord
IN01B053,NA,01B,ventral_nerve_cord
IN01B037,NA,01B,ventral_nerve_cord
IN01B046,NA,01B,ventral_nerve_cord
IN01B054,NA,01B,ventral_nerve_cord
IN01B032,NA,01B,ventral_nerve_cord
IN01B048,NA,01B,ventral_nerve_cord
IN01B055,NA,01B,ventral_nerve_cord
IN01B092,NA,01B,ventral_nerve_cord
IN01B043,NA,01B,ventral_nerve_cord
IN01B074,NA,01B,ventral_nerve_cord
IN01B083,NA,01B,ventral_nerve_cord
IN01B024,NA,01B,ventral_nerve_cord
IN01B072,NA,01B,ventral_nerve_cord
IN01B079,NA,01B,ventral_nerve_cord
IN01B029,NA,01B,ventral_nerve_cord
IN01B071,NA,01B,ventral_nerve_cord
IN01B075,NA,01B,ventral_nerve_cord
IN01B049,NA,01B,ventral_nerve_cord
IN01B007,NA,01B,ventral_nerve_cord
IN01B057,NA,01B,ventral_nerve_cord
IN01B089,NA,01B,ventral_nerve_cord
IN01B082,NA,01B,ventral_nerve_cord
IN01B087,NA,01B,ventral_nerve_cord
IN01B095,NA,01B,ventral_nerve_cord
IN01B096,NA,01B,ventral_nerve_cord
IN01B102,NA,01B,ventral_nerve_cord
IN01B085,NA,01B,ventral_nerve_cord
IN01B097,NA,01B,ventral_nerve_cord
IN01B093,NA,01B,ventral_nerve_cord
IN01B090,NA,01B,ventral_nerve_cord
IN01B098,NA,01B,ventral_nerve_cord
IN01B002,NA,01B,ventral_nerve_cord
IN01B035,NA,01B,ventral_nerve_cord
AN01B004,NA,01B,ventral_nerve_cord
AN01B011,NA,01B,ventral_nerve_cord
AN01B002,NA,01B,ventral_nerve_cord
IN01B014,NA,01B,ventral_nerve_cord
AN01B018,NA,01B,ventral_nerve_cord
AN01B014,NA,01B,ventral_nerve_cord
IN01B001,NA,01B,ventral_nerve_cord
IN01B028,NA,01B,ventral_nerve_cord
AN01B005,NA,01B,ventral_nerve_cord
IN01B088,NA,01B,ventral_nerve_cord
IN02A044,NA,02A,ventral_nerve_cord
IN02A059,NA,02A,ventral_nerve_cord
IN02A054,NA,02A,ventral_nerve_cord
IN02A030,NA,02A,ventral_nerve_cord
IN02A064,NA,02A,ventral_nerve_cord
IN02A066,NA,02A,ventral_nerve_cord
IN02A058,NA,02A,ventral_nerve_cord
IN02A012,NA,02A,ventral_nerve_cord
IN02A011,NA,02A,ventral_nerve_cord
AN02A022,NA,02A,ventral_nerve_cord
IN02A015,NA,02A,ventral_nerve_cord
IN02A003,NA,02A,ventral_nerve_cord
IN02A056,NA,02A,ventral_nerve_cord
AN02A009,NA,02A,ventral_nerve_cord
IN02A036,NA,02A,ventral_nerve_cord
IN02A020,NA,02A,ventral_nerve_cord
IN02A029,NA,02A,ventral_nerve_cord
AN02A017,NA,02A,ventral_nerve_cord
IN02A032,NA,02A,ventral_nerve_cord
IN02A045,NA,02A,ventral_nerve_cord
IN02A047,NA,02A,ventral_nerve_cord
IN02A049,NA,02A,ventral_nerve_cord
IN02A040,NA,02A,ventral_nerve_cord
IN02A035,NA,02A,ventral_nerve_cord
IN02A042,NA,02A,ventral_nerve_cord
IN02A018,NA,02A,ventral_nerve_cord
IN02A028,NA,02A,ventral_nerve_cord
IN02A023,NA,02A,ventral_nerve_cord
IN02A041,NA,02A,ventral_nerve_cord
IN02A037,NA,02A,ventral_nerve_cord
IN02A006,NA,02A,ventral_nerve_cord
IN02A007,NA,02A,ventral_nerve_cord
IN02A033,NA,02A,ventral_nerve_cord
IN02A060,NA,02A,ventral_nerve_cord
IN02A057,NA,02A,ventral_nerve_cord
IN02A050,NA,02A,ventral_nerve_cord
IN02A055,NA,02A,ventral_nerve_cord
IN02A067,NA,02A,ventral_nerve_cord
IN02A008,NA,02A,ventral_nerve_cord
IN02A026,NA,02A,ventral_nerve_cord
AN02A025,NA,02A,ventral_nerve_cord
AN02A046,NA,02A,ventral_nerve_cord
IN02A052,NA,02A,ventral_nerve_cord
IN02A062,NA,02A,ventral_nerve_cord
IN02A065,NA,02A,ventral_nerve_cord
AN02A002,NA,02A,ventral_nerve_cord
IN02A019,NA,02A,ventral_nerve_cord
IN02A048,NA,02A,ventral_nerve_cord
IN02A010,NA,02A,ventral_nerve_cord
IN02A013,NA,02A,ventral_nerve_cord
IN02A061,NA,02A,ventral_nerve_cord
IN02A043,NA,02A,ventral_nerve_cord
AN02A016,NA,02A,ventral_nerve_cord
IN02A004,NA,02A,ventral_nerve_cord
AN02A001,NA,02A,ventral_nerve_cord
IN02A034,NA,02A,ventral_nerve_cord
IN02A039,NA,02A,ventral_nerve_cord
IN02A031,NA,02A,ventral_nerve_cord
IN02A038,NA,02A,ventral_nerve_cord
IN02A014,NA,02A,ventral_nerve_cord
IN02A024,NA,02A,ventral_nerve_cord
IN02A053,NA,02A,ventral_nerve_cord
IN02A021,NA,02A,ventral_nerve_cord
AN02A005,NA,02A,ventral_nerve_cord
IN02A063,NA,02A,ventral_nerve_cord
IN02A051,NA,02A,ventral_nerve_cord
IN03A039,NA,03A,ventral_nerve_cord
IN03A053,NA,03A,ventral_nerve_cord
IN03A007,NA,03A,ventral_nerve_cord
IN03A006,NA,03A,ventral_nerve_cord
IN03A014,NA,03A,ventral_nerve_cord
IN03A092,NA,03A,ventral_nerve_cord
IN03A026,NA,03A,ventral_nerve_cord
IN03A031,NA,03A,ventral_nerve_cord
IN03A075,NA,03A,ventral_nerve_cord
IN03A083,NA,03A,ventral_nerve_cord
IN03A089,NA,03A,ventral_nerve_cord
IN03A068,NA,03A,ventral_nerve_cord
IN03A073,NA,03A,ventral_nerve_cord
IN03A042,NA,03A,ventral_nerve_cord
IN03A041,NA,03A,ventral_nerve_cord
IN03A062,NA,03A,ventral_nerve_cord
IN03A040,NA,03A,ventral_nerve_cord
IN03A067,NA,03A,ventral_nerve_cord
IN03A004,NA,03A,ventral_nerve_cord
IN03A064,NA,03A,ventral_nerve_cord
IN03A070,NA,03A,ventral_nerve_cord
IN03A078,NA,03A,ventral_nerve_cord
IN03A095,NA,03A,ventral_nerve_cord
IN03A087,NA,03A,ventral_nerve_cord
IN03A027,NA,03A,ventral_nerve_cord
IN03A081,NA,03A,ventral_nerve_cord
IN03A019,NA,03A,ventral_nerve_cord
IN03A088,NA,03A,ventral_nerve_cord
IN03A013,NA,03A,ventral_nerve_cord
IN03A046,NA,03A,ventral_nerve_cord
IN03A054,NA,03A,ventral_nerve_cord
IN03A061,NA,03A,ventral_nerve_cord
IN03A065,NA,03A,ventral_nerve_cord
IN03A072,NA,03A,ventral_nerve_cord
IN03A066,NA,03A,ventral_nerve_cord
IN03A024,NA,03A,ventral_nerve_cord
IN03A080,NA,03A,ventral_nerve_cord
IN03A084,NA,03A,ventral_nerve_cord
IN03A094,NA,03A,ventral_nerve_cord
IN03A085,NA,03A,ventral_nerve_cord
IN03A020,NA,03A,ventral_nerve_cord
IN03A097,NA,03A,ventral_nerve_cord
IN03A071,NA,03A,ventral_nerve_cord
IN03A038,NA,03A,ventral_nerve_cord
IN03A033,NA,03A,ventral_nerve_cord
IN03A060,NA,03A,ventral_nerve_cord
IN03A056,NA,03A,ventral_nerve_cord
IN03A047,NA,03A,ventral_nerve_cord
IN03A076,NA,03A,ventral_nerve_cord
IN03A091,NA,03A,ventral_nerve_cord
IN03A093,NA,03A,ventral_nerve_cord
IN03A090,NA,03A,ventral_nerve_cord
IN03A079,NA,03A,ventral_nerve_cord
IN03A022,NA,03A,ventral_nerve_cord
IN03A017,NA,03A,ventral_nerve_cord
IN03A010,NA,03A,ventral_nerve_cord
IN03A036,NA,03A,ventral_nerve_cord
IN03A077,NA,03A,ventral_nerve_cord
IN03A025,NA,03A,ventral_nerve_cord
IN03A055,NA,03A,ventral_nerve_cord
IN03A037,NA,03A,ventral_nerve_cord
IN03A059,NA,03A,ventral_nerve_cord
IN03A082,NA,03A,ventral_nerve_cord
IN03A058,NA,03A,ventral_nerve_cord
IN03A016,NA,03A,ventral_nerve_cord
IN03A096,NA,03A,ventral_nerve_cord
IN03A045,NA,03A,ventral_nerve_cord
IN03A051,NA,03A,ventral_nerve_cord
IN03A030,NA,03A,ventral_nerve_cord
IN03A074,NA,03A,ventral_nerve_cord
IN03A050,NA,03A,ventral_nerve_cord
IN03A018,NA,03A,ventral_nerve_cord
IN03A028,NA,03A,ventral_nerve_cord
IN03A048,NA,03A,ventral_nerve_cord
IN03A043,NA,03A,ventral_nerve_cord
IN03A052,NA,03A,ventral_nerve_cord
IN03A009,NA,03A,ventral_nerve_cord
IN03A012,NA,03A,ventral_nerve_cord
IN03A034,NA,03A,ventral_nerve_cord
AN03A008,NA,03A,ventral_nerve_cord
IN03A032,NA,03A,ventral_nerve_cord
IN03A044,NA,03A,ventral_nerve_cord
IN03A069,NA,03A,ventral_nerve_cord
IN03A021,NA,03A,ventral_nerve_cord
IN03A035,NA,03A,ventral_nerve_cord
IN03A001,NA,03A,ventral_nerve_cord
IN03A057,NA,03A,ventral_nerve_cord
IN03A029,NA,03A,ventral_nerve_cord
IN03A003,NA,03A,ventral_nerve_cord
IN03A011,NA,03A,ventral_nerve_cord
IN03A049,NA,03A,ventral_nerve_cord
IN03A023,NA,03A,ventral_nerve_cord
IN03A063,NA,03A,ventral_nerve_cord
IN03A015,NA,03A,ventral_nerve_cord
IN03A005,NA,03A,ventral_nerve_cord
AN03A002,NA,03A,ventral_nerve_cord
IN03B031,NA,03B,ventral_nerve_cord
IN03B042,NA,03B,ventral_nerve_cord
IN03B021,NA,03B,ventral_nerve_cord
IN03B035,NA,03B,ventral_nerve_cord
w-cHIN,NA,03B,ventral_nerve_cord
IN03B045,NA,03B,ventral_nerve_cord
IN03B064,NA,03B,ventral_nerve_cord
IN03B077,NA,03B,ventral_nerve_cord
IN03B089,NA,03B,ventral_nerve_cord
IN03B060,NA,03B,ventral_nerve_cord
IN03B072,NA,03B,ventral_nerve_cord
IN03B074,NA,03B,ventral_nerve_cord
IN03B070,NA,03B,ventral_nerve_cord
IN03B025,NA,03B,ventral_nerve_cord
IN03B054,NA,03B,ventral_nerve_cord
IN03B068,NA,03B,ventral_nerve_cord
IN03B056,NA,03B,ventral_nerve_cord
IN03B052,NA,03B,ventral_nerve_cord
IN03B062,NA,03B,ventral_nerve_cord
IN03B063,NA,03B,ventral_nerve_cord
IN03B065,NA,03B,ventral_nerve_cord
IN03B055,NA,03B,ventral_nerve_cord
IN03B046,NA,03B,ventral_nerve_cord
IN03B086,NA,03B,ventral_nerve_cord
IN03B022,NA,03B,ventral_nerve_cord
IN03B043,NA,03B,ventral_nerve_cord
IN03B058,NA,03B,ventral_nerve_cord
IN03B091,NA,03B,ventral_nerve_cord
IN03B071,NA,03B,ventral_nerve_cord
MNad34,NA,03B,ventral_nerve_cord
"DVMn 2a, b",NA,03B,ventral_nerve_cord
IN03B037,NA,03B,ventral_nerve_cord
IN03B008,NA,03B,ventral_nerve_cord
IN03B066,NA,03B,ventral_nerve_cord
AN03B011,NA,03B,ventral_nerve_cord
MNad41,NA,03B,ventral_nerve_cord
MNad40,NA,03B,ventral_nerve_cord
MNad31,NA,03B,ventral_nerve_cord
MNad33,NA,03B,ventral_nerve_cord
IN03B069,NA,03B,ventral_nerve_cord
IN03B061,NA,03B,ventral_nerve_cord
IN03B073,NA,03B,ventral_nerve_cord
MNad35,NA,03B,ventral_nerve_cord
IN03B088,NA,03B,ventral_nerve_cord
IN03B083,NA,03B,ventral_nerve_cord
IN03B057,NA,03B,ventral_nerve_cord
IN03B020,NA,03B,ventral_nerve_cord
IN03B085,NA,03B,ventral_nerve_cord
IN03B075,NA,03B,ventral_nerve_cord
DLMn c-f,NA,03B,ventral_nerve_cord
IN03B019,NA,03B,ventral_nerve_cord
IN03B051,NA,03B,ventral_nerve_cord
iii3 MN,NA,03B,ventral_nerve_cord
IN03B015,NA,03B,ventral_nerve_cord
AN03B095,NA,03B,ventral_nerve_cord
IN03B034,NA,03B,ventral_nerve_cord
MNxm01,NA,03B,ventral_nerve_cord
IN03B029,NA,03B,ventral_nerve_cord
IN03B076,NA,03B,ventral_nerve_cord
IN03B084,NA,03B,ventral_nerve_cord
IN03B012,NA,03B,ventral_nerve_cord
IN03B090,NA,03B,ventral_nerve_cord
IN03B038,NA,03B,ventral_nerve_cord
IN03B032,NA,03B,ventral_nerve_cord
IN03B028,NA,03B,ventral_nerve_cord
MNwm35,NA,03B,ventral_nerve_cord
IN03B078,NA,03B,ventral_nerve_cord
"DVMn 3a, b",NA,03B,ventral_nerve_cord
hg4 MN,NA,03B,ventral_nerve_cord
IN03B087,NA,03B,ventral_nerve_cord
IN03B080,NA,03B,ventral_nerve_cord
AN03B094,NA,03B,ventral_nerve_cord
IN03B001,NA,03B,ventral_nerve_cord
IN03B092,NA,03B,ventral_nerve_cord
IN03B081,NA,03B,ventral_nerve_cord
IN03B011,NA,03B,ventral_nerve_cord
IN03B079,NA,03B,ventral_nerve_cord
IN03B049,NA,03B,ventral_nerve_cord
IN03B024,NA,03B,ventral_nerve_cord
IN03B082,NA,03B,ventral_nerve_cord
iii1 MN,NA,03B,ventral_nerve_cord
IN03B005,NA,03B,ventral_nerve_cord
IN03B053,NA,03B,ventral_nerve_cord
IN03B059,NA,03B,ventral_nerve_cord
IN03B067,NA,03B,ventral_nerve_cord
AN03B039,NA,03B,ventral_nerve_cord
MNad36,NA,03B,ventral_nerve_cord
IN03B093,NA,03B,ventral_nerve_cord
IN03B016,NA,03B,ventral_nerve_cord
MNad45,NA,03B,ventral_nerve_cord
MNad32,NA,03B,ventral_nerve_cord
AN03B050,NA,03B,ventral_nerve_cord
MNad47,NA,03B,ventral_nerve_cord
IN03B036,NA,03B,ventral_nerve_cord
AN03B009,NA,03B,ventral_nerve_cord
IN04A002,NA,04A,ventral_nerve_cord
AN04A001,NA,04A,ventral_nerve_cord
IN04B068,NA,04B,ventral_nerve_cord
IN04B063,NA,04B,ventral_nerve_cord
IN04B044,NA,04B,ventral_nerve_cord
IN04B026,NA,04B,ventral_nerve_cord
IN04B100,NA,04B,ventral_nerve_cord
IN04B031,NA,04B,ventral_nerve_cord
IN04B074,NA,04B,ventral_nerve_cord
IN04B037,NA,04B,ventral_nerve_cord
IN04B043,NA,04B,ventral_nerve_cord
IN04B112,NA,04B,ventral_nerve_cord
IN04B110,NA,04B,ventral_nerve_cord
IN04B080,NA,04B,ventral_nerve_cord
IN04B088,NA,04B,ventral_nerve_cord
IN04B078,NA,04B,ventral_nerve_cord
IN04B105,NA,04B,ventral_nerve_cord
IN04B107,NA,04B,ventral_nerve_cord
IN04B104,NA,04B,ventral_nerve_cord
IN04B114,NA,04B,ventral_nerve_cord
IN04B092,NA,04B,ventral_nerve_cord
IN04B095,NA,04B,ventral_nerve_cord
IN04B052,NA,04B,ventral_nerve_cord
IN04B096,NA,04B,ventral_nerve_cord
IN04B113,NA,04B,ventral_nerve_cord
IN04B015,NA,04B,ventral_nerve_cord
IN04B014,NA,04B,ventral_nerve_cord
IN04B034,NA,04B,ventral_nerve_cord
IN04B047,NA,04B,ventral_nerve_cord
IN04B094,NA,04B,ventral_nerve_cord
IN04B079,NA,04B,ventral_nerve_cord
IN04B059,NA,04B,ventral_nerve_cord
IN04B070,NA,04B,ventral_nerve_cord
IN04B067,NA,04B,ventral_nerve_cord
IN04B038,NA,04B,ventral_nerve_cord
IN04B102,NA,04B,ventral_nerve_cord
IN04B072,NA,04B,ventral_nerve_cord
IN04B066,NA,04B,ventral_nerve_cord
IN04B101,NA,04B,ventral_nerve_cord
IN04B091,NA,04B,ventral_nerve_cord
IN04B098,NA,04B,ventral_nerve_cord
IN04B111,NA,04B,ventral_nerve_cord
IN04B115,NA,04B,ventral_nerve_cord
IN04B053,NA,04B,ventral_nerve_cord
IN04B085,NA,04B,ventral_nerve_cord
IN04B009,NA,04B,ventral_nerve_cord
IN04B081,NA,04B,ventral_nerve_cord
IN04B069,NA,04B,ventral_nerve_cord
IN04B097,NA,04B,ventral_nerve_cord
IN04B093,NA,04B,ventral_nerve_cord
IN04B042,NA,04B,ventral_nerve_cord
IN04B048,NA,04B,ventral_nerve_cord
IN04B062,NA,04B,ventral_nerve_cord
IN04B089,NA,04B,ventral_nerve_cord
IN04B099,NA,04B,ventral_nerve_cord
IN04B084,NA,04B,ventral_nerve_cord
IN04B071,NA,04B,ventral_nerve_cord
IN04B108,NA,04B,ventral_nerve_cord
IN04B082,NA,04B,ventral_nerve_cord
IN04B109,NA,04B,ventral_nerve_cord
IN04B025,NA,04B,ventral_nerve_cord
IN04B075,NA,04B,ventral_nerve_cord
IN04B083,NA,04B,ventral_nerve_cord
IN04B076,NA,04B,ventral_nerve_cord
IN04B008,NA,04B,ventral_nerve_cord
IN04B036,NA,04B,ventral_nerve_cord
IN04B018,NA,04B,ventral_nerve_cord
IN04B077,NA,04B,ventral_nerve_cord
IN04B087,NA,04B,ventral_nerve_cord
IN04B103,NA,04B,ventral_nerve_cord
IN04B106,NA,04B,ventral_nerve_cord
IN04B086,NA,04B,ventral_nerve_cord
IN04B013,NA,04B,ventral_nerve_cord
IN04B039,NA,04B,ventral_nerve_cord
IN04B011,NA,04B,ventral_nerve_cord
IN04B027,NA,04B,ventral_nerve_cord
IN04B049,NA,04B,ventral_nerve_cord
IN04B005,NA,04B,ventral_nerve_cord
IN04B032,NA,04B,ventral_nerve_cord
IN04B040,NA,04B,ventral_nerve_cord
AN04B004,NA,04B,ventral_nerve_cord
IN04B017,NA,04B,ventral_nerve_cord
IN04B046,NA,04B,ventral_nerve_cord
IN04B033,NA,04B,ventral_nerve_cord
IN04B057,NA,04B,ventral_nerve_cord
IN04B010,NA,04B,ventral_nerve_cord
IN04B020,NA,04B,ventral_nerve_cord
AN04B003,NA,04B,ventral_nerve_cord
AN04B023,NA,04B,ventral_nerve_cord
IN04B090,NA,04B,ventral_nerve_cord
IN04B016,NA,04B,ventral_nerve_cord
AN04B001,NA,04B,ventral_nerve_cord
IN04B061,NA,04B,ventral_nerve_cord
IN04B060,NA,04B,ventral_nerve_cord
IN04B055,NA,04B,ventral_nerve_cord
IN04B058,NA,04B,ventral_nerve_cord
IN04B050,NA,04B,ventral_nerve_cord
IN04B028,NA,04B,ventral_nerve_cord
IN04B021,NA,04B,ventral_nerve_cord
IN04B056,NA,04B,ventral_nerve_cord
IN04B012,NA,04B,ventral_nerve_cord
IN04B035,NA,04B,ventral_nerve_cord
IN04B073,NA,04B,ventral_nerve_cord
IN04B019,NA,04B,ventral_nerve_cord
IN04B002,NA,04B,ventral_nerve_cord
IN04B022,NA,04B,ventral_nerve_cord
AN04B051,NA,04B,ventral_nerve_cord
IN04B030,NA,04B,ventral_nerve_cord
IN04B007,NA,04B,ventral_nerve_cord
IN04B041,NA,04B,ventral_nerve_cord
IN04B006,NA,04B,ventral_nerve_cord
IN04B064,NA,04B,ventral_nerve_cord
IN04B029,NA,04B,ventral_nerve_cord
IN04B054,NA,04B,ventral_nerve_cord
IN04B024,NA,04B,ventral_nerve_cord
IN04B065,NA,04B,ventral_nerve_cord
IN04B004,NA,04B,ventral_nerve_cord
IN04B001,NA,04B,ventral_nerve_cord
IN05B085,NA,05B,ventral_nerve_cord
IN05B019,NA,05B,ventral_nerve_cord
IN05B038,NA,05B,ventral_nerve_cord
AN05B054,NA,05B,ventral_nerve_cord
IN05B093,NA,05B,ventral_nerve_cord
AN05B053,NA,05B,ventral_nerve_cord
IN05B011,NA,05B,ventral_nerve_cord
AN05B029,NA,05B,ventral_nerve_cord
AN05B062,NA,05B,ventral_nerve_cord
AN05B047,NA,05B,ventral_nerve_cord
IN05B021,NA,05B,ventral_nerve_cord
AN05B004,NA,05B,ventral_nerve_cord
IN05B051,NA,05B,ventral_nerve_cord
IN05B092,NA,05B,ventral_nerve_cord
IN05B013,NA,05B,ventral_nerve_cord
AN05B056,NA,05B,ventral_nerve_cord
IN05B037,NA,05B,ventral_nerve_cord
IN05B084,NA,05B,ventral_nerve_cord
IN05B090,NA,05B,ventral_nerve_cord
IN05B022,NA,05B,ventral_nerve_cord
AN05B071,NA,05B,ventral_nerve_cord
AN05B050,NA,05B,ventral_nerve_cord
IN05B094,NA,05B,ventral_nerve_cord
AN05B009,NA,05B,ventral_nerve_cord
IN05B028,NA,05B,ventral_nerve_cord
AN05B101,NA,05B,ventral_nerve_cord
AN05B049,NA,05B,ventral_nerve_cord
AN05B104,NA,05B,ventral_nerve_cord
IN05B073,NA,05B,ventral_nerve_cord
IN05B061,NA,05B,ventral_nerve_cord
AN05B102,NA,05B,ventral_nerve_cord
IN05B089,NA,05B,ventral_nerve_cord
AN05B023,NA,05B,ventral_nerve_cord
IN05B017,NA,05B,ventral_nerve_cord
IN05B020,NA,05B,ventral_nerve_cord
AN05B063,NA,05B,ventral_nerve_cord
AN05B060,NA,05B,ventral_nerve_cord
AN05B017,NA,05B,ventral_nerve_cord
AN05B006,NA,05B,ventral_nerve_cord
AN05B044,NA,05B,ventral_nerve_cord
IN05B036,NA,05B,ventral_nerve_cord
IN05B042,NA,05B,ventral_nerve_cord
AN05B069,NA,05B,ventral_nerve_cord
IN05B088,NA,05B,ventral_nerve_cord
AN05B106,NA,05B,ventral_nerve_cord
AN05B010,NA,05B,ventral_nerve_cord
AN05B067,NA,05B,ventral_nerve_cord
AN05B099,NA,05B,ventral_nerve_cord
IN05B079,NA,05B,ventral_nerve_cord
IN05B075,NA,05B,ventral_nerve_cord
IN05B077,NA,05B,ventral_nerve_cord
IN05B003,NA,05B,ventral_nerve_cord
AN05B076,NA,05B,ventral_nerve_cord
IN05B072,NA,05B,ventral_nerve_cord
IN05B024,NA,05B,ventral_nerve_cord
AN05B068,NA,05B,ventral_nerve_cord
IN05B070,NA,05B,ventral_nerve_cord
IN05B032,NA,05B,ventral_nerve_cord
AN05B097,NA,05B,ventral_nerve_cord
AN05B096,NA,05B,ventral_nerve_cord
IN05B010,NA,05B,ventral_nerve_cord
IN05B057,NA,05B,ventral_nerve_cord
AN05B035,NA,05B,ventral_nerve_cord
IN05B001,NA,05B,ventral_nerve_cord
IN05B086,NA,05B,ventral_nerve_cord
IN05B065,NA,05B,ventral_nerve_cord
AN05B078,NA,05B,ventral_nerve_cord
IN05B033,NA,05B,ventral_nerve_cord
AN05B052,NA,05B,ventral_nerve_cord
IN05B064,NA,05B,ventral_nerve_cord
IN05B034,NA,05B,ventral_nerve_cord
AN05B024,NA,05B,ventral_nerve_cord
AN05B100,NA,05B,ventral_nerve_cord
AN05B036,NA,05B,ventral_nerve_cord
IN05B041,NA,05B,ventral_nerve_cord
IN05B018,NA,05B,ventral_nerve_cord
IN05B012,NA,05B,ventral_nerve_cord
IN05B005,NA,05B,ventral_nerve_cord
IN05B074,NA,05B,ventral_nerve_cord
IN05B043,NA,05B,ventral_nerve_cord
AN05B058,NA,05B,ventral_nerve_cord
IN05B091,NA,05B,ventral_nerve_cord
AN05B105,NA,05B,ventral_nerve_cord
AN05B103,NA,05B,ventral_nerve_cord
AN05B005,NA,05B,ventral_nerve_cord
AN05B059,NA,05B,ventral_nerve_cord
IN05B066,NA,05B,ventral_nerve_cord
IN05B014,NA,05B,ventral_nerve_cord
IN05B016,NA,05B,ventral_nerve_cord
AN05B026,NA,05B,ventral_nerve_cord
AN05B040,NA,05B,ventral_nerve_cord
AN05B046,NA,05B,ventral_nerve_cord
IN05B031,NA,05B,ventral_nerve_cord
AN05B083,NA,05B,ventral_nerve_cord
AN05B027,NA,05B,ventral_nerve_cord
AN05B007,NA,05B,ventral_nerve_cord
IN05B087,NA,05B,ventral_nerve_cord
IN05B080,NA,05B,ventral_nerve_cord
AN05B081,NA,05B,ventral_nerve_cord
AN05B015,NA,05B,ventral_nerve_cord
AN05B094,NA,05B,ventral_nerve_cord
IN05B082,NA,05B,ventral_nerve_cord
AN05B045,NA,05B,ventral_nerve_cord
AN05B095,NA,05B,ventral_nerve_cord
AN05B021,NA,05B,ventral_nerve_cord
IN05B002,NA,05B,ventral_nerve_cord
IN05B008,NA,05B,ventral_nerve_cord
IN05B055,NA,05B,ventral_nerve_cord
AN05B098,NA,05B,ventral_nerve_cord
IN05B039,NA,05B,ventral_nerve_cord
AN05B025,NA,05B,ventral_nerve_cord
AN05B048,NA,05B,ventral_nerve_cord
IN05B030,NA,05B,ventral_nerve_cord
MNad10,NA,06A,ventral_nerve_cord
IN06A031,NA,06A,ventral_nerve_cord
IN06A109,NA,06A,ventral_nerve_cord
IN06A064,NA,06A,ventral_nerve_cord
IN06A063,NA,06A,ventral_nerve_cord
IN06A066,NA,06A,ventral_nerve_cord
IN06A098,NA,06A,ventral_nerve_cord
IN06A119,NA,06A,ventral_nerve_cord
IN06A117,NA,06A,ventral_nerve_cord
IN06A106,NA,06A,ventral_nerve_cord
IN06A134,NA,06A,ventral_nerve_cord
IN06A139,NA,06A,ventral_nerve_cord
IN06A028,NA,06A,ventral_nerve_cord
IN06A050,NA,06A,ventral_nerve_cord
IN06A061,NA,06A,ventral_nerve_cord
IN06A136,NA,06A,ventral_nerve_cord
IN06A108,NA,06A,ventral_nerve_cord
AN06A026,NA,06A,ventral_nerve_cord
IN06A068,NA,06A,ventral_nerve_cord
IN06A099,NA,06A,ventral_nerve_cord
IN06A072,NA,06A,ventral_nerve_cord
IN06A101,NA,06A,ventral_nerve_cord
IN06A090,NA,06A,ventral_nerve_cord
IN06A012,NA,06A,ventral_nerve_cord
IN06A023,NA,06A,ventral_nerve_cord
IN06A048,NA,06A,ventral_nerve_cord
IN06A103,NA,06A,ventral_nerve_cord
IN06A058,NA,06A,ventral_nerve_cord
IN06A088,NA,06A,ventral_nerve_cord
IN06A081,NA,06A,ventral_nerve_cord
IN06A079,NA,06A,ventral_nerve_cord
IN06A102,NA,06A,ventral_nerve_cord
IN06A055,NA,06A,ventral_nerve_cord
IN06A110,NA,06A,ventral_nerve_cord
MNhl87,NA,06A,ventral_nerve_cord
IN06A093,NA,06A,ventral_nerve_cord
IN06A132,NA,06A,ventral_nerve_cord
IN06A129,NA,06A,ventral_nerve_cord
IN06A135,NA,06A,ventral_nerve_cord
IN06A096,NA,06A,ventral_nerve_cord
IN06A127,NA,06A,ventral_nerve_cord
IN06A116,NA,06A,ventral_nerve_cord
IN06A076,NA,06A,ventral_nerve_cord
IN06A100,NA,06A,ventral_nerve_cord
IN06A075,NA,06A,ventral_nerve_cord
IN06A019,NA,06A,ventral_nerve_cord
IN06A022,NA,06A,ventral_nerve_cord
IN06A044,NA,06A,ventral_nerve_cord
IN06A042,NA,06A,ventral_nerve_cord
IN06A122,NA,06A,ventral_nerve_cord
IN06A077,NA,06A,ventral_nerve_cord
IN06A084,NA,06A,ventral_nerve_cord
IN06A059,NA,06A,ventral_nerve_cord
IN06A067,NA,06A,ventral_nerve_cord
IN06A082,NA,06A,ventral_nerve_cord
AN06A080,NA,06A,ventral_nerve_cord
IN06A035,NA,06A,ventral_nerve_cord
IN06A024,NA,06A,ventral_nerve_cord
IN06A013,NA,06A,ventral_nerve_cord
IN06A094,NA,06A,ventral_nerve_cord
IN06A128,NA,06A,ventral_nerve_cord
IN06A097,NA,06A,ventral_nerve_cord
IN06A054,NA,06A,ventral_nerve_cord
AN06A017,NA,06A,ventral_nerve_cord
IN06A133,NA,06A,ventral_nerve_cord
IN06A036,NA,06A,ventral_nerve_cord
AN06A016,NA,06A,ventral_nerve_cord
AN06A062,NA,06A,ventral_nerve_cord
AN06A060,NA,06A,ventral_nerve_cord
IN06A104,NA,06A,ventral_nerve_cord
IN06A005,NA,06A,ventral_nerve_cord
IN06A085,NA,06A,ventral_nerve_cord
AN06A018,NA,06A,ventral_nerve_cord
IN06A003,NA,06A,ventral_nerve_cord
IN06A021,NA,06A,ventral_nerve_cord
IN06A038,NA,06A,ventral_nerve_cord
IN06A124,NA,06A,ventral_nerve_cord
IN06A078,NA,06A,ventral_nerve_cord
IN06A052,NA,06A,ventral_nerve_cord
IN06A020,NA,06A,ventral_nerve_cord
IN06A114,NA,06A,ventral_nerve_cord
IN06A051,NA,06A,ventral_nerve_cord
IN06A138,NA,06A,ventral_nerve_cord
IN06A087,NA,06A,ventral_nerve_cord
IN06A053,NA,06A,ventral_nerve_cord
IN06A057,NA,06A,ventral_nerve_cord
IN06A121,NA,06A,ventral_nerve_cord
IN06A113,NA,06A,ventral_nerve_cord
MNad19,NA,06A,ventral_nerve_cord
AN06A112,NA,06A,ventral_nerve_cord
AN06A092,NA,06A,ventral_nerve_cord
AN06A095,NA,06A,ventral_nerve_cord
IN06A032,NA,06A,ventral_nerve_cord
IN06A018,NA,06A,ventral_nerve_cord
IN06A025,NA,06A,ventral_nerve_cord
IN06A111,NA,06A,ventral_nerve_cord
IN06A045,NA,06A,ventral_nerve_cord
IN06A086,NA,06A,ventral_nerve_cord
IN06A120,NA,06A,ventral_nerve_cord
IN06A125,NA,06A,ventral_nerve_cord
IN06A091,NA,06A,ventral_nerve_cord
IN06A009,NA,06A,ventral_nerve_cord
IN06A083,NA,06A,ventral_nerve_cord
IN06A123,NA,06A,ventral_nerve_cord
IN06A130,NA,06A,ventral_nerve_cord
AN06A030,NA,06A,ventral_nerve_cord
IN06A033,NA,06A,ventral_nerve_cord
IN06A069,NA,06A,ventral_nerve_cord
IN06A065,NA,06A,ventral_nerve_cord
IN06A131,NA,06A,ventral_nerve_cord
IN06A046,NA,06A,ventral_nerve_cord
IN06A049,NA,06A,ventral_nerve_cord
IN06A002,NA,06A,ventral_nerve_cord
IN06A070,NA,06A,ventral_nerve_cord
IN06A014,NA,06A,ventral_nerve_cord
AN06A010,NA,06A,ventral_nerve_cord
IN06A037,NA,06A,ventral_nerve_cord
IN06A115,NA,06A,ventral_nerve_cord
IN06A043,NA,06A,ventral_nerve_cord
IN06A118,NA,06A,ventral_nerve_cord
IN06A034,NA,06A,ventral_nerve_cord
ps1 MN,NA,06A,ventral_nerve_cord
IN06A056,NA,06A,ventral_nerve_cord
IN06A126,NA,06A,ventral_nerve_cord
IN06A137,NA,06A,ventral_nerve_cord
IN06A040,NA,06A,ventral_nerve_cord
IN06A011,NA,06A,ventral_nerve_cord
IN06A071,NA,06A,ventral_nerve_cord
IN06A039,NA,06A,ventral_nerve_cord
IN06A006,NA,06A,ventral_nerve_cord
AN06A015,NA,06A,ventral_nerve_cord
IN06A074,NA,06A,ventral_nerve_cord
IN06A107,NA,06A,ventral_nerve_cord
IN06A105,NA,06A,ventral_nerve_cord
AN06A027,NA,06A,ventral_nerve_cord
IN06A008,NA,06A,ventral_nerve_cord
IN06A016,NA,06A,ventral_nerve_cord
AN06A041,NA,06A,ventral_nerve_cord
IN06A047,NA,06A,ventral_nerve_cord
IN06A004,NA,06A,ventral_nerve_cord
IN06A089,NA,06A,ventral_nerve_cord
IN06A073,NA,06A,ventral_nerve_cord
IN06B073,NA,06B,ventral_nerve_cord
IN06B056,NA,06B,ventral_nerve_cord
IN06B063,NA,06B,ventral_nerve_cord
AN06B045,NA,06B,ventral_nerve_cord
AN06B039,NA,06B,ventral_nerve_cord
IN06B017,NA,06B,ventral_nerve_cord
AN06B014,NA,06B,ventral_nerve_cord
IN06B042,NA,06B,ventral_nerve_cord
AN06B005,NA,06B,ventral_nerve_cord
IN06B047,NA,06B,ventral_nerve_cord
IN06B059,NA,06B,ventral_nerve_cord
IN06B019,NA,06B,ventral_nerve_cord
IN06B029,NA,06B,ventral_nerve_cord
IN06B061,NA,06B,ventral_nerve_cord
IN06B069,NA,06B,ventral_nerve_cord
IN06B087,NA,06B,ventral_nerve_cord
IN06B077,NA,06B,ventral_nerve_cord
IN06B074,NA,06B,ventral_nerve_cord
IN06B025,NA,06B,ventral_nerve_cord
IN06B086,NA,06B,ventral_nerve_cord
IN06B085,NA,06B,ventral_nerve_cord
IN06B066,NA,06B,ventral_nerve_cord
AN06B048,NA,06B,ventral_nerve_cord
IN06B038,NA,06B,ventral_nerve_cord
IN06B050,NA,06B,ventral_nerve_cord
IN06B064,NA,06B,ventral_nerve_cord
IN06B083,NA,06B,ventral_nerve_cord
IN06B040,NA,06B,ventral_nerve_cord
AN06B034,NA,06B,ventral_nerve_cord
IN06B003,NA,06B,ventral_nerve_cord
AN06B004,NA,06B,ventral_nerve_cord
AN06B031,NA,06B,ventral_nerve_cord
AN06B015,NA,06B,ventral_nerve_cord
IN06B079,NA,06B,ventral_nerve_cord
IN06B080,NA,06B,ventral_nerve_cord
IN06B022,NA,06B,ventral_nerve_cord
IN06B078,NA,06B,ventral_nerve_cord
IN06B070,NA,06B,ventral_nerve_cord
EA06B010,NA,06B,ventral_nerve_cord
IN06B033,NA,06B,ventral_nerve_cord
AN06B037,NA,06B,ventral_nerve_cord
IN06B065,NA,06B,ventral_nerve_cord
vMS13,NA,06B,ventral_nerve_cord
AN06B046,NA,06B,ventral_nerve_cord
AN06B042,NA,06B,ventral_nerve_cord
IN06B084,NA,06B,ventral_nerve_cord
IN06B058,NA,06B,ventral_nerve_cord
AN06B068,NA,06B,ventral_nerve_cord
IN06B020,NA,06B,ventral_nerve_cord
IN06B018,NA,06B,ventral_nerve_cord
IN06B006,NA,06B,ventral_nerve_cord
IN06B071,NA,06B,ventral_nerve_cord
AN06B023,NA,06B,ventral_nerve_cord
IN06B012,NA,06B,ventral_nerve_cord
IN06B028,NA,06B,ventral_nerve_cord
IN06B062,NA,06B,ventral_nerve_cord
AN06B040,NA,06B,ventral_nerve_cord
AN06B007,NA,06B,ventral_nerve_cord
AN06B051,NA,06B,ventral_nerve_cord
IN06B035,NA,06B,ventral_nerve_cord
IN06B072,NA,06B,ventral_nerve_cord
AN06B044,NA,06B,ventral_nerve_cord
AN06B002,NA,06B,ventral_nerve_cord
IN06B067,NA,06B,ventral_nerve_cord
IN06B015,NA,06B,ventral_nerve_cord
IN06B076,NA,06B,ventral_nerve_cord
IN06B049,NA,06B,ventral_nerve_cord
IN06B060,NA,06B,ventral_nerve_cord
IN06B001,NA,06B,ventral_nerve_cord
IN06B024,NA,06B,ventral_nerve_cord
IN06B053,NA,06B,ventral_nerve_cord
IN06B030,NA,06B,ventral_nerve_cord
IN06B043,NA,06B,ventral_nerve_cord
IN06B082,NA,06B,ventral_nerve_cord
IN06B016,NA,06B,ventral_nerve_cord
IN06B008,NA,06B,ventral_nerve_cord
IN06B055,NA,06B,ventral_nerve_cord
IN06B021,NA,06B,ventral_nerve_cord
IN06B027,NA,06B,ventral_nerve_cord
IN06B052,NA,06B,ventral_nerve_cord
AN06B075,NA,06B,ventral_nerve_cord
IN06B013,NA,06B,ventral_nerve_cord
IN06B054,NA,06B,ventral_nerve_cord
AN06B025,NA,06B,ventral_nerve_cord
AN06B009,NA,06B,ventral_nerve_cord
IN06B032,NA,06B,ventral_nerve_cord
AN06B011,NA,06B,ventral_nerve_cord
AN06B057,NA,06B,ventral_nerve_cord
IN06B014,NA,06B,ventral_nerve_cord
IN06B081,NA,06B,ventral_nerve_cord
IN06B036,NA,06B,ventral_nerve_cord
AN06B026,NA,06B,ventral_nerve_cord
AN06B012,NA,06B,ventral_nerve_cord
IN07B061,NA,07B,ventral_nerve_cord
IN07B055,NA,07B,ventral_nerve_cord
IN07B068,NA,07B,ventral_nerve_cord
IN07B087,NA,07B,ventral_nerve_cord
AN07B004,NA,07B,ventral_nerve_cord
IN07B066,NA,07B,ventral_nerve_cord
IN07B047,NA,07B,ventral_nerve_cord
IN07B081,NA,07B,ventral_nerve_cord
IN07B084,NA,07B,ventral_nerve_cord
IN07B030,NA,07B,ventral_nerve_cord
IN07B086,NA,07B,ventral_nerve_cord
IN07B093,NA,07B,ventral_nerve_cord
IN07B079,NA,07B,ventral_nerve_cord
IN07B038,NA,07B,ventral_nerve_cord
IN07B048,NA,07B,ventral_nerve_cord
IN07B023,NA,07B,ventral_nerve_cord
IN07B094,NA,07B,ventral_nerve_cord
IN07B092,NA,07B,ventral_nerve_cord
IN07B054,NA,07B,ventral_nerve_cord
IN07B007,NA,07B,ventral_nerve_cord
IN07B073,NA,07B,ventral_nerve_cord
IN07B099,NA,07B,ventral_nerve_cord
IN07B098,NA,07B,ventral_nerve_cord
IN07B103,NA,07B,ventral_nerve_cord
AN07B056,NA,07B,ventral_nerve_cord
AN07B072,NA,07B,ventral_nerve_cord
AN07B050,NA,07B,ventral_nerve_cord
AN07B085,NA,07B,ventral_nerve_cord
AN07B076,NA,07B,ventral_nerve_cord
IN07B075,NA,07B,ventral_nerve_cord
IN07B096,NA,07B,ventral_nerve_cord
AN07B063,NA,07B,ventral_nerve_cord
IN07B028,NA,07B,ventral_nerve_cord
IN07B039,NA,07B,ventral_nerve_cord
IN07B083,NA,07B,ventral_nerve_cord
IN07B002,NA,07B,ventral_nerve_cord
IN07B074,NA,07B,ventral_nerve_cord
AN07B060,NA,07B,ventral_nerve_cord
AN07B069,NA,07B,ventral_nerve_cord
AN07B049,NA,07B,ventral_nerve_cord
AN07B071,NA,07B,ventral_nerve_cord
AN07B042,NA,07B,ventral_nerve_cord
AN07B078,NA,07B,ventral_nerve_cord
AN07B082,NA,07B,ventral_nerve_cord
IN07B100,NA,07B,ventral_nerve_cord
IN07B001,NA,07B,ventral_nerve_cord
AN07B025,NA,07B,ventral_nerve_cord
AN07B046,NA,07B,ventral_nerve_cord
IN07B006,NA,07B,ventral_nerve_cord
AN07B052,NA,07B,ventral_nerve_cord
AN07B070,NA,07B,ventral_nerve_cord
IN07B045,NA,07B,ventral_nerve_cord
IN07B033,NA,07B,ventral_nerve_cord
AN07B035,NA,07B,ventral_nerve_cord
IN07B090,NA,07B,ventral_nerve_cord
IN07B102,NA,07B,ventral_nerve_cord
AN07B095,NA,07B,ventral_nerve_cord
IN07B027,NA,07B,ventral_nerve_cord
IN07B031,NA,07B,ventral_nerve_cord
IN07B063,NA,07B,ventral_nerve_cord
IN07B044,NA,07B,ventral_nerve_cord
IN07B029,NA,07B,ventral_nerve_cord
IN07B065,NA,07B,ventral_nerve_cord
AN07B101,NA,07B,ventral_nerve_cord
IN07B022,NA,07B,ventral_nerve_cord
AN07B013,NA,07B,ventral_nerve_cord
AN07B005,NA,07B,ventral_nerve_cord
IN07B067,NA,07B,ventral_nerve_cord
AN07B021,NA,07B,ventral_nerve_cord
AN07B057,NA,07B,ventral_nerve_cord
AN07B089,NA,07B,ventral_nerve_cord
AN07B051,NA,07B,ventral_nerve_cord
IN07B016,NA,07B,ventral_nerve_cord
IN07B034,NA,07B,ventral_nerve_cord
IN07B020,NA,07B,ventral_nerve_cord
IN07B058,NA,07B,ventral_nerve_cord
IN07B076,NA,07B,ventral_nerve_cord
AN07B041,NA,07B,ventral_nerve_cord
AN07B036,NA,07B,ventral_nerve_cord
AN07B018,NA,07B,ventral_nerve_cord
IN07B012,NA,07B,ventral_nerve_cord
AN07B040,NA,07B,ventral_nerve_cord
IN07B008,NA,07B,ventral_nerve_cord
AN07B062,NA,07B,ventral_nerve_cord
IN07B009,NA,07B,ventral_nerve_cord
AN07B097,NA,07B,ventral_nerve_cord
IN07B064,NA,07B,ventral_nerve_cord
AN07B037,NA,07B,ventral_nerve_cord
IN07B104,NA,07B,ventral_nerve_cord
IN07B059,NA,07B,ventral_nerve_cord
IN07B019,NA,07B,ventral_nerve_cord
AN07B015,NA,07B,ventral_nerve_cord
AN07B091,NA,07B,ventral_nerve_cord
IN07B026,NA,07B,ventral_nerve_cord
IN07B077,NA,07B,ventral_nerve_cord
IN07B080,NA,07B,ventral_nerve_cord
IN07B010,NA,07B,ventral_nerve_cord
LBL40,NA,07B,ventral_nerve_cord
AN07B017,NA,07B,ventral_nerve_cord
AN07B011,NA,07B,ventral_nerve_cord
AN07B032,NA,07B,ventral_nerve_cord
IN07B032,NA,07B,ventral_nerve_cord
AN07B043,NA,07B,ventral_nerve_cord
IN07B053,NA,07B,ventral_nerve_cord
AN07B045,NA,07B,ventral_nerve_cord
IN07B013,NA,07B,ventral_nerve_cord
AN07B003,NA,07B,ventral_nerve_cord
IN07B014,NA,07B,ventral_nerve_cord
AN07B100,NA,07B,ventral_nerve_cord
AN07B088,NA,07B,ventral_nerve_cord
AN07B024,NA,07B,ventral_nerve_cord
IN07B051,NA,07B,ventral_nerve_cord
IN08A002,NA,08A,ventral_nerve_cord
IN08A005,NA,08A,ventral_nerve_cord
IN08A006,NA,08A,ventral_nerve_cord
IN08A007,NA,08A,ventral_nerve_cord
IN08A008,NA,08A,ventral_nerve_cord
IN08A017,NA,08A,ventral_nerve_cord
IN08A043,NA,08A,ventral_nerve_cord
IN08A024,NA,08A,ventral_nerve_cord
IN08A019,NA,08A,ventral_nerve_cord
IN08A044,NA,08A,ventral_nerve_cord
IN08A022,NA,08A,ventral_nerve_cord
IN08A045,NA,08A,ventral_nerve_cord
IN08A047,NA,08A,ventral_nerve_cord
IN08A048,NA,08A,ventral_nerve_cord
IN08A037,NA,08A,ventral_nerve_cord
IN08A031,NA,08A,ventral_nerve_cord
IN08A042,NA,08A,ventral_nerve_cord
IN08A049,NA,08A,ventral_nerve_cord
IN08A010,NA,08A,ventral_nerve_cord
IN08A041,NA,08A,ventral_nerve_cord
IN08A021,NA,08A,ventral_nerve_cord
IN08A036,NA,08A,ventral_nerve_cord
IN08A030,NA,08A,ventral_nerve_cord
IN08A034,NA,08A,ventral_nerve_cord
IN08A026,NA,08A,ventral_nerve_cord
IN08A025,NA,08A,ventral_nerve_cord
IN08A050,NA,08A,ventral_nerve_cord
IN08A012,NA,08A,ventral_nerve_cord
IN08A033,NA,08A,ventral_nerve_cord
IN08A027,NA,08A,ventral_nerve_cord
IN08A039,NA,08A,ventral_nerve_cord
IN08A046,NA,08A,ventral_nerve_cord
IN08A028,NA,08A,ventral_nerve_cord
IN08A035,NA,08A,ventral_nerve_cord
IN08A023,NA,08A,ventral_nerve_cord
IN08A032,NA,08A,ventral_nerve_cord
IN08A029,NA,08A,ventral_nerve_cord
IN08A040,NA,08A,ventral_nerve_cord
vMS11,NA,08A,ventral_nerve_cord
IN08A011,NA,08A,ventral_nerve_cord
Tergopleural/Pleural promotor MN,NA,08A,ventral_nerve_cord
IN08A016,NA,08A,ventral_nerve_cord
IN08A003,NA,08A,ventral_nerve_cord
hi1 MN,NA,08A,ventral_nerve_cord
MNwm36,NA,08A,ventral_nerve_cord
hDVM MN,NA,08A,ventral_nerve_cord
MNad28,NA,08A,ventral_nerve_cord
TTMn,NA,08A,ventral_nerve_cord
IN08A038,NA,08A,ventral_nerve_cord
ps2 MN,NA,08A,ventral_nerve_cord
AN08B113,NA,08B,ventral_nerve_cord
AN08B009,NA,08B,ventral_nerve_cord
AN08B098,NA,08B,ventral_nerve_cord
IN08B085,NA,08B,ventral_nerve_cord
AN08B106,NA,08B,ventral_nerve_cord
AN08B111,NA,08B,ventral_nerve_cord
AN08B034,NA,08B,ventral_nerve_cord
IN08B055,NA,08B,ventral_nerve_cord
IN08B063,NA,08B,ventral_nerve_cord
AN08B061,NA,08B,ventral_nerve_cord
IN08B073,NA,08B,ventral_nerve_cord
AN08B031,NA,08B,ventral_nerve_cord
AN08B043,NA,08B,ventral_nerve_cord
AN08B059,NA,08B,ventral_nerve_cord
AN08B018,NA,08B,ventral_nerve_cord
AN08B025,NA,08B,ventral_nerve_cord
AN08B071,NA,08B,ventral_nerve_cord
IN08B062,NA,08B,ventral_nerve_cord
IN08B077,NA,08B,ventral_nerve_cord
IN08B006,NA,08B,ventral_nerve_cord
IN08B068,NA,08B,ventral_nerve_cord
AN08B100,NA,08B,ventral_nerve_cord
AN08B012,NA,08B,ventral_nerve_cord
IN08B083,NA,08B,ventral_nerve_cord
AN08B007,NA,08B,ventral_nerve_cord
IN08B051,NA,08B,ventral_nerve_cord
AN08B049,NA,08B,ventral_nerve_cord
AN08B048,NA,08B,ventral_nerve_cord
AN08B079,NA,08B,ventral_nerve_cord
AN08B066,NA,08B,ventral_nerve_cord
IN08B019,NA,08B,ventral_nerve_cord
IN08B042,NA,08B,ventral_nerve_cord
IN08B021,NA,08B,ventral_nerve_cord
AN08B096,NA,08B,ventral_nerve_cord
dPR1,NA,08B,ventral_nerve_cord
IN08B030,NA,08B,ventral_nerve_cord
IN08B093,NA,08B,ventral_nerve_cord
IN08B088,NA,08B,ventral_nerve_cord
IN08B091,NA,08B,ventral_nerve_cord
IN08B004,NA,08B,ventral_nerve_cord
AN08B109,NA,08B,ventral_nerve_cord
AN08B022,NA,08B,ventral_nerve_cord
AN08B026,NA,08B,ventral_nerve_cord
AN08B099,NA,08B,ventral_nerve_cord
IN08B056,NA,08B,ventral_nerve_cord
IN08B070,NA,08B,ventral_nerve_cord
AN08B095,NA,08B,ventral_nerve_cord
AN08B081,NA,08B,ventral_nerve_cord
AN08B010,NA,08B,ventral_nerve_cord
AN08B097,NA,08B,ventral_nerve_cord
IN08B058,NA,08B,ventral_nerve_cord
IN08B076,NA,08B,ventral_nerve_cord
IN08B082,NA,08B,ventral_nerve_cord
AN08B023,NA,08B,ventral_nerve_cord
AN08B112,NA,08B,ventral_nerve_cord
AN08B016,NA,08B,ventral_nerve_cord
AN08B069,NA,08B,ventral_nerve_cord
AN08B047,NA,08B,ventral_nerve_cord
IN08B087,NA,08B,ventral_nerve_cord
AN08B050,NA,08B,ventral_nerve_cord
IN08B054,NA,08B,ventral_nerve_cord
IN08B072,NA,08B,ventral_nerve_cord
IN08B065,NA,08B,ventral_nerve_cord
IN08B092,NA,08B,ventral_nerve_cord
IN08B090,NA,08B,ventral_nerve_cord
IN08B008,NA,08B,ventral_nerve_cord
IN08B003,NA,08B,ventral_nerve_cord
AN08B041,NA,08B,ventral_nerve_cord
IN08B040,NA,08B,ventral_nerve_cord
IN08B037,NA,08B,ventral_nerve_cord
IN08B108,NA,08B,ventral_nerve_cord
IN08B078,NA,08B,ventral_nerve_cord
IN08B075,NA,08B,ventral_nerve_cord
IN08B044,NA,08B,ventral_nerve_cord
AN08B084,NA,08B,ventral_nerve_cord
AN08B101,NA,08B,ventral_nerve_cord
AN08B005,NA,08B,ventral_nerve_cord
AN08B014,NA,08B,ventral_nerve_cord
IN08B045,NA,08B,ventral_nerve_cord
AN08B032,NA,08B,ventral_nerve_cord
AN08B024,NA,08B,ventral_nerve_cord
AN08B057,NA,08B,ventral_nerve_cord
AN08B102,NA,08B,ventral_nerve_cord
IN08B038,NA,08B,ventral_nerve_cord
IN08B080,NA,08B,ventral_nerve_cord
IN08B067,NA,08B,ventral_nerve_cord
IN08B105,NA,08B,ventral_nerve_cord
AN08B013,NA,08B,ventral_nerve_cord
IN08B039,NA,08B,ventral_nerve_cord
IN08B064,NA,08B,ventral_nerve_cord
IN08B060,NA,08B,ventral_nerve_cord
AN08B015,NA,08B,ventral_nerve_cord
IN08B104,NA,08B,ventral_nerve_cord
AN08B103,NA,08B,ventral_nerve_cord
AN08B020,NA,08B,ventral_nerve_cord
AN08B027,NA,08B,ventral_nerve_cord
AN08B053,NA,08B,ventral_nerve_cord
AN08B074,NA,08B,ventral_nerve_cord
AN08B094,NA,08B,ventral_nerve_cord
AN08B089,NA,08B,ventral_nerve_cord
IN08B033,NA,08B,ventral_nerve_cord
IN08B046,NA,08B,ventral_nerve_cord
IN08B035,NA,08B,ventral_nerve_cord
IN08B036,NA,08B,ventral_nerve_cord
IN08B029,NA,08B,ventral_nerve_cord
AN08B107,NA,08B,ventral_nerve_cord
AN08B028,NA,08B,ventral_nerve_cord
IN08B017,NA,08B,ventral_nerve_cord
IN08B001,NA,08B,ventral_nerve_cord
IN08B052,NA,08B,ventral_nerve_cord
AN08B035,NA,08B,ventral_nerve_cord
AN08B086,NA,08B,ventral_nerve_cord
AN08B110,NA,08B,ventral_nerve_cord
IN09A003,NA,09A,ventral_nerve_cord
IN09A006,NA,09A,ventral_nerve_cord
IN09A010,NA,09A,ventral_nerve_cord
IN09A072,NA,09A,ventral_nerve_cord
IN09A021,NA,09A,ventral_nerve_cord
IN09A026,NA,09A,ventral_nerve_cord
IN09A033,NA,09A,ventral_nerve_cord
IN09A057,NA,09A,ventral_nerve_cord
IN09A046,NA,09A,ventral_nerve_cord
IN09A056,NA,09A,ventral_nerve_cord
IN09A031,NA,09A,ventral_nerve_cord
IN09A049,NA,09A,ventral_nerve_cord
IN09A088,NA,09A,ventral_nerve_cord
IN09A090,NA,09A,ventral_nerve_cord
IN09A034,NA,09A,ventral_nerve_cord
IN09A084,NA,09A,ventral_nerve_cord
IN09A047,NA,09A,ventral_nerve_cord
IN09A030,NA,09A,ventral_nerve_cord
IN09A014,NA,09A,ventral_nerve_cord
IN09A069,NA,09A,ventral_nerve_cord
IN09A071,NA,09A,ventral_nerve_cord
IN09A068,NA,09A,ventral_nerve_cord
IN09A085,NA,09A,ventral_nerve_cord
IN09A083,NA,09A,ventral_nerve_cord
IN09A096,NA,09A,ventral_nerve_cord
IN09A063,NA,09A,ventral_nerve_cord
IN09A080,NA,09A,ventral_nerve_cord
IN09A025,NA,09A,ventral_nerve_cord
IN09A037,NA,09A,ventral_nerve_cord
IN09A035,NA,09A,ventral_nerve_cord
IN09A048,NA,09A,ventral_nerve_cord
IN09A078,NA,09A,ventral_nerve_cord
IN09A092,NA,09A,ventral_nerve_cord
IN09A079,NA,09A,ventral_nerve_cord
IN09A089,NA,09A,ventral_nerve_cord
IN09A013,NA,09A,ventral_nerve_cord
IN09A074,NA,09A,ventral_nerve_cord
IN09A040,NA,09A,ventral_nerve_cord
IN09A052,NA,09A,ventral_nerve_cord
IN09A050,NA,09A,ventral_nerve_cord
IN09A073,NA,09A,ventral_nerve_cord
IN09A093,NA,09A,ventral_nerve_cord
IN09A027,NA,09A,ventral_nerve_cord
IN09A082,NA,09A,ventral_nerve_cord
IN09A061,NA,09A,ventral_nerve_cord
IN09A062,NA,09A,ventral_nerve_cord
IN09A022,NA,09A,ventral_nerve_cord
IN09A028,NA,09A,ventral_nerve_cord
IN09A086,NA,09A,ventral_nerve_cord
IN09A039,NA,09A,ventral_nerve_cord
IN09A058,NA,09A,ventral_nerve_cord
IN09A060,NA,09A,ventral_nerve_cord
IN09A051,NA,09A,ventral_nerve_cord
IN09A002,NA,09A,ventral_nerve_cord
IN09A087,NA,09A,ventral_nerve_cord
IN09A081,NA,09A,ventral_nerve_cord
IN09A066,NA,09A,ventral_nerve_cord
IN09A024,NA,09A,ventral_nerve_cord
IN09A038,NA,09A,ventral_nerve_cord
IN09A041,NA,09A,ventral_nerve_cord
IN09A067,NA,09A,ventral_nerve_cord
IN09A095,NA,09A,ventral_nerve_cord
IN09A001,NA,09A,ventral_nerve_cord
IN09A064,NA,09A,ventral_nerve_cord
IN09A042,NA,09A,ventral_nerve_cord
IN09A045,NA,09A,ventral_nerve_cord
IN09A054,NA,09A,ventral_nerve_cord
IN09A032,NA,09A,ventral_nerve_cord
IN09A055,NA,09A,ventral_nerve_cord
IN09A043,NA,09A,ventral_nerve_cord
IN09A018,NA,09A,ventral_nerve_cord
AN09A007,NA,09A,ventral_nerve_cord
IN09A059,NA,09A,ventral_nerve_cord
IN09A017,NA,09A,ventral_nerve_cord
IN09A016,NA,09A,ventral_nerve_cord
IN09A044,NA,09A,ventral_nerve_cord
IN09A065,NA,09A,ventral_nerve_cord
IN09A009,NA,09A,ventral_nerve_cord
AN09A005,NA,09A,ventral_nerve_cord
IN09A020,NA,09A,ventral_nerve_cord
IN09A091,NA,09A,ventral_nerve_cord
IN09A075,NA,09A,ventral_nerve_cord
IN09A019,NA,09A,ventral_nerve_cord
IN09A023,NA,09A,ventral_nerve_cord
IN09A076,NA,09A,ventral_nerve_cord
IN09A012,NA,09A,ventral_nerve_cord
IN09A007,NA,09A,ventral_nerve_cord
IN09A077,NA,09A,ventral_nerve_cord
IN09A070,NA,09A,ventral_nerve_cord
IN09A011,NA,09A,ventral_nerve_cord
IN09A015,NA,09A,ventral_nerve_cord
IN09A004,NA,09A,ventral_nerve_cord
IN09A029,NA,09A,ventral_nerve_cord
IN09A094,NA,09A,ventral_nerve_cord
IN09A053,NA,09A,ventral_nerve_cord
AN09B032,NA,09B,ventral_nerve_cord
IN09B056,NA,09B,ventral_nerve_cord
IN09B052,NA,09B,ventral_nerve_cord
IN09B043,NA,09B,ventral_nerve_cord
IN09B047,NA,09B,ventral_nerve_cord
IN09B057,NA,09B,ventral_nerve_cord
AN09B014,NA,09B,ventral_nerve_cord
IN09B005,NA,09B,ventral_nerve_cord
AN09B012,NA,09B,ventral_nerve_cord
AN09B044,NA,09B,ventral_nerve_cord
IN09B044,NA,09B,ventral_nerve_cord
IN09B049,NA,09B,ventral_nerve_cord
AN09B023,NA,09B,ventral_nerve_cord
AN09B003,NA,09B,ventral_nerve_cord
AN09B004,NA,09B,ventral_nerve_cord
AN09B006,NA,09B,ventral_nerve_cord
AN09B027,NA,09B,ventral_nerve_cord
AN09B009,NA,09B,ventral_nerve_cord
AN09B034,NA,09B,ventral_nerve_cord
AN09B030,NA,09B,ventral_nerve_cord
AN09B018,NA,09B,ventral_nerve_cord
AN09B040,NA,09B,ventral_nerve_cord
IN09B046,NA,09B,ventral_nerve_cord
AN09B033,NA,09B,ventral_nerve_cord
IN09B045,NA,09B,ventral_nerve_cord
AN09B037,NA,09B,ventral_nerve_cord
IN09B055,NA,09B,ventral_nerve_cord
IN09B058,NA,09B,ventral_nerve_cord
IN09B038,NA,09B,ventral_nerve_cord
IN09B018,NA,09B,ventral_nerve_cord
IN09B048,NA,09B,ventral_nerve_cord
AN09B019,NA,09B,ventral_nerve_cord
AN09B024,NA,09B,ventral_nerve_cord
AN09B011,NA,09B,ventral_nerve_cord
AN09B035,NA,09B,ventral_nerve_cord
IN09B050,NA,09B,ventral_nerve_cord
IN09B053,NA,09B,ventral_nerve_cord
AN09B020,NA,09B,ventral_nerve_cord
IN09B008,NA,09B,ventral_nerve_cord
IN09B006,NA,09B,ventral_nerve_cord
AN09B007,NA,09B,ventral_nerve_cord
AN09B029,NA,09B,ventral_nerve_cord
AN09B017,NA,09B,ventral_nerve_cord
IN09B054,NA,09B,ventral_nerve_cord
AN09B001,NA,09B,ventral_nerve_cord
AN09B031,NA,09B,ventral_nerve_cord
AN09B026,NA,09B,ventral_nerve_cord
AN09B013,NA,09B,ventral_nerve_cord
AN09B042,NA,09B,ventral_nerve_cord
AN09B028,NA,09B,ventral_nerve_cord
AN09B002,NA,09B,ventral_nerve_cord
IN09B022,NA,09B,ventral_nerve_cord
AN09B021,NA,09B,ventral_nerve_cord
IN09B014,NA,09B,ventral_nerve_cord
AN09B015,NA,09B,ventral_nerve_cord
AN09B016,NA,09B,ventral_nerve_cord
IN09B051,NA,09B,ventral_nerve_cord
AN09B036,NA,09B,ventral_nerve_cord
AN10B019,NA,10B,ventral_nerve_cord
IN10B042,NA,10B,ventral_nerve_cord
IN10B050,NA,10B,ventral_nerve_cord
AN10B022,NA,10B,ventral_nerve_cord
IN10B057,NA,10B,ventral_nerve_cord
AN10B051,NA,10B,ventral_nerve_cord
IN10B059,NA,10B,ventral_nerve_cord
IN10B031,NA,10B,ventral_nerve_cord
IN10B028,NA,10B,ventral_nerve_cord
AN10B024,NA,10B,ventral_nerve_cord
AN10B046,NA,10B,ventral_nerve_cord
IN10B023,NA,10B,ventral_nerve_cord
IN10B014,NA,10B,ventral_nerve_cord
AN10B034,NA,10B,ventral_nerve_cord
AN10B047,NA,10B,ventral_nerve_cord
AN10B035,NA,10B,ventral_nerve_cord
IN10B038,NA,10B,ventral_nerve_cord
AN10B037,NA,10B,ventral_nerve_cord
AN10B060,NA,10B,ventral_nerve_cord
AN10B053,NA,10B,ventral_nerve_cord
IN10B055,NA,10B,ventral_nerve_cord
IN10B052,NA,10B,ventral_nerve_cord
IN10B011,NA,10B,ventral_nerve_cord
IN10B058,NA,10B,ventral_nerve_cord
IN10B007,NA,10B,ventral_nerve_cord
AN10B020,NA,10B,ventral_nerve_cord
AN10B015,NA,10B,ventral_nerve_cord
AN10B045,NA,10B,ventral_nerve_cord
AN10B039,NA,10B,ventral_nerve_cord
IN10B033,NA,10B,ventral_nerve_cord
AN10B048,NA,10B,ventral_nerve_cord
IN10B044,NA,10B,ventral_nerve_cord
AN10B033,NA,10B,ventral_nerve_cord
IN10B032,NA,10B,ventral_nerve_cord
IN10B043,NA,10B,ventral_nerve_cord
AN10B029,NA,10B,ventral_nerve_cord
IN10B013,NA,10B,ventral_nerve_cord
IN10B040,NA,10B,ventral_nerve_cord
IN10B006,NA,10B,ventral_nerve_cord
IN10B041,NA,10B,ventral_nerve_cord
AN10B061,NA,10B,ventral_nerve_cord
IN10B054,NA,10B,ventral_nerve_cord
AN10B056,NA,10B,ventral_nerve_cord
AN10B049,NA,10B,ventral_nerve_cord
AN10B027,NA,10B,ventral_nerve_cord
IN10B034,NA,10B,ventral_nerve_cord
IN10B012,NA,10B,ventral_nerve_cord
IN10B025,NA,10B,ventral_nerve_cord
IN10B030,NA,10B,ventral_nerve_cord
AN10B018,NA,10B,ventral_nerve_cord
IN10B003,NA,10B,ventral_nerve_cord
IN10B001,NA,10B,ventral_nerve_cord
IN10B016,NA,10B,ventral_nerve_cord
IN10B004,NA,10B,ventral_nerve_cord
IN10B036,NA,10B,ventral_nerve_cord
AN10B031,NA,10B,ventral_nerve_cord
IN10B010,NA,10B,ventral_nerve_cord
IN10B061,NA,10B,ventral_nerve_cord
AN10B017,NA,10B,ventral_nerve_cord
IN10B002,NA,10B,ventral_nerve_cord
AN10B008,NA,10B,ventral_nerve_cord
AN10B026,NA,10B,ventral_nerve_cord
AN10B009,NA,10B,ventral_nerve_cord
AN10B005,NA,10B,ventral_nerve_cord
AN10B021,NA,10B,ventral_nerve_cord
IN11A021,NA,11A,ventral_nerve_cord
IN11A044,NA,11A,ventral_nerve_cord
IN11A030,NA,11A,ventral_nerve_cord
IN11A007,NA,11A,ventral_nerve_cord
IN11A024,NA,11A,ventral_nerve_cord
GFC4,NA,11A,ventral_nerve_cord
IN11A011,NA,11A,ventral_nerve_cord
IN11A020,NA,11A,ventral_nerve_cord
IN11A003,NA,11A,ventral_nerve_cord
IN11A013,NA,11A,ventral_nerve_cord
IN11A014,NA,11A,ventral_nerve_cord
IN11A041,NA,11A,ventral_nerve_cord
IN11A012,NA,11A,ventral_nerve_cord
IN11A043,NA,11A,ventral_nerve_cord
IN11A036,NA,11A,ventral_nerve_cord
IN11A018,NA,11A,ventral_nerve_cord
IN11A022,NA,11A,ventral_nerve_cord
IN11A025,NA,11A,ventral_nerve_cord
IN11A019,NA,11A,ventral_nerve_cord
IN11A016,NA,11A,ventral_nerve_cord
IN11A027,NA,11A,ventral_nerve_cord
IN11A010,NA,11A,ventral_nerve_cord
IN11A004,NA,11A,ventral_nerve_cord
IN11A002,NA,11A,ventral_nerve_cord
IN11A032,NA,11A,ventral_nerve_cord
IN11A042,NA,11A,ventral_nerve_cord
GFC3,NA,11A,ventral_nerve_cord
IN11A026,NA,11A,ventral_nerve_cord
IN11A001,NA,11A,ventral_nerve_cord
IN11A045,NA,11A,ventral_nerve_cord
IN11A005,NA,11A,ventral_nerve_cord
IN11A031,NA,11A,ventral_nerve_cord
IN11A040,NA,11A,ventral_nerve_cord
IN11A009,NA,11A,ventral_nerve_cord
IN11A008,NA,11A,ventral_nerve_cord
IN11A034,NA,11A,ventral_nerve_cord
IN11A037,NA,11A,ventral_nerve_cord
IN11A015,NA,11A,ventral_nerve_cord
IN11A023,NA,11A,ventral_nerve_cord
IN11A006,NA,11A,ventral_nerve_cord
IN11A017,NA,11A,ventral_nerve_cord
IN11A028,NA,11A,ventral_nerve_cord
IN11A035,NA,11A,ventral_nerve_cord
IN11A039,NA,11A,ventral_nerve_cord
IN11B017,NA,11B,ventral_nerve_cord
IN11B022,NA,11B,ventral_nerve_cord
IN11B002,NA,11B,ventral_nerve_cord
IN11B001,NA,11B,ventral_nerve_cord
IN11B004,NA,11B,ventral_nerve_cord
IN11B014,NA,11B,ventral_nerve_cord
IN11B009,NA,11B,ventral_nerve_cord
IN11B019,NA,11B,ventral_nerve_cord
IN11B023,NA,11B,ventral_nerve_cord
IN11B021,NA,11B,ventral_nerve_cord
IN11B018,NA,11B,ventral_nerve_cord
IN11B016,NA,11B,ventral_nerve_cord
IN11B015,NA,11B,ventral_nerve_cord
IN11B020,NA,11B,ventral_nerve_cord
IN11B013,NA,11B,ventral_nerve_cord
IN11B012,NA,11B,ventral_nerve_cord
AN11B008,NA,11B,ventral_nerve_cord
AN11B012,NA,11B,ventral_nerve_cord
IN11B005,NA,11B,ventral_nerve_cord
IN11B006,NA,11B,ventral_nerve_cord
IN11B011,NA,11B,ventral_nerve_cord
IN11B003,NA,11B,ventral_nerve_cord
IN12A039,NA,12A,ventral_nerve_cord
IN12A048,NA,12A,ventral_nerve_cord
IN12A027,NA,12A,ventral_nerve_cord
IN12A063,NA,12A,ventral_nerve_cord
IN12A052,NA,12A,ventral_nerve_cord
IN12A054,NA,12A,ventral_nerve_cord
IN12A055,NA,12A,ventral_nerve_cord
IN12A008,NA,12A,ventral_nerve_cord
vMS12,NA,12A,ventral_nerve_cord
IN12A056,NA,12A,ventral_nerve_cord
IN12A059,NA,12A,ventral_nerve_cord
IN12A041,NA,12A,ventral_nerve_cord
IN12A037,NA,12A,ventral_nerve_cord
IN12A011,NA,12A,ventral_nerve_cord
TN1c,NA,12A,ventral_nerve_cord
IN12A021,NA,12A,ventral_nerve_cord
IN12A030,NA,12A,ventral_nerve_cord
TN1a,NA,12A,ventral_nerve_cord
IN12A003,NA,12A,ventral_nerve_cord
IN12A034,NA,12A,ventral_nerve_cord
vPR6,NA,12A,ventral_nerve_cord
IN12A061,NA,12A,ventral_nerve_cord
IN12A006,NA,12A,ventral_nerve_cord
IN12A004,NA,12A,ventral_nerve_cord
IN12A019,NA,12A,ventral_nerve_cord
IN12A043,NA,12A,ventral_nerve_cord
IN12A001,NA,12A,ventral_nerve_cord
IN12A060,NA,12A,ventral_nerve_cord
IN12A053,NA,12A,ventral_nerve_cord
IN12A044,NA,12A,ventral_nerve_cord
IN12A064,NA,12A,ventral_nerve_cord
IN12A018,NA,12A,ventral_nerve_cord
IN12A035,NA,12A,ventral_nerve_cord
IN12A046,NA,12A,ventral_nerve_cord
IN12A009,NA,12A,ventral_nerve_cord
IN12A015,NA,12A,ventral_nerve_cord
IN12A026,NA,12A,ventral_nerve_cord
IN12A024,NA,12A,ventral_nerve_cord
IN12A062,NA,12A,ventral_nerve_cord
IN12A042,NA,12A,ventral_nerve_cord
IN12A047,NA,12A,ventral_nerve_cord
IN12A031,NA,12A,ventral_nerve_cord
IN12A036,NA,12A,ventral_nerve_cord
AN12A003,NA,12A,ventral_nerve_cord
IN12A016,NA,12A,ventral_nerve_cord
IN12A057,NA,12A,ventral_nerve_cord
IN12A010,NA,12A,ventral_nerve_cord
IN12A002,NA,12A,ventral_nerve_cord
IN12A005,NA,12A,ventral_nerve_cord
IN12A025,NA,12A,ventral_nerve_cord
IN12A029,NA,12A,ventral_nerve_cord
AN12A017,NA,12A,ventral_nerve_cord
IN12A012,NA,12A,ventral_nerve_cord
IN12A050,NA,12A,ventral_nerve_cord
IN12A058,NA,12A,ventral_nerve_cord
IN12A051,NA,12A,ventral_nerve_cord
IN12A013,NA,12A,ventral_nerve_cord
IN12A007,NA,12A,ventral_nerve_cord
IN12B030,NA,12B,ventral_nerve_cord
IN12B037,NA,12B,ventral_nerve_cord
IN12B036,NA,12B,ventral_nerve_cord
IN12B052,NA,12B,ventral_nerve_cord
IN12B065,NA,12B,ventral_nerve_cord
IN12B056,NA,12B,ventral_nerve_cord
IN12B023,NA,12B,ventral_nerve_cord
IN12B059,NA,12B,ventral_nerve_cord
IN12B077,NA,12B,ventral_nerve_cord
IN12B025,NA,12B,ventral_nerve_cord
IN12B033,NA,12B,ventral_nerve_cord
IN12B062,NA,12B,ventral_nerve_cord
IN12B034,NA,12B,ventral_nerve_cord
IN12B073,NA,12B,ventral_nerve_cord
IN12B058,NA,12B,ventral_nerve_cord
IN12B049,NA,12B,ventral_nerve_cord
IN12B043,NA,12B,ventral_nerve_cord
IN12B041,NA,12B,ventral_nerve_cord
IN12B053,NA,12B,ventral_nerve_cord
IN12B027,NA,12B,ventral_nerve_cord
IN12B031,NA,12B,ventral_nerve_cord
IN12B074,NA,12B,ventral_nerve_cord
IN12B018,NA,12B,ventral_nerve_cord
IN12B045,NA,12B,ventral_nerve_cord
IN12B063,NA,12B,ventral_nerve_cord
IN12B061,NA,12B,ventral_nerve_cord
IN12B066,NA,12B,ventral_nerve_cord
IN12B046,NA,12B,ventral_nerve_cord
IN12B088,NA,12B,ventral_nerve_cord
IN12B022,NA,12B,ventral_nerve_cord
IN12B026,NA,12B,ventral_nerve_cord
IN12B078,NA,12B,ventral_nerve_cord
IN12B012,NA,12B,ventral_nerve_cord
IN12B092,NA,12B,ventral_nerve_cord
IN12B039,NA,12B,ventral_nerve_cord
IN12B024,NA,12B,ventral_nerve_cord
IN12B040,NA,12B,ventral_nerve_cord
IN12B091,NA,12B,ventral_nerve_cord
IN12B007,NA,12B,ventral_nerve_cord
IN12B072,NA,12B,ventral_nerve_cord
IN12B035,NA,12B,ventral_nerve_cord
IN12B029,NA,12B,ventral_nerve_cord
IN12B038,NA,12B,ventral_nerve_cord
IN12B057,NA,12B,ventral_nerve_cord
IN12B048,NA,12B,ventral_nerve_cord
IN12B079,NA,12B,ventral_nerve_cord
IN12B087,NA,12B,ventral_nerve_cord
IN12B002,NA,12B,ventral_nerve_cord
IN12B075,NA,12B,ventral_nerve_cord
IN12B086,NA,12B,ventral_nerve_cord
IN12B028,NA,12B,ventral_nerve_cord
AN12B060,NA,12B,ventral_nerve_cord
IN12B083,NA,12B,ventral_nerve_cord
IN12B068,NA,12B,ventral_nerve_cord
IN12B081,NA,12B,ventral_nerve_cord
AN12B089,NA,12B,ventral_nerve_cord
AN12B005,NA,12B,ventral_nerve_cord
IN12B009,NA,12B,ventral_nerve_cord
IN12B082,NA,12B,ventral_nerve_cord
IN12B014,NA,12B,ventral_nerve_cord
IN12B069,NA,12B,ventral_nerve_cord
IN12B004,NA,12B,ventral_nerve_cord
IN12B020,NA,12B,ventral_nerve_cord
AN12B011,NA,12B,ventral_nerve_cord
IN12B042,NA,12B,ventral_nerve_cord
IN12B011,NA,12B,ventral_nerve_cord
IN12B005,NA,12B,ventral_nerve_cord
AN12B055,NA,12B,ventral_nerve_cord
AN12B008,NA,12B,ventral_nerve_cord
AN12B004,NA,12B,ventral_nerve_cord
AN12B080,NA,12B,ventral_nerve_cord
IN12B044,NA,12B,ventral_nerve_cord
IN12B070,NA,12B,ventral_nerve_cord
IN12B003,NA,12B,ventral_nerve_cord
IN12B071,NA,12B,ventral_nerve_cord
IN12B047,NA,12B,ventral_nerve_cord
AN12B017,NA,12B,ventral_nerve_cord
IN12B060,NA,12B,ventral_nerve_cord
IN12B015,NA,12B,ventral_nerve_cord
IN12B084,NA,12B,ventral_nerve_cord
IN12B064,NA,12B,ventral_nerve_cord
AN12B019,NA,12B,ventral_nerve_cord
IN12B054,NA,12B,ventral_nerve_cord
IN12B050,NA,12B,ventral_nerve_cord
IN12B010,NA,12B,ventral_nerve_cord
NA,NA,12B,ventral_nerve_cord
AN12B006,NA,12B,ventral_nerve_cord
IN12B032,NA,12B,ventral_nerve_cord
IN12B051,NA,12B,ventral_nerve_cord
IN12B085,NA,12B,ventral_nerve_cord
AN12B076,NA,12B,ventral_nerve_cord
AN12B001,NA,12B,ventral_nerve_cord
IN12B013,NA,12B,ventral_nerve_cord
IN12B016,NA,12B,ventral_nerve_cord
IN12B090,NA,12B,ventral_nerve_cord
IN12B021,NA,12B,ventral_nerve_cord
IN13A003,NA,13A,ventral_nerve_cord
IN13A015,NA,13A,ventral_nerve_cord
IN13A006,NA,13A,ventral_nerve_cord
IN13A001,NA,13A,ventral_nerve_cord
IN13A014,NA,13A,ventral_nerve_cord
IN13A012,NA,13A,ventral_nerve_cord
IN13A059,NA,13A,ventral_nerve_cord
IN13A029,NA,13A,ventral_nerve_cord
IN13A028,NA,13A,ventral_nerve_cord
IN13A040,NA,13A,ventral_nerve_cord
IN13A031,NA,13A,ventral_nerve_cord
IN13A038,NA,13A,ventral_nerve_cord
IN13A021,NA,13A,ventral_nerve_cord
IN13A045,NA,13A,ventral_nerve_cord
IN13A052,NA,13A,ventral_nerve_cord
IN13A042,NA,13A,ventral_nerve_cord
IN13A068,NA,13A,ventral_nerve_cord
IN13A054,NA,13A,ventral_nerve_cord
IN13A050,NA,13A,ventral_nerve_cord
IN13A053,NA,13A,ventral_nerve_cord
IN13A055,NA,13A,ventral_nerve_cord
IN13A010,NA,13A,ventral_nerve_cord
IN13A046,NA,13A,ventral_nerve_cord
IN13A073,NA,13A,ventral_nerve_cord
NA,NA,13A,ventral_nerve_cord
IN13A069,NA,13A,ventral_nerve_cord
IN13A067,NA,13A,ventral_nerve_cord
IN13A019,NA,13A,ventral_nerve_cord
IN13A066,NA,13A,ventral_nerve_cord
IN13A002,NA,13A,ventral_nerve_cord
IN13A009,NA,13A,ventral_nerve_cord
IN13A037,NA,13A,ventral_nerve_cord
IN13A051,NA,13A,ventral_nerve_cord
IN13A035,NA,13A,ventral_nerve_cord
IN13A047,NA,13A,ventral_nerve_cord
IN13A049,NA,13A,ventral_nerve_cord
IN13A041,NA,13A,ventral_nerve_cord
IN13A061,NA,13A,ventral_nerve_cord
IN13A060,NA,13A,ventral_nerve_cord
IN13A058,NA,13A,ventral_nerve_cord
IN13A056,NA,13A,ventral_nerve_cord
IN13A043,NA,13A,ventral_nerve_cord
IN13A071,NA,13A,ventral_nerve_cord
IN13A063,NA,13A,ventral_nerve_cord
IN13A070,NA,13A,ventral_nerve_cord
IN13A005,NA,13A,ventral_nerve_cord
IN13A018,NA,13A,ventral_nerve_cord
IN13A030,NA,13A,ventral_nerve_cord
IN13A023,NA,13A,ventral_nerve_cord
IN13A025,NA,13A,ventral_nerve_cord
IN13A034,NA,13A,ventral_nerve_cord
IN13A024,NA,13A,ventral_nerve_cord
IN13A036,NA,13A,ventral_nerve_cord
IN13A062,NA,13A,ventral_nerve_cord
IN13A039,NA,13A,ventral_nerve_cord
IN13A057,NA,13A,ventral_nerve_cord
IN13A044,NA,13A,ventral_nerve_cord
IN13A064,NA,13A,ventral_nerve_cord
IN13A065,NA,13A,ventral_nerve_cord
IN13A072,NA,13A,ventral_nerve_cord
IN13A008,NA,13A,ventral_nerve_cord
IN13A020,NA,13A,ventral_nerve_cord
IN13A007,NA,13A,ventral_nerve_cord
IN13A033,NA,13A,ventral_nerve_cord
IN13A032,NA,13A,ventral_nerve_cord
IN13A017,NA,13A,ventral_nerve_cord
IN13A013,NA,13A,ventral_nerve_cord
IN13A022,NA,13A,ventral_nerve_cord
IN13A027,NA,13A,ventral_nerve_cord
IN13A026,NA,13A,ventral_nerve_cord
IN13A004,NA,13A,ventral_nerve_cord
IN13A011,NA,13A,ventral_nerve_cord
IN13B001,NA,13B,ventral_nerve_cord
IN13B010,NA,13B,ventral_nerve_cord
IN13B013,NA,13B,ventral_nerve_cord
IN13B012,NA,13B,ventral_nerve_cord
IN13B054,NA,13B,ventral_nerve_cord
IN13B017,NA,13B,ventral_nerve_cord
IN13B038,NA,13B,ventral_nerve_cord
IN13B023,NA,13B,ventral_nerve_cord
IN13B026,NA,13B,ventral_nerve_cord
IN13B029,NA,13B,ventral_nerve_cord
IN13B034,NA,13B,ventral_nerve_cord
IN13B032,NA,13B,ventral_nerve_cord
IN13B025,NA,13B,ventral_nerve_cord
IN13B036,NA,13B,ventral_nerve_cord
IN13B030,NA,13B,ventral_nerve_cord
IN13B046,NA,13B,ventral_nerve_cord
IN13B053,NA,13B,ventral_nerve_cord
IN13B057,NA,13B,ventral_nerve_cord
IN13B035,NA,13B,ventral_nerve_cord
IN13B056,NA,13B,ventral_nerve_cord
IN13B060,NA,13B,ventral_nerve_cord
IN13B044,NA,13B,ventral_nerve_cord
IN13B058,NA,13B,ventral_nerve_cord
IN13B070,NA,13B,ventral_nerve_cord
IN13B080,NA,13B,ventral_nerve_cord
IN13B090,NA,13B,ventral_nerve_cord
IN13B052,NA,13B,ventral_nerve_cord
IN13B089,NA,13B,ventral_nerve_cord
IN13B079,NA,13B,ventral_nerve_cord
IN13B099,NA,13B,ventral_nerve_cord
IN13B062,NA,13B,ventral_nerve_cord
IN13B082,NA,13B,ventral_nerve_cord
IN13B064,NA,13B,ventral_nerve_cord
IN13B077,NA,13B,ventral_nerve_cord
IN13B076,NA,13B,ventral_nerve_cord
IN13B078,NA,13B,ventral_nerve_cord
IN13B087,NA,13B,ventral_nerve_cord
IN13B088,NA,13B,ventral_nerve_cord
IN13B097,NA,13B,ventral_nerve_cord
IN13B041,NA,13B,ventral_nerve_cord
IN13B100,NA,13B,ventral_nerve_cord
IN13B037,NA,13B,ventral_nerve_cord
IN13B045,NA,13B,ventral_nerve_cord
IN13B031,NA,13B,ventral_nerve_cord
IN13B098,NA,13B,ventral_nerve_cord
IN13B074,NA,13B,ventral_nerve_cord
IN13B061,NA,13B,ventral_nerve_cord
IN13B048,NA,13B,ventral_nerve_cord
IN13B033,NA,13B,ventral_nerve_cord
IN13B018,NA,13B,ventral_nerve_cord
IN13B006,NA,13B,ventral_nerve_cord
IN13B040,NA,13B,ventral_nerve_cord
IN13B028,NA,13B,ventral_nerve_cord
IN13B027,NA,13B,ventral_nerve_cord
IN13B055,NA,13B,ventral_nerve_cord
IN13B065,NA,13B,ventral_nerve_cord
IN13B066,NA,13B,ventral_nerve_cord
IN13B068,NA,13B,ventral_nerve_cord
IN13B096,NA,13B,ventral_nerve_cord
IN13B069,NA,13B,ventral_nerve_cord
IN13B072,NA,13B,ventral_nerve_cord
IN13B093,NA,13B,ventral_nerve_cord
IN13B081,NA,13B,ventral_nerve_cord
IN13B075,NA,13B,ventral_nerve_cord
NA,NA,13B,ventral_nerve_cord
IN13B022,NA,13B,ventral_nerve_cord
IN13B059,NA,13B,ventral_nerve_cord
IN13B095,NA,13B,ventral_nerve_cord
IN13B004,NA,13B,ventral_nerve_cord
IN13B050,NA,13B,ventral_nerve_cord
IN13B063,NA,13B,ventral_nerve_cord
IN13B024,NA,13B,ventral_nerve_cord
IN13B039,NA,13B,ventral_nerve_cord
IN13B042,NA,13B,ventral_nerve_cord
IN13B067,NA,13B,ventral_nerve_cord
IN13B047,NA,13B,ventral_nerve_cord
IN13B051,NA,13B,ventral_nerve_cord
IN13B073,NA,13B,ventral_nerve_cord
IN13B049,NA,13B,ventral_nerve_cord
IN13B084,NA,13B,ventral_nerve_cord
IN13B094,NA,13B,ventral_nerve_cord
IN13B102,NA,13B,ventral_nerve_cord
IN13B071,NA,13B,ventral_nerve_cord
MNad07,NA,13B,ventral_nerve_cord
IN13B005,NA,13B,ventral_nerve_cord
IN13B014,NA,13B,ventral_nerve_cord
IN13B019,NA,13B,ventral_nerve_cord
IN13B085,NA,13B,ventral_nerve_cord
IN13B011,NA,13B,ventral_nerve_cord
IN13B101,NA,13B,ventral_nerve_cord
IN13B009,NA,13B,ventral_nerve_cord
IN13B020,NA,13B,ventral_nerve_cord
IN13B043,NA,13B,ventral_nerve_cord
IN13B021,NA,13B,ventral_nerve_cord
IN13B008,NA,13B,ventral_nerve_cord
AN13B002,NA,13B,ventral_nerve_cord
IN13B015,NA,13B,ventral_nerve_cord
IN13B007,NA,13B,ventral_nerve_cord
IN13B091,NA,13B,ventral_nerve_cord
IN14A002,NA,14A,ventral_nerve_cord
IN14A001,NA,14A,ventral_nerve_cord
IN14A005,NA,14A,ventral_nerve_cord
IN14A008,NA,14A,ventral_nerve_cord
IN14A010,NA,14A,ventral_nerve_cord
IN14A011,NA,14A,ventral_nerve_cord
IN14A009,NA,14A,ventral_nerve_cord
IN14A013,NA,14A,ventral_nerve_cord
IN14A015,NA,14A,ventral_nerve_cord
IN14A021,NA,14A,ventral_nerve_cord
IN14A018,NA,14A,ventral_nerve_cord
IN14A024,NA,14A,ventral_nerve_cord
IN14A028,NA,14A,ventral_nerve_cord
IN14A040,NA,14A,ventral_nerve_cord
IN14A051,NA,14A,ventral_nerve_cord
IN14A058,NA,14A,ventral_nerve_cord
IN14A045,NA,14A,ventral_nerve_cord
IN14A057,NA,14A,ventral_nerve_cord
IN14A056,NA,14A,ventral_nerve_cord
IN14A067,NA,14A,ventral_nerve_cord
IN14A053,NA,14A,ventral_nerve_cord
IN14A037,NA,14A,ventral_nerve_cord
IN14A077,NA,14A,ventral_nerve_cord
IN14A050,NA,14A,ventral_nerve_cord
IN14A097,NA,14A,ventral_nerve_cord
IN14A038,NA,14A,ventral_nerve_cord
IN14A072,NA,14A,ventral_nerve_cord
IN14A095,NA,14A,ventral_nerve_cord
IN14A084,NA,14A,ventral_nerve_cord
IN14A111,NA,14A,ventral_nerve_cord
IN14A083,NA,14A,ventral_nerve_cord
IN14A108,NA,14A,ventral_nerve_cord
IN14A052,NA,14A,ventral_nerve_cord
IN14A087,NA,14A,ventral_nerve_cord
IN14A060,NA,14A,ventral_nerve_cord
IN14A114,NA,14A,ventral_nerve_cord
IN14A098,NA,14A,ventral_nerve_cord
IN14A106,NA,14A,ventral_nerve_cord
IN14A121,NA,14A,ventral_nerve_cord
IN14A090,NA,14A,ventral_nerve_cord
IN14A076,NA,14A,ventral_nerve_cord
IN14A109,NA,14A,ventral_nerve_cord
IN14A104,NA,14A,ventral_nerve_cord
IN14A120,NA,14A,ventral_nerve_cord
IN14A124,NA,14A,ventral_nerve_cord
IN14A036,NA,14A,ventral_nerve_cord
IN14A110,NA,14A,ventral_nerve_cord
IN14A032,NA,14A,ventral_nerve_cord
IN14A062,NA,14A,ventral_nerve_cord
IN14A082,NA,14A,ventral_nerve_cord
IN14A074,NA,14A,ventral_nerve_cord
IN14A119,NA,14A,ventral_nerve_cord
IN14A004,NA,14A,ventral_nerve_cord
IN14A026,NA,14A,ventral_nerve_cord
IN14A068,NA,14A,ventral_nerve_cord
IN14A064,NA,14A,ventral_nerve_cord
IN14A033,NA,14A,ventral_nerve_cord
IN14A100,NA,14A,ventral_nerve_cord
IN14A048,NA,14A,ventral_nerve_cord
IN14A123,NA,14A,ventral_nerve_cord
IN14A096,NA,14A,ventral_nerve_cord
IN14A078,NA,14A,ventral_nerve_cord
IN14A017,NA,14A,ventral_nerve_cord
IN14A086,NA,14A,ventral_nerve_cord
IN14A102,NA,14A,ventral_nerve_cord
IN14A112,NA,14A,ventral_nerve_cord
IN14A113,NA,14A,ventral_nerve_cord
IN14A116,NA,14A,ventral_nerve_cord
IN14A115,NA,14A,ventral_nerve_cord
IN14A075,NA,14A,ventral_nerve_cord
IN14A103,NA,14A,ventral_nerve_cord
IN14A035,NA,14A,ventral_nerve_cord
IN14A071,NA,14A,ventral_nerve_cord
IN14A101,NA,14A,ventral_nerve_cord
IN14A081,NA,14A,ventral_nerve_cord
IN14A047,NA,14A,ventral_nerve_cord
IN14A039,NA,14A,ventral_nerve_cord
IN14A065,NA,14A,ventral_nerve_cord
IN14A014,NA,14A,ventral_nerve_cord
IN14A022,NA,14A,ventral_nerve_cord
IN14A034,NA,14A,ventral_nerve_cord
IN14A031,NA,14A,ventral_nerve_cord
IN14A054,NA,14A,ventral_nerve_cord
IN14A063,NA,14A,ventral_nerve_cord
IN14A088,NA,14A,ventral_nerve_cord
IN14A059,NA,14A,ventral_nerve_cord
IN14A085,NA,14A,ventral_nerve_cord
IN14A105,NA,14A,ventral_nerve_cord
IN14A079,NA,14A,ventral_nerve_cord
IN14A061,NA,14A,ventral_nerve_cord
IN14A094,NA,14A,ventral_nerve_cord
IN14A091,NA,14A,ventral_nerve_cord
IN14A118,NA,14A,ventral_nerve_cord
IN14A107,NA,14A,ventral_nerve_cord
IN14A117,NA,14A,ventral_nerve_cord
IN14A070,NA,14A,ventral_nerve_cord
IN14A007,NA,14A,ventral_nerve_cord
IN14A099,NA,14A,ventral_nerve_cord
IN14A043,NA,14A,ventral_nerve_cord
IN14A029,NA,14A,ventral_nerve_cord
IN14A027,NA,14A,ventral_nerve_cord
IN14A041,NA,14A,ventral_nerve_cord
IN14A055,NA,14A,ventral_nerve_cord
IN14A046,NA,14A,ventral_nerve_cord
IN14A069,NA,14A,ventral_nerve_cord
IN14A092,NA,14A,ventral_nerve_cord
IN14A089,NA,14A,ventral_nerve_cord
IN14A020,NA,14A,ventral_nerve_cord
IN14A025,NA,14A,ventral_nerve_cord
IN14A012,NA,14A,ventral_nerve_cord
IN14A122,NA,14A,ventral_nerve_cord
IN14A042,NA,14A,ventral_nerve_cord
IN14A080,NA,14A,ventral_nerve_cord
IN14A030,NA,14A,ventral_nerve_cord
IN14A023,NA,14A,ventral_nerve_cord
IN14A044,NA,14A,ventral_nerve_cord
AN14A003,NA,14A,ventral_nerve_cord
IN14A006,NA,14A,ventral_nerve_cord
IN14A093,NA,14A,ventral_nerve_cord
IN14A066,NA,14A,ventral_nerve_cord
IN14A016,NA,14A,ventral_nerve_cord
IN14B007,NA,14B,ventral_nerve_cord
IN14B006,NA,14B,ventral_nerve_cord
IN14B012,NA,14B,ventral_nerve_cord
AN14B012,NA,14B,ventral_nerve_cord
IN14B014,NA,14B,ventral_nerve_cord
IN14B004,NA,14B,ventral_nerve_cord
IN14B005,NA,14B,ventral_nerve_cord
IN14B009,NA,14B,ventral_nerve_cord
IN14B003,NA,14B,ventral_nerve_cord
IN14B010,NA,14B,ventral_nerve_cord
IN14B008,NA,14B,ventral_nerve_cord
IN14B013,NA,14B,ventral_nerve_cord
IN14B011,NA,14B,ventral_nerve_cord
IN14B002,NA,14B,ventral_nerve_cord
IN14B001,NA,14B,ventral_nerve_cord
Ti flexor MN,NA,15B,ventral_nerve_cord
Acc. ti flexor MN,NA,15B,ventral_nerve_cord
MNhl68,NA,15B,ventral_nerve_cord
ltm2-femur MN,NA,15B,ventral_nerve_cord
ltm MN,NA,15B,ventral_nerve_cord
MNhl65,NA,15B,ventral_nerve_cord
MNhl63,NA,15B,ventral_nerve_cord
MNhl73,NA,15B,ventral_nerve_cord
Ta depressor MN,NA,15B,ventral_nerve_cord
Ta levator MN,NA,15B,ventral_nerve_cord
MNml77,NA,15B,ventral_nerve_cord
MNml76,NA,15B,ventral_nerve_cord
MNml85,NA,15B,ventral_nerve_cord
MNml78,NA,15B,ventral_nerve_cord
MNml79,NA,15B,ventral_nerve_cord
MNhl67,NA,15B,ventral_nerve_cord
MNml80,NA,15B,ventral_nerve_cord
MNml82,NA,15B,ventral_nerve_cord
ltm1-tibia MN,NA,15B,ventral_nerve_cord
MNml83,NA,15B,ventral_nerve_cord
IN16B024,NA,16B,ventral_nerve_cord
IN16B032,NA,16B,ventral_nerve_cord
IN16B029,NA,16B,ventral_nerve_cord
IN16B036,NA,16B,ventral_nerve_cord
IN16B030,NA,16B,ventral_nerve_cord
IN16B053,NA,16B,ventral_nerve_cord
IN16B033,NA,16B,ventral_nerve_cord
IN16B040,NA,16B,ventral_nerve_cord
IN16B042,NA,16B,ventral_nerve_cord
IN16B039,NA,16B,ventral_nerve_cord
IN16B086,NA,16B,ventral_nerve_cord
IN16B045,NA,16B,ventral_nerve_cord
IN16B018,NA,16B,ventral_nerve_cord
IN16B052,NA,16B,ventral_nerve_cord
IN16B054,NA,16B,ventral_nerve_cord
IN16B085,NA,16B,ventral_nerve_cord
IN16B074,NA,16B,ventral_nerve_cord
IN16B082,NA,16B,ventral_nerve_cord
IN16B108,NA,16B,ventral_nerve_cord
IN16B097,NA,16B,ventral_nerve_cord
IN16B098,NA,16B,ventral_nerve_cord
IN16B105,NA,16B,ventral_nerve_cord
IN16B110,NA,16B,ventral_nerve_cord
IN16B118,NA,16B,ventral_nerve_cord
IN16B119,NA,16B,ventral_nerve_cord
IN16B041,NA,16B,ventral_nerve_cord
IN16B101,NA,16B,ventral_nerve_cord
IN16B120,NA,16B,ventral_nerve_cord
IN16B096,NA,16B,ventral_nerve_cord
IN16B022,NA,16B,ventral_nerve_cord
IN16B075,NA,16B,ventral_nerve_cord
IN16B076,NA,16B,ventral_nerve_cord
IN16B077,NA,16B,ventral_nerve_cord
IN16B083,NA,16B,ventral_nerve_cord
IN16B094,NA,16B,ventral_nerve_cord
IN16B115,NA,16B,ventral_nerve_cord
IN16B114,NA,16B,ventral_nerve_cord
IN16B102,NA,16B,ventral_nerve_cord
IN16B122,NA,16B,ventral_nerve_cord
IN16B121,NA,16B,ventral_nerve_cord
IN16B124,NA,16B,ventral_nerve_cord
IN16B091,NA,16B,ventral_nerve_cord
IN16B057,NA,16B,ventral_nerve_cord
IN16B061,NA,16B,ventral_nerve_cord
IN16B067,NA,16B,ventral_nerve_cord
IN16B088,NA,16B,ventral_nerve_cord
IN16B073,NA,16B,ventral_nerve_cord
IN16B125,NA,16B,ventral_nerve_cord
IN16B090,NA,16B,ventral_nerve_cord
IN16B113,NA,16B,ventral_nerve_cord
IN16B095,NA,16B,ventral_nerve_cord
IN16B049,NA,16B,ventral_nerve_cord
IN16B038,NA,16B,ventral_nerve_cord
IN16B080,NA,16B,ventral_nerve_cord
IN16B064,NA,16B,ventral_nerve_cord
IN16B123,NA,16B,ventral_nerve_cord
IN16B016,NA,16B,ventral_nerve_cord
IN16B037,NA,16B,ventral_nerve_cord
IN16B020,NA,16B,ventral_nerve_cord
IN16B055,NA,16B,ventral_nerve_cord
IN16B034,NA,16B,ventral_nerve_cord
IN16B070,NA,16B,ventral_nerve_cord
IN16B056,NA,16B,ventral_nerve_cord
IN16B058,NA,16B,ventral_nerve_cord
IN16B060,NA,16B,ventral_nerve_cord
AN16B078,NA,16B,ventral_nerve_cord
IN16B065,NA,16B,ventral_nerve_cord
IN16B084,NA,16B,ventral_nerve_cord
IN16B111,NA,16B,ventral_nerve_cord
DVMn 1a-c,NA,16B,ventral_nerve_cord
IN16B069,NA,16B,ventral_nerve_cord
hg3 MN,NA,16B,ventral_nerve_cord
MNhm42,NA,16B,ventral_nerve_cord
IN16B062,NA,16B,ventral_nerve_cord
IN16B079,NA,16B,ventral_nerve_cord
IN16B092,NA,16B,ventral_nerve_cord
IN16B089,NA,16B,ventral_nerve_cord
DProN6,NA,16B,ventral_nerve_cord
IN16B117,NA,16B,ventral_nerve_cord
IN16B106,NA,16B,ventral_nerve_cord
IN16B093,NA,16B,ventral_nerve_cord
MNhm43,NA,16B,ventral_nerve_cord
MNhm03,NA,16B,ventral_nerve_cord
b1 MN,NA,16B,ventral_nerve_cord
AN16B112,NA,16B,ventral_nerve_cord
IN16B068,NA,16B,ventral_nerve_cord
IN16B100,NA,16B,ventral_nerve_cord
AN16B116,NA,16B,ventral_nerve_cord
DProN8,NA,16B,ventral_nerve_cord
DProN1,NA,16B,ventral_nerve_cord
DProN7,NA,16B,ventral_nerve_cord
hg2 MN,NA,16B,ventral_nerve_cord
i2 MN,NA,16B,ventral_nerve_cord
IN16B066,NA,16B,ventral_nerve_cord
DProN5,NA,16B,ventral_nerve_cord
DProN2,NA,16B,ventral_nerve_cord
DProN4,NA,16B,ventral_nerve_cord
IN16B087,NA,16B,ventral_nerve_cord
hi2 MN,NA,16B,ventral_nerve_cord
IN16B099,NA,16B,ventral_nerve_cord
b3 MN,NA,16B,ventral_nerve_cord
tp1 MN,NA,16B,ventral_nerve_cord
IN16B050,NA,16B,ventral_nerve_cord
IN16B046,NA,16B,ventral_nerve_cord
DProN9,NA,16B,ventral_nerve_cord
tp2 MN,NA,16B,ventral_nerve_cord
i1 MN,NA,16B,ventral_nerve_cord
IN16B109,NA,16B,ventral_nerve_cord
IN16B104,NA,16B,ventral_nerve_cord
IN16B047,NA,16B,ventral_nerve_cord
IN16B051,NA,16B,ventral_nerve_cord
hg1 MN,NA,16B,ventral_nerve_cord
b2 MN,NA,16B,ventral_nerve_cord
IN16B059,NA,16B,ventral_nerve_cord
IN16B107,NA,16B,ventral_nerve_cord
IN16B103,NA,16B,ventral_nerve_cord
IN16B072,NA,16B,ventral_nerve_cord
IN16B071,NA,16B,ventral_nerve_cord
IN16B063,NA,16B,ventral_nerve_cord
hiii2 MN,NA,16B,ventral_nerve_cord
AN16B081,NA,16B,ventral_nerve_cord
IN16B014,NA,16B,ventral_nerve_cord
"DProN3a,DProN3b",NA,16B,ventral_nerve_cord
tpn MN,NA,16B,ventral_nerve_cord
IN16B048,NA,16B,ventral_nerve_cord
IN17A001,NA,17A,ventral_nerve_cord
IN17A025,NA,17A,ventral_nerve_cord
IN17A017,NA,17A,ventral_nerve_cord
IN17A007,NA,17A,ventral_nerve_cord
IN17A052,NA,17A,ventral_nerve_cord
IN17A058,NA,17A,ventral_nerve_cord
IN17A041,NA,17A,ventral_nerve_cord
IN17A061,NA,17A,ventral_nerve_cord
IN17A044,NA,17A,ventral_nerve_cord
IN17A079,NA,17A,ventral_nerve_cord
IN17A065,NA,17A,ventral_nerve_cord
IN17A022,NA,17A,ventral_nerve_cord
IN17A019,NA,17A,ventral_nerve_cord
IN17A016,NA,17A,ventral_nerve_cord
AN17A002,NA,17A,ventral_nerve_cord
IN17A105,NA,17A,ventral_nerve_cord
AN17A008,NA,17A,ventral_nerve_cord
AN17A024,NA,17A,ventral_nerve_cord
IN17A085,NA,17A,ventral_nerve_cord
IN17A098,NA,17A,ventral_nerve_cord
IN17A033,NA,17A,ventral_nerve_cord
dMS2,NA,17A,ventral_nerve_cord
IN17A055,NA,17A,ventral_nerve_cord
IN17A082,NA,17A,ventral_nerve_cord
IN17A093,NA,17A,ventral_nerve_cord
AN17A009,NA,17A,ventral_nerve_cord
IN17A028,NA,17A,ventral_nerve_cord
IN17A106,NA,17A,ventral_nerve_cord
IN17A088,NA,17A,ventral_nerve_cord
AN17A012,NA,17A,ventral_nerve_cord
IN17A119,NA,17A,ventral_nerve_cord
IN17A111,NA,17A,ventral_nerve_cord
IN17A039,NA,17A,ventral_nerve_cord
AN17A018,NA,17A,ventral_nerve_cord
AN17A015,NA,17A,ventral_nerve_cord
IN17A051,NA,17A,ventral_nerve_cord
IN17A075,NA,17A,ventral_nerve_cord
AN17A004,NA,17A,ventral_nerve_cord
IN17A063,NA,17A,ventral_nerve_cord
IN17A097,NA,17A,ventral_nerve_cord
AN17A068,NA,17A,ventral_nerve_cord
IN17A059,NA,17A,ventral_nerve_cord
IN17A057,NA,17A,ventral_nerve_cord
IN17A080,NA,17A,ventral_nerve_cord
IN17A116,NA,17A,ventral_nerve_cord
IN17A092,NA,17A,ventral_nerve_cord
IN17A067,NA,17A,ventral_nerve_cord
AN17A047,NA,17A,ventral_nerve_cord
AN17A014,NA,17A,ventral_nerve_cord
IN17A090,NA,17A,ventral_nerve_cord
IN17A023,NA,17A,ventral_nerve_cord
IN17A112,NA,17A,ventral_nerve_cord
IN17A064,NA,17A,ventral_nerve_cord
IN17A069,NA,17A,ventral_nerve_cord
IN17A078,NA,17A,ventral_nerve_cord
IN17A071,NA,17A,ventral_nerve_cord
IN17A035,NA,17A,ventral_nerve_cord
IN17A089,NA,17A,ventral_nerve_cord
IN17A053,NA,17A,ventral_nerve_cord
IN17A049,NA,17A,ventral_nerve_cord
IN17A060,NA,17A,ventral_nerve_cord
IN17A100,NA,17A,ventral_nerve_cord
IN17A037,NA,17A,ventral_nerve_cord
IN17A099,NA,17A,ventral_nerve_cord
AN17A013,NA,17A,ventral_nerve_cord
IN17A084,NA,17A,ventral_nerve_cord
IN17A083,NA,17A,ventral_nerve_cord
IN17A107,NA,17A,ventral_nerve_cord
IN17A034,NA,17A,ventral_nerve_cord
IN17A066,NA,17A,ventral_nerve_cord
IN17A030,NA,17A,ventral_nerve_cord
IN17A029,NA,17A,ventral_nerve_cord
IN17A027,NA,17A,ventral_nerve_cord
IN17A081,NA,17A,ventral_nerve_cord
IN17A113,NA,17A,ventral_nerve_cord
IN17A013,NA,17A,ventral_nerve_cord
IN17A118,NA,17A,ventral_nerve_cord
AN17A076,NA,17A,ventral_nerve_cord
IN17A020,NA,17A,ventral_nerve_cord
IN17A087,NA,17A,ventral_nerve_cord
IN17A032,NA,17A,ventral_nerve_cord
IN17A077,NA,17A,ventral_nerve_cord
IN17A095,NA,17A,ventral_nerve_cord
AN17A003,NA,17A,ventral_nerve_cord
IN17A102,NA,17A,ventral_nerve_cord
IN17A091,NA,17A,ventral_nerve_cord
IN17A103,NA,17A,ventral_nerve_cord
IN17A074,NA,17A,ventral_nerve_cord
IN17A046,NA,17A,ventral_nerve_cord
IN17A109,NA,17A,ventral_nerve_cord
IN17A114,NA,17A,ventral_nerve_cord
IN17A108,NA,17A,ventral_nerve_cord
IN17A086,NA,17A,ventral_nerve_cord
IN17A096,NA,17A,ventral_nerve_cord
AN17A062,NA,17A,ventral_nerve_cord
AN17A073,NA,17A,ventral_nerve_cord
IN17A094,NA,17A,ventral_nerve_cord
AN17A026,NA,17A,ventral_nerve_cord
IN17A056,NA,17A,ventral_nerve_cord
IN17A101,NA,17A,ventral_nerve_cord
IN17A048,NA,17A,ventral_nerve_cord
IN17A072,NA,17A,ventral_nerve_cord
AN17A031,NA,17A,ventral_nerve_cord
IN17A040,NA,17A,ventral_nerve_cord
IN17A042,NA,17A,ventral_nerve_cord
IN17A045,NA,17A,ventral_nerve_cord
IN17A011,NA,17A,ventral_nerve_cord
IN17A043,NA,17A,ventral_nerve_cord
IN17A110,NA,17A,ventral_nerve_cord
IN17A115,NA,17A,ventral_nerve_cord
AN17A050,NA,17A,ventral_nerve_cord
IN17A120,NA,17A,ventral_nerve_cord
IN17A117,NA,17A,ventral_nerve_cord
IN17A104,NA,17A,ventral_nerve_cord
IN17B001,NA,17B,ventral_nerve_cord
AN17B008,NA,17B,ventral_nerve_cord
AN17B005,NA,17B,ventral_nerve_cord
AN17B013,NA,17B,ventral_nerve_cord
AN17B002,NA,17B,ventral_nerve_cord
AN17B007,NA,17B,ventral_nerve_cord
IN17B010,NA,17B,ventral_nerve_cord
AN17B012,NA,17B,ventral_nerve_cord
IN17B003,NA,17B,ventral_nerve_cord
IN17B004,NA,17B,ventral_nerve_cord
IN17B006,NA,17B,ventral_nerve_cord
AN17B011,NA,17B,ventral_nerve_cord
IN17B008,NA,17B,ventral_nerve_cord
IN17B015,NA,17B,ventral_nerve_cord
IN17B014,NA,17B,ventral_nerve_cord
AN17B016,NA,17B,ventral_nerve_cord
AN17B009,NA,17B,ventral_nerve_cord
Tergotr. MN,NA,17X,ventral_nerve_cord
Sternotrochanter MN,NA,17X,ventral_nerve_cord
IN18B033,NA,18B,ventral_nerve_cord
IN18B006,NA,18B,ventral_nerve_cord
IN18B020,NA,18B,ventral_nerve_cord
AN18B032,NA,18B,ventral_nerve_cord
IN18B008,NA,18B,ventral_nerve_cord
IN18B029,NA,18B,ventral_nerve_cord
IN18B021,NA,18B,ventral_nerve_cord
IN18B054,NA,18B,ventral_nerve_cord
IN18B027,NA,18B,ventral_nerve_cord
IN18B051,NA,18B,ventral_nerve_cord
IN18B017,NA,18B,ventral_nerve_cord
IN18B043,NA,18B,ventral_nerve_cord
IN18B050,NA,18B,ventral_nerve_cord
IN18B052,NA,18B,ventral_nerve_cord
IN18B016,NA,18B,ventral_nerve_cord
IN18B047,NA,18B,ventral_nerve_cord
IN18B048,NA,18B,ventral_nerve_cord
AN18B023,NA,18B,ventral_nerve_cord
GFC2,NA,18B,ventral_nerve_cord
AN18B020,NA,18B,ventral_nerve_cord
IN18B034,NA,18B,ventral_nerve_cord
AN18B002,NA,18B,ventral_nerve_cord
IN18B015,NA,18B,ventral_nerve_cord
IN18B036,NA,18B,ventral_nerve_cord
IN18B046,NA,18B,ventral_nerve_cord
IN18B056,NA,18B,ventral_nerve_cord
IN18B031,NA,18B,ventral_nerve_cord
IN18B037,NA,18B,ventral_nerve_cord
AN18B025,NA,18B,ventral_nerve_cord
IN18B011,NA,18B,ventral_nerve_cord
IN18B042,NA,18B,ventral_nerve_cord
AN18B053,NA,18B,ventral_nerve_cord
IN18B038,NA,18B,ventral_nerve_cord
IN18B012,NA,18B,ventral_nerve_cord
GFC1,NA,18B,ventral_nerve_cord
IN18B055,NA,18B,ventral_nerve_cord
AN18B001,NA,18B,ventral_nerve_cord
IN18B044,NA,18B,ventral_nerve_cord
IN18B045,NA,18B,ventral_nerve_cord
IN18B013,NA,18B,ventral_nerve_cord
IN18B028,NA,18B,ventral_nerve_cord
IN18B049,NA,18B,ventral_nerve_cord
IN18B035,NA,18B,ventral_nerve_cord
IN18B005,NA,18B,ventral_nerve_cord
IN18B032,NA,18B,ventral_nerve_cord
IN18B018,NA,18B,ventral_nerve_cord
AN18B004,NA,18B,ventral_nerve_cord
IN18B041,NA,18B,ventral_nerve_cord
AN18B019,NA,18B,ventral_nerve_cord
PSI,NA,18B,ventral_nerve_cord
AN18B022,NA,18B,ventral_nerve_cord
IN18B026,NA,18B,ventral_nerve_cord
IN18B039,NA,18B,ventral_nerve_cord
IN18B009,NA,18B,ventral_nerve_cord
IN18B014,NA,18B,ventral_nerve_cord
IN18B040,NA,18B,ventral_nerve_cord
AN18B003,NA,18B,ventral_nerve_cord
"DLMn a, b",NA,18X,ventral_nerve_cord
IN19A001,NA,19A,ventral_nerve_cord
IN19A007,NA,19A,ventral_nerve_cord
IN19A002,NA,19A,ventral_nerve_cord
IN19A020,NA,19A,ventral_nerve_cord
IN19A021,NA,19A,ventral_nerve_cord
IN19A016,NA,19A,ventral_nerve_cord
IN19A022,NA,19A,ventral_nerve_cord
IN19A033,NA,19A,ventral_nerve_cord
IN19A031,NA,19A,ventral_nerve_cord
IN19A055,NA,19A,ventral_nerve_cord
IN19A059,NA,19A,ventral_nerve_cord
IN19A046,NA,19A,ventral_nerve_cord
IN19A030,NA,19A,ventral_nerve_cord
IN19A044,NA,19A,ventral_nerve_cord
IN19A011,NA,19A,ventral_nerve_cord
IN19A037,NA,19A,ventral_nerve_cord
IN19A108,NA,19A,ventral_nerve_cord
IN19A060,NA,19A,ventral_nerve_cord
IN19A074,NA,19A,ventral_nerve_cord
IN19A093,NA,19A,ventral_nerve_cord
IN19A073,NA,19A,ventral_nerve_cord
IN19A100,NA,19A,ventral_nerve_cord
IN19A096,NA,19A,ventral_nerve_cord
IN19A084,NA,19A,ventral_nerve_cord
IN19A091,NA,19A,ventral_nerve_cord
IN19A110,NA,19A,ventral_nerve_cord
IN19A106,NA,19A,ventral_nerve_cord
IN19A117,NA,19A,ventral_nerve_cord
IN19A064,NA,19A,ventral_nerve_cord
IN19A138,NA,19A,ventral_nerve_cord
IN19A139,NA,19A,ventral_nerve_cord
IN19A114,NA,19A,ventral_nerve_cord
NA,NA,19A,ventral_nerve_cord
IN19A134,NA,19A,ventral_nerve_cord
IN19A104,NA,19A,ventral_nerve_cord
IN19A131,NA,19A,ventral_nerve_cord
IN19A029,NA,19A,ventral_nerve_cord
IN19A128,NA,19A,ventral_nerve_cord
IN19A061,NA,19A,ventral_nerve_cord
Tr extensor MN,NA,19A,ventral_nerve_cord
IN19A058,NA,19A,ventral_nerve_cord
IN19A125,NA,19A,ventral_nerve_cord
IN19A065,NA,19A,ventral_nerve_cord
IN19A112,NA,19A,ventral_nerve_cord
IN19A088,NA,19A,ventral_nerve_cord
IN19A102,NA,19A,ventral_nerve_cord
IN19A140,NA,19A,ventral_nerve_cord
IN19A133,NA,19A,ventral_nerve_cord
IN19A082,NA,19A,ventral_nerve_cord
IN19A132,NA,19A,ventral_nerve_cord
IN19A122,NA,19A,ventral_nerve_cord
IN19A124,NA,19A,ventral_nerve_cord
IN19A141,NA,19A,ventral_nerve_cord
IN19A081,NA,19A,ventral_nerve_cord
IN19A123,NA,19A,ventral_nerve_cord
IN19A005,NA,19A,ventral_nerve_cord
IN19A115,NA,19A,ventral_nerve_cord
IN19A120,NA,19A,ventral_nerve_cord
IN19A089,NA,19A,ventral_nerve_cord
IN19A119,NA,19A,ventral_nerve_cord
IN19A004,NA,19A,ventral_nerve_cord
IN19A079,NA,19A,ventral_nerve_cord
IN19A068,NA,19A,ventral_nerve_cord
IN19A048,NA,19A,ventral_nerve_cord
IN19A101,NA,19A,ventral_nerve_cord
IN19A113,NA,19A,ventral_nerve_cord
IN19A054,NA,19A,ventral_nerve_cord
IN19A127,NA,19A,ventral_nerve_cord
IN19A130,NA,19A,ventral_nerve_cord
IN19A135,NA,19A,ventral_nerve_cord
IN19A129,NA,19A,ventral_nerve_cord
IN19A116,NA,19A,ventral_nerve_cord
IN19A095,NA,19A,ventral_nerve_cord
IN19A099,NA,19A,ventral_nerve_cord
IN19A045,NA,19A,ventral_nerve_cord
IN19A070,NA,19A,ventral_nerve_cord
IN19A015,NA,19A,ventral_nerve_cord
IN19A027,NA,19A,ventral_nerve_cord
IN19A008,NA,19A,ventral_nerve_cord
IN19A076,NA,19A,ventral_nerve_cord
IN19A063,NA,19A,ventral_nerve_cord
IN19A090,NA,19A,ventral_nerve_cord
IN19A041,NA,19A,ventral_nerve_cord
IN19A032,NA,19A,ventral_nerve_cord
IN19A051,NA,19A,ventral_nerve_cord
IN19A062,NA,19A,ventral_nerve_cord
IN19A086,NA,19A,ventral_nerve_cord
IN19A071,NA,19A,ventral_nerve_cord
IN19A067,NA,19A,ventral_nerve_cord
IN19A098,NA,19A,ventral_nerve_cord
IN19A107,NA,19A,ventral_nerve_cord
IN19A121,NA,19A,ventral_nerve_cord
IN19A103,NA,19A,ventral_nerve_cord
IN19A013,NA,19A,ventral_nerve_cord
IN19A092,NA,19A,ventral_nerve_cord
IN19A072,NA,19A,ventral_nerve_cord
IN19A085,NA,19A,ventral_nerve_cord
IN19A094,NA,19A,ventral_nerve_cord
IN19A052,NA,19A,ventral_nerve_cord
IN19A137,NA,19A,ventral_nerve_cord
IN19A083,NA,19A,ventral_nerve_cord
IN19A069,NA,19A,ventral_nerve_cord
IN19A024,NA,19A,ventral_nerve_cord
IN19A043,NA,19A,ventral_nerve_cord
IN19A019,NA,19A,ventral_nerve_cord
IN19A003,NA,19A,ventral_nerve_cord
AN19A019,NA,19A,ventral_nerve_cord
IN19A014,NA,19A,ventral_nerve_cord
IN19A056,NA,19A,ventral_nerve_cord
IN19A034,NA,19A,ventral_nerve_cord
IN19A057,NA,19A,ventral_nerve_cord
IN19A009,NA,19A,ventral_nerve_cord
IN19A010,NA,19A,ventral_nerve_cord
AN19A018,NA,19A,ventral_nerve_cord
IN19A109,NA,19A,ventral_nerve_cord
AN19A038,NA,19A,ventral_nerve_cord
IN19A050,NA,19A,ventral_nerve_cord
IN19A006,NA,19A,ventral_nerve_cord
IN19A087,NA,19A,ventral_nerve_cord
IN19A012,NA,19A,ventral_nerve_cord
IN19A126,NA,19A,ventral_nerve_cord
IN19A042,NA,19A,ventral_nerve_cord
IN19A080,NA,19A,ventral_nerve_cord
IN19A111,NA,19A,ventral_nerve_cord
IN19A105,NA,19A,ventral_nerve_cord
IN19A118,NA,19A,ventral_nerve_cord
IN19A136,NA,19A,ventral_nerve_cord
IN19A036,NA,19A,ventral_nerve_cord
IN19A026,NA,19A,ventral_nerve_cord
IN19A049,NA,19A,ventral_nerve_cord
IN19A047,NA,19A,ventral_nerve_cord
IN19A040,NA,19A,ventral_nerve_cord
IN19A077,NA,19A,ventral_nerve_cord
IN19A017,NA,19A,ventral_nerve_cord
IN19A028,NA,19A,ventral_nerve_cord
IN19A142,NA,19A,ventral_nerve_cord
IN19A053,NA,19A,ventral_nerve_cord
IN19B050,NA,19B,ventral_nerve_cord
IN19B068,NA,19B,ventral_nerve_cord
IN19B078,NA,19B,ventral_nerve_cord
IN19B003,NA,19B,ventral_nerve_cord
IN19B021,NA,19B,ventral_nerve_cord
AN19B102,NA,19B,ventral_nerve_cord
AN19B098,NA,19B,ventral_nerve_cord
AN19B060,NA,19B,ventral_nerve_cord
AN19B079,NA,19B,ventral_nerve_cord
AN19B099,NA,19B,ventral_nerve_cord
AN19B063,NA,19B,ventral_nerve_cord
AN19B039,NA,19B,ventral_nerve_cord
IN19B056,NA,19B,ventral_nerve_cord
IN19B043,NA,19B,ventral_nerve_cord
IN19B073,NA,19B,ventral_nerve_cord
IN19B067,NA,19B,ventral_nerve_cord
IN19B077,NA,19B,ventral_nerve_cord
IN19B070,NA,19B,ventral_nerve_cord
IN19B088,NA,19B,ventral_nerve_cord
AN19B022,NA,19B,ventral_nerve_cord
AN19B051,NA,19B,ventral_nerve_cord
AN19B104,NA,19B,ventral_nerve_cord
AN19B028,NA,19B,ventral_nerve_cord
IN19B035,NA,19B,ventral_nerve_cord
IN19B080,NA,19B,ventral_nerve_cord
IN19B103,NA,19B,ventral_nerve_cord
AN19B046,NA,19B,ventral_nerve_cord
AN19B074,NA,19B,ventral_nerve_cord
AN19B076,NA,19B,ventral_nerve_cord
IN19B083,NA,19B,ventral_nerve_cord
IN19B012,NA,19B,ventral_nerve_cord
IN19B086,NA,19B,ventral_nerve_cord
AN19B024,NA,19B,ventral_nerve_cord
AN19B025,NA,19B,ventral_nerve_cord
IN19B002,NA,19B,ventral_nerve_cord
IN19B015,NA,19B,ventral_nerve_cord
IN19B027,NA,19B,ventral_nerve_cord
AN19B065,NA,19B,ventral_nerve_cord
IN19B005,NA,19B,ventral_nerve_cord
AN19B009,NA,19B,ventral_nerve_cord
IN19B081,NA,19B,ventral_nerve_cord
AN19B100,NA,19B,ventral_nerve_cord
IN19B052,NA,19B,ventral_nerve_cord
IN19B064,NA,19B,ventral_nerve_cord
IN19B090,NA,19B,ventral_nerve_cord
IN19B007,NA,19B,ventral_nerve_cord
AN19B019,NA,19B,ventral_nerve_cord
IN19B038,NA,19B,ventral_nerve_cord
IN19B082,NA,19B,ventral_nerve_cord
IN19B091,NA,19B,ventral_nerve_cord
IN19B089,NA,19B,ventral_nerve_cord
dMS5,NA,19B,ventral_nerve_cord
IN19B045,NA,19B,ventral_nerve_cord
IN19B057,NA,19B,ventral_nerve_cord
IN19B054,NA,19B,ventral_nerve_cord
AN19B036,NA,19B,ventral_nerve_cord
IN19B066,NA,19B,ventral_nerve_cord
AN19B032,NA,19B,ventral_nerve_cord
IN19B055,NA,19B,ventral_nerve_cord
IN19B058,NA,19B,ventral_nerve_cord
IN19B071,NA,19B,ventral_nerve_cord
IN19B092,NA,19B,ventral_nerve_cord
AN19B014,NA,19B,ventral_nerve_cord
IN19B094,NA,19B,ventral_nerve_cord
IN19B084,NA,19B,ventral_nerve_cord
IN19B037,NA,19B,ventral_nerve_cord
IN19B034,NA,19B,ventral_nerve_cord
IN19B085,NA,19B,ventral_nerve_cord
IN19B087,NA,19B,ventral_nerve_cord
IN19B016,NA,19B,ventral_nerve_cord
IN19B075,NA,19B,ventral_nerve_cord
AN19B106,NA,19B,ventral_nerve_cord
IN19B048,NA,19B,ventral_nerve_cord
AN19B049,NA,19B,ventral_nerve_cord
IN19B013,NA,19B,ventral_nerve_cord
IN19B097,NA,19B,ventral_nerve_cord
IN19B095,NA,19B,ventral_nerve_cord
AN19B061,NA,19B,ventral_nerve_cord
AN19B101,NA,19B,ventral_nerve_cord
AN19B093,NA,19B,ventral_nerve_cord
dMS9,NA,19B,ventral_nerve_cord
IN19B008,NA,19B,ventral_nerve_cord
AN19B001,NA,19B,ventral_nerve_cord
dMS10,NA,19B,ventral_nerve_cord
IN19B023,NA,19B,ventral_nerve_cord
AN19B059,NA,19B,ventral_nerve_cord
IN19B105,NA,19B,ventral_nerve_cord
IN19B029,NA,19B,ventral_nerve_cord
IN19B020,NA,19B,ventral_nerve_cord
IN19B062,NA,19B,ventral_nerve_cord
IN19B069,NA,19B,ventral_nerve_cord
AN19B010,NA,19B,ventral_nerve_cord
AN19B042,NA,19B,ventral_nerve_cord
IN19B004,NA,19B,ventral_nerve_cord
AN19B044,NA,19B,ventral_nerve_cord
IN19B040,NA,19B,ventral_nerve_cord
IN19B072,NA,19B,ventral_nerve_cord
IN19B030,NA,19B,ventral_nerve_cord
IN19B011,NA,19B,ventral_nerve_cord
IN19B031,NA,19B,ventral_nerve_cord
AN19B018,NA,19B,ventral_nerve_cord
IN19B047,NA,19B,ventral_nerve_cord
IN19B041,NA,19B,ventral_nerve_cord
IN19B096,NA,19B,ventral_nerve_cord
IN19B033,NA,19B,ventral_nerve_cord
AN19B017,NA,19B,ventral_nerve_cord
IN19B053,NA,19B,ventral_nerve_cord
AN19B015,NA,19B,ventral_nerve_cord
AN19B004,NA,19B,ventral_nerve_cord
IN20A.22A067,NA,20A.22A,ventral_nerve_cord
IN20A.22A047,NA,20A.22A,ventral_nerve_cord
IN20A.22A006,NA,20A.22A,ventral_nerve_cord
IN20A.22A004,NA,20A.22A,ventral_nerve_cord
IN20A.22A007,NA,20A.22A,ventral_nerve_cord
IN20A.22A039,NA,20A.22A,ventral_nerve_cord
IN20A.22A023,NA,20A.22A,ventral_nerve_cord
IN20A.22A021,NA,20A.22A,ventral_nerve_cord
IN20A.22A010,NA,20A.22A,ventral_nerve_cord
IN20A.22A044,NA,20A.22A,ventral_nerve_cord
IN20A.22A059,NA,20A.22A,ventral_nerve_cord
IN20A.22A073,NA,20A.22A,ventral_nerve_cord
IN20A.22A019,NA,20A.22A,ventral_nerve_cord
IN20A.22A024,NA,20A.22A,ventral_nerve_cord
IN20A.22A051,NA,20A.22A,ventral_nerve_cord
IN20A.22A054,NA,20A.22A,ventral_nerve_cord
IN20A.22A030,NA,20A.22A,ventral_nerve_cord
IN20A.22A027,NA,20A.22A,ventral_nerve_cord
IN20A.22A048,NA,20A.22A,ventral_nerve_cord
IN20A.22A060,NA,20A.22A,ventral_nerve_cord
IN20A.22A079,NA,20A.22A,ventral_nerve_cord
IN20A.22A028,NA,20A.22A,ventral_nerve_cord
IN20A.22A055,NA,20A.22A,ventral_nerve_cord
IN20A.22A064,NA,20A.22A,ventral_nerve_cord
IN20A.22A066,NA,20A.22A,ventral_nerve_cord
IN20A.22A061,NA,20A.22A,ventral_nerve_cord
IN20A.22A070,NA,20A.22A,ventral_nerve_cord
IN20A.22A037,NA,20A.22A,ventral_nerve_cord
IN20A.22A074,NA,20A.22A,ventral_nerve_cord
IN20A.22A005,NA,20A.22A,ventral_nerve_cord
IN20A.22A090,NA,20A.22A,ventral_nerve_cord
IN20A.22A086,NA,20A.22A,ventral_nerve_cord
IN20A.22A088,NA,20A.22A,ventral_nerve_cord
IN20A.22A091,NA,20A.22A,ventral_nerve_cord
IN20A.22A017,NA,20A.22A,ventral_nerve_cord
IN20A.22A041,NA,20A.22A,ventral_nerve_cord
IN20A.22A049,NA,20A.22A,ventral_nerve_cord
IN20A.22A081,NA,20A.22A,ventral_nerve_cord
IN20A.22A029,NA,20A.22A,ventral_nerve_cord
IN20A.22A009,NA,20A.22A,ventral_nerve_cord
IN20A.22A035,NA,20A.22A,ventral_nerve_cord
IN20A.22A018,NA,20A.22A,ventral_nerve_cord
IN20A.22A016,NA,20A.22A,ventral_nerve_cord
IN20A.22A038,NA,20A.22A,ventral_nerve_cord
IN20A.22A008,NA,20A.22A,ventral_nerve_cord
IN20A.22A052,NA,20A.22A,ventral_nerve_cord
IN20A.22A026,NA,20A.22A,ventral_nerve_cord
IN20A.22A069,NA,20A.22A,ventral_nerve_cord
IN20A.22A056,NA,20A.22A,ventral_nerve_cord
IN20A.22A025,NA,20A.22A,ventral_nerve_cord
IN20A.22A076,NA,20A.22A,ventral_nerve_cord
IN20A.22A042,NA,20A.22A,ventral_nerve_cord
IN20A.22A053,NA,20A.22A,ventral_nerve_cord
IN20A.22A032,NA,20A.22A,ventral_nerve_cord
IN20A.22A071,NA,20A.22A,ventral_nerve_cord
IN20A.22A040,NA,20A.22A,ventral_nerve_cord
IN20A.22A062,NA,20A.22A,ventral_nerve_cord
IN20A.22A089,NA,20A.22A,ventral_nerve_cord
IN20A.22A092,NA,20A.22A,ventral_nerve_cord
IN20A.22A085,NA,20A.22A,ventral_nerve_cord
IN20A.22A078,NA,20A.22A,ventral_nerve_cord
IN20A.22A082,NA,20A.22A,ventral_nerve_cord
IN20A.22A084,NA,20A.22A,ventral_nerve_cord
IN20A.22A063,NA,20A.22A,ventral_nerve_cord
IN20A.22A065,NA,20A.22A,ventral_nerve_cord
IN20A.22A058,NA,20A.22A,ventral_nerve_cord
IN20A.22A068,NA,20A.22A,ventral_nerve_cord
IN20A.22A033,NA,20A.22A,ventral_nerve_cord
IN20A.22A045,NA,20A.22A,ventral_nerve_cord
IN20A.22A050,NA,20A.22A,ventral_nerve_cord
IN20A.22A046,NA,20A.22A,ventral_nerve_cord
IN20A.22A043,NA,20A.22A,ventral_nerve_cord
IN20A.22A057,NA,20A.22A,ventral_nerve_cord
IN20A.22A087,NA,20A.22A,ventral_nerve_cord
IN20A.22A072,NA,20A.22A,ventral_nerve_cord
IN20A.22A077,NA,20A.22A,ventral_nerve_cord
IN20A.22A003,NA,20A.22A,ventral_nerve_cord
IN20A.22A036,NA,20A.22A,ventral_nerve_cord
IN20A.22A022,NA,20A.22A,ventral_nerve_cord
IN20A.22A011,NA,20A.22A,ventral_nerve_cord
IN20A.22A001,NA,20A.22A,ventral_nerve_cord
IN20A.22A080,NA,20A.22A,ventral_nerve_cord
IN20A.22A083,NA,20A.22A,ventral_nerve_cord
IN20A.22A034,NA,20A.22A,ventral_nerve_cord
IN20A.22A012,NA,20A.22A,ventral_nerve_cord
IN20A.22A002,NA,20A.22A,ventral_nerve_cord
IN20A.22A013,NA,20A.22A,ventral_nerve_cord
IN20A.22A015,NA,20A.22A,ventral_nerve_cord
Tr flexor MN,NA,20B.21B.22B,ventral_nerve_cord
Sternal posterior rotator MN,NA,20B.21B.22B,ventral_nerve_cord
IN21A047,NA,21A,ventral_nerve_cord
IN21A003,NA,21A,ventral_nerve_cord
IN21A006,NA,21A,ventral_nerve_cord
IN21A008,NA,21A,ventral_nerve_cord
IN21A017,NA,21A,ventral_nerve_cord
IN21A016,NA,21A,ventral_nerve_cord
IN21A014,NA,21A,ventral_nerve_cord
IN21A002,NA,21A,ventral_nerve_cord
IN21A019,NA,21A,ventral_nerve_cord
IN21A023,NA,21A,ventral_nerve_cord
IN21A044,NA,21A,ventral_nerve_cord
IN21A037,NA,21A,ventral_nerve_cord
IN21A038,NA,21A,ventral_nerve_cord
IN21A056,NA,21A,ventral_nerve_cord
IN21A015,NA,21A,ventral_nerve_cord
IN21A048,NA,21A,ventral_nerve_cord
IN21A009,NA,21A,ventral_nerve_cord
IN21A035,NA,21A,ventral_nerve_cord
IN21A061,NA,21A,ventral_nerve_cord
IN21A072,NA,21A,ventral_nerve_cord
IN21A066,NA,21A,ventral_nerve_cord
IN21A062,NA,21A,ventral_nerve_cord
IN21A107,NA,21A,ventral_nerve_cord
IN21A055,NA,21A,ventral_nerve_cord
IN21A087,NA,21A,ventral_nerve_cord
IN21A105,NA,21A,ventral_nerve_cord
IN21A053,NA,21A,ventral_nerve_cord
IN21A086,NA,21A,ventral_nerve_cord
IN21A078,NA,21A,ventral_nerve_cord
IN21A051,NA,21A,ventral_nerve_cord
IN21A010,NA,21A,ventral_nerve_cord
IN21A024,NA,21A,ventral_nerve_cord
IN21A101,NA,21A,ventral_nerve_cord
IN21A102,NA,21A,ventral_nerve_cord
IN21A005,NA,21A,ventral_nerve_cord
IN21A004,NA,21A,ventral_nerve_cord
IN21A094,NA,21A,ventral_nerve_cord
IN21A090,NA,21A,ventral_nerve_cord
IN21A070,NA,21A,ventral_nerve_cord
IN21A042,NA,21A,ventral_nerve_cord
IN21A079,NA,21A,ventral_nerve_cord
IN21A082,NA,21A,ventral_nerve_cord
NA,NA,21A,ventral_nerve_cord
IN21A109,NA,21A,ventral_nerve_cord
IN21A081,NA,21A,ventral_nerve_cord
IN21A115,NA,21A,ventral_nerve_cord
IN21A083,NA,21A,ventral_nerve_cord
IN21A114,NA,21A,ventral_nerve_cord
IN21A100,NA,21A,ventral_nerve_cord
IN21A068,NA,21A,ventral_nerve_cord
IN21A060,NA,21A,ventral_nerve_cord
IN21A113,NA,21A,ventral_nerve_cord
IN21A007,NA,21A,ventral_nerve_cord
IN21A013,NA,21A,ventral_nerve_cord
IN21A018,NA,21A,ventral_nerve_cord
IN21A036,NA,21A,ventral_nerve_cord
IN21A039,NA,21A,ventral_nerve_cord
IN21A049,NA,21A,ventral_nerve_cord
IN21A111,NA,21A,ventral_nerve_cord
IN21A075,NA,21A,ventral_nerve_cord
IN21A077,NA,21A,ventral_nerve_cord
IN21A085,NA,21A,ventral_nerve_cord
IN21A080,NA,21A,ventral_nerve_cord
IN21A112,NA,21A,ventral_nerve_cord
IN21A104,NA,21A,ventral_nerve_cord
IN21A074,NA,21A,ventral_nerve_cord
IN21A076,NA,21A,ventral_nerve_cord
IN21A022,NA,21A,ventral_nerve_cord
IN21A071,NA,21A,ventral_nerve_cord
IN21A093,NA,21A,ventral_nerve_cord
IN21A001,NA,21A,ventral_nerve_cord
IN21A012,NA,21A,ventral_nerve_cord
IN21A097,NA,21A,ventral_nerve_cord
IN21A059,NA,21A,ventral_nerve_cord
IN21A095,NA,21A,ventral_nerve_cord
IN21A028,NA,21A,ventral_nerve_cord
IN21A054,NA,21A,ventral_nerve_cord
IN21A092,NA,21A,ventral_nerve_cord
IN21A098,NA,21A,ventral_nerve_cord
IN21A073,NA,21A,ventral_nerve_cord
IN21A041,NA,21A,ventral_nerve_cord
IN21A011,NA,21A,ventral_nerve_cord
IN21A088,NA,21A,ventral_nerve_cord
IN21A030,NA,21A,ventral_nerve_cord
IN21A089,NA,21A,ventral_nerve_cord
IN21A057,NA,21A,ventral_nerve_cord
IN21A067,NA,21A,ventral_nerve_cord
IN21A063,NA,21A,ventral_nerve_cord
IN21A040,NA,21A,ventral_nerve_cord
IN21A103,NA,21A,ventral_nerve_cord
IN21A096,NA,21A,ventral_nerve_cord
IN21A020,NA,21A,ventral_nerve_cord
IN21A045,NA,21A,ventral_nerve_cord
IN21A091,NA,21A,ventral_nerve_cord
IN21A043,NA,21A,ventral_nerve_cord
IN21A031,NA,21A,ventral_nerve_cord
IN21A027,NA,21A,ventral_nerve_cord
IN21A026,NA,21A,ventral_nerve_cord
IN21A050,NA,21A,ventral_nerve_cord
IN21A058,NA,21A,ventral_nerve_cord
IN21A108,NA,21A,ventral_nerve_cord
IN21A021,NA,21A,ventral_nerve_cord
IN21A069,NA,21A,ventral_nerve_cord
IN21A065,NA,21A,ventral_nerve_cord
IN21A046,NA,21A,ventral_nerve_cord
IN21A033,NA,21A,ventral_nerve_cord
IN21A025,NA,21A,ventral_nerve_cord
IN21A099,NA,21A,ventral_nerve_cord
IN21A064,NA,21A,ventral_nerve_cord
IN21A084,NA,21A,ventral_nerve_cord
IN21A052,NA,21A,ventral_nerve_cord
IN21A029,NA,21A,ventral_nerve_cord
IN21A106,NA,21A,ventral_nerve_cord
IN21A032,NA,21A,ventral_nerve_cord
IN21A034,NA,21A,ventral_nerve_cord
EN21X001,NA,21X,ventral_nerve_cord
IN23B018,NA,23B,ventral_nerve_cord
IN23B094,NA,23B,ventral_nerve_cord
IN23B037,NA,23B,ventral_nerve_cord
NA,NA,23B,ventral_nerve_cord
IN23B023,NA,23B,ventral_nerve_cord
IN23B044,NA,23B,ventral_nerve_cord
IN23B054,NA,23B,ventral_nerve_cord
IN23B085,NA,23B,ventral_nerve_cord
IN23B028,NA,23B,ventral_nerve_cord
IN23B070,NA,23B,ventral_nerve_cord
IN23B083,NA,23B,ventral_nerve_cord
IN23B087,NA,23B,ventral_nerve_cord
IN23B009,NA,23B,ventral_nerve_cord
IN23B036,NA,23B,ventral_nerve_cord
IN23B041,NA,23B,ventral_nerve_cord
IN23B082,NA,23B,ventral_nerve_cord
IN23B043,NA,23B,ventral_nerve_cord
IN23B013,NA,23B,ventral_nerve_cord
IN23B057,NA,23B,ventral_nerve_cord
IN23B024,NA,23B,ventral_nerve_cord
IN23B059,NA,23B,ventral_nerve_cord
IN23B029,NA,23B,ventral_nerve_cord
AN23B010,NA,23B,ventral_nerve_cord
IN23B007,NA,23B,ventral_nerve_cord
IN23B033,NA,23B,ventral_nerve_cord
IN23B031,NA,23B,ventral_nerve_cord
IN23B048,NA,23B,ventral_nerve_cord
IN23B040,NA,23B,ventral_nerve_cord
IN23B008,NA,23B,ventral_nerve_cord
IN23B049,NA,23B,ventral_nerve_cord
IN23B046,NA,23B,ventral_nerve_cord
IN23B056,NA,23B,ventral_nerve_cord
IN23B084,NA,23B,ventral_nerve_cord
IN23B067,NA,23B,ventral_nerve_cord
AN23B003,NA,23B,ventral_nerve_cord
IN23B068,NA,23B,ventral_nerve_cord
IN23B021,NA,23B,ventral_nerve_cord
IN23B030,NA,23B,ventral_nerve_cord
IN23B006,NA,23B,ventral_nerve_cord
IN23B063,NA,23B,ventral_nerve_cord
IN23B064,NA,23B,ventral_nerve_cord
IN23B086,NA,23B,ventral_nerve_cord
IN23B034,NA,23B,ventral_nerve_cord
IN23B020,NA,23B,ventral_nerve_cord
IN23B058,NA,23B,ventral_nerve_cord
IN23B022,NA,23B,ventral_nerve_cord
IN23B066,NA,23B,ventral_nerve_cord
IN23B050,NA,23B,ventral_nerve_cord
IN23B032,NA,23B,ventral_nerve_cord
IN23B073,NA,23B,ventral_nerve_cord
IN23B005,NA,23B,ventral_nerve_cord
IN23B088,NA,23B,ventral_nerve_cord
IN23B035,NA,23B,ventral_nerve_cord
IN23B001,NA,23B,ventral_nerve_cord
IN23B081,NA,23B,ventral_nerve_cord
IN23B092,NA,23B,ventral_nerve_cord
IN23B061,NA,23B,ventral_nerve_cord
IN23B062,NA,23B,ventral_nerve_cord
IN23B047,NA,23B,ventral_nerve_cord
IN23B025,NA,23B,ventral_nerve_cord
IN23B014,NA,23B,ventral_nerve_cord
IN23B089,NA,23B,ventral_nerve_cord
IN23B065,NA,23B,ventral_nerve_cord
IN23B060,NA,23B,ventral_nerve_cord
IN23B072,NA,23B,ventral_nerve_cord
IN23B079,NA,23B,ventral_nerve_cord
AN23B026,NA,23B,ventral_nerve_cord
IN23B038,NA,23B,ventral_nerve_cord
IN23B091,NA,23B,ventral_nerve_cord
IN23B071,NA,23B,ventral_nerve_cord
IN23B051,NA,23B,ventral_nerve_cord
IN23B053,NA,23B,ventral_nerve_cord
IN23B052,NA,23B,ventral_nerve_cord
IN23B042,NA,23B,ventral_nerve_cord
IN23B055,NA,23B,ventral_nerve_cord
IN23B011,NA,23B,ventral_nerve_cord
IN23B078,NA,23B,ventral_nerve_cord
IN23B039,NA,23B,ventral_nerve_cord
IN23B075,NA,23B,ventral_nerve_cord
IN23B074,NA,23B,ventral_nerve_cord
AN23B004,NA,23B,ventral_nerve_cord
IN23B076,NA,23B,ventral_nerve_cord
IN23B045,NA,23B,ventral_nerve_cord
AN23B002,NA,23B,ventral_nerve_cord
AN23B001,NA,23B,ventral_nerve_cord
IN23B016,NA,23B,ventral_nerve_cord
IN23B017,NA,23B,ventral_nerve_cord
IN23B080,NA,23B,ventral_nerve_cord
IN23B090,NA,23B,ventral_nerve_cord
IN23B069,NA,23B,ventral_nerve_cord
IN23B077,NA,23B,ventral_nerve_cord
IN23B093,NA,23B,ventral_nerve_cord
IN23B027,NA,23B,ventral_nerve_cord
IN23B012,NA,23B,ventral_nerve_cord
Tr flexor MN,NA,24B.25B,ventral_nerve_cord
Fe reductor MN,NA,24B.25B,ventral_nerve_cord
MNhl29,NA,24B.25B,ventral_nerve_cord
MNml29,NA,24B.25B,ventral_nerve_cord
IN26X001,NA,26X,ventral_nerve_cord
IN26X002,NA,26X,ventral_nerve_cord
IN26X003,NA,26X,ventral_nerve_cord
AN26X004,NA,26X,ventral_nerve_cord
IN27X003,NA,27X,ventral_nerve_cord
IN27X002,NA,27X,ventral_nerve_cord
AN27X016,NA,27X,ventral_nerve_cord
AN27X011,NA,27X,ventral_nerve_cord
AN27X013,NA,27X,ventral_nerve_cord
AN27X018,NA,27X,ventral_nerve_cord
AN27X019,NA,27X,ventral_nerve_cord
vMS17,NA,27X,ventral_nerve_cord
AN27X015,NA,27X,ventral_nerve_cord
AN27X008,NA,27X,ventral_nerve_cord
EN27X010,NA,27X,ventral_nerve_cord
AN27X009,NA,27X,ventral_nerve_cord
IN27X007,NA,27X,ventral_nerve_cord
AN27X003,NA,27X,ventral_nerve_cord
EA27X006,NA,27X,ventral_nerve_cord
AN27X017,NA,27X,ventral_nerve_cord
AN27X004,NA,27X,ventral_nerve_cord
vMS16,NA,27X,ventral_nerve_cord
IN27X001,NA,27X,ventral_nerve_cord
IN27X014,NA,27X,ventral_nerve_cord
IN27X005,NA,27X,ventral_nerve_cord
IN27X004,NA,27X,ventral_nerve_cord
M_adPNm5,M_adPNm4,ALad1,central_brain
M_adPNm5,M_adPNm5,ALad1,central_brain
M_adPNm4,M_adPNm4,ALad1,central_brain
M_adPNm4,M_adPNm5,ALad1,central_brain
DC2_adPN,DC2_adPN,ALad1,central_brain
DC3_adPN,DC3_adPN,ALad1,central_brain
DC4_adPN,DC4_adPN,ALad1,central_brain
DL2d_adPN,DL2d_adPN,ALad1,central_brain
DL2v_adPN,DL2v_adPN,ALad1,central_brain
DM6_adPN,DM6_adPN,ALad1,central_brain
D_adPN,D_adPN,ALad1,central_brain
M_adPNm3,M_adPNm3,ALad1,central_brain
M_adPNm6,M_adPNm6,ALad1,central_brain
M_adPNm7,M_adPNm7,ALad1,central_brain
M_adPNm8,M_adPNm8,ALad1,central_brain
VA1d_adPN,VA1d_adPN,ALad1,central_brain
VA1v_adPN,VA1v_adPN,ALad1,central_brain
VA3_adPN,VA3_adPN,ALad1,central_brain
VC3_adPN,VC3l_adPN,ALad1,central_brain
VC4_adPN,VC4_adPN,ALad1,central_brain
VM2_adPN,VM2_adPN,ALad1,central_brain
VM5d_adPN,VM5d_adPN,ALad1,central_brain
VM5v_adPN,VM5v_adPN,ALad1,central_brain
VM7d_adPN,VM7d_adPN,ALad1,central_brain
VM7v_adPN,VM7v_adPN,ALad1,central_brain
VP2+_adPN,VP2+_adPN,ALad1,central_brain
VP2_adPN,VP2_adPN,ALad1,central_brain
VP5+Z_adPN,VP5+Z_adPN,ALad1,central_brain
DA4m_adPN,DA4m_adPN,ALad1,central_brain
DA3_adPN,DA3_adPN,ALad1__prim,central_brain
DA4l_adPN,DA4l_adPN,ALad1__prim,central_brain
DL1_adPN,DL1_adPN,ALad1__prim,central_brain
DL4_adPN,DL4_adPN,ALad1__prim,central_brain
DL5_adPN,DL5_adPN,ALad1__prim,central_brain
DM3_adPN,DM3_adPN,ALad1__prim,central_brain
DP1l_adPN,DP1l_adPN,ALad1__prim,central_brain
DP1m_adPN,DP1m_adPN,ALad1__prim,central_brain
VA2_adPN,VA2_adPN,ALad1__prim,central_brain
VA6_adPN,VA6_adPN,ALad1__prim,central_brain
VA7l_adPN,VA7l_adPN,ALad1__prim,central_brain
VL2a_adPN,VL2a_adPN,ALad1__prim,central_brain
VM3_adPN,VM3_adPN,ALad1__prim,central_brain
VM4_adPN,VM4_adPN,ALad1__prim,central_brain
VM6_adPN,VC5_adPN,ALad1__prim,central_brain
DC1_adPN,DC1_adPN,ALad1__prim,central_brain
DM4_adPN,DM4_adPN,ALad1__prim,central_brain
VL2p_adPN,VL2p_adPN,ALad1__prim,central_brain
CB1132,NA,ALl1_dorsal,central_brain
"CB1141,CB1285",NA,ALl1_dorsal,central_brain
CB2845,NA,ALl1_dorsal,central_brain
CB1473,NA,ALl1_dorsal,central_brain
CB1546,NA,ALl1_dorsal,central_brain
CB1686,NA,ALl1_dorsal,central_brain
CB1824,NA,ALl1_dorsal,central_brain
CB2471,NA,ALl1_dorsal,central_brain
CB2504,lLN14,ALl1_dorsal,central_brain
CB3007,NA,ALl1_dorsal,central_brain
CB2908,NA,ALl1_dorsal,central_brain
CB3202,NA,ALl1_dorsal,central_brain
CB3679,NA,ALl1_dorsal,central_brain
LN60a,NA,ALl1_dorsal,central_brain
LN60b,NA,ALl1_dorsal,central_brain
l2LN19,l2LN19,ALl1_dorsal,central_brain
l2LN20,l2LN20,ALl1_dorsal,central_brain
l2LN21,l2LN21,ALl1_dorsal,central_brain
l2LN22,l2LN22,ALl1_dorsal,central_brain
l2LN23,l2LN23,ALl1_dorsal,central_brain
lLN13,lLN13,ALl1_dorsal,central_brain
lLN1_a,lLN1_a,ALl1_dorsal,central_brain
lLN1_bc,lLN1_b,ALl1_dorsal,central_brain
lLN1_bc,lLN1_c,ALl1_dorsal,central_brain
lLN2F_a,lLN2F_a,ALl1_dorsal,central_brain
lLN2F_b,lLN2F_b,ALl1_dorsal,central_brain
lLN2P_a,lLN2P_a,ALl1_dorsal,central_brain
lLN2P_b,lLN2P_b,ALl1_dorsal,central_brain
lLN2P_c,lLN2P_c,ALl1_dorsal,central_brain
lLN2T_b,lLN2T_b,ALl1_dorsal,central_brain
lLN2T_c,lLN2T_c,ALl1_dorsal,central_brain
lLN2T_d,lLN2T_d,ALl1_dorsal,central_brain
lLN2T_e,lLN2T_e,ALl1_dorsal,central_brain
lLN2X02,NA,ALl1_dorsal,central_brain
lLN2X03,lLN2T_a,ALl1_dorsal,central_brain
lLN2X04,NA,ALl1_dorsal,central_brain
lLN2X05,lLN2T_a,ALl1_dorsal,central_brain
lLN2X06,lLN2R_a,ALl1_dorsal,central_brain
lLN2X07,lLN2R_a,ALl1_dorsal,central_brain
lLN2X09,NA,ALl1_dorsal,central_brain
lLN2X10,NA,ALl1_dorsal,central_brain
lLN2X11,NA,ALl1_dorsal,central_brain
lLN2X12,NA,ALl1_dorsal,central_brain
lLN8,lLN8,ALl1_dorsal,central_brain
"lLN9,lLN17a",lLN9,ALl1_dorsal,central_brain
lLN9,lLN9,ALl1_dorsal,central_brain
lLN10,lLN10,ALl1_dorsal,central_brain
CB4218,M_lPNm12,ALl1_ventral,central_brain
CB4218,M_lPNm13,ALl1_ventral,central_brain
CB4219,M_lPNm12,ALl1_ventral,central_brain
CB4219,M_lPNm13,ALl1_ventral,central_brain
ALl1_ventral__0,NA,ALl1_ventral,central_brain
CB0889,NA,ALl1_ventral,central_brain
CB1076,NA,ALl1_ventral,central_brain
CB1425,NA,ALl1_ventral,central_brain
CB1702,NA,ALl1_ventral,central_brain
CB1817a,NA,ALl1_ventral,central_brain
CB1817b,NA,ALl1_ventral,central_brain
CB2153,NA,ALl1_ventral,central_brain
CB2521,NA,ALl1_ventral,central_brain
CB2556,NA,ALl1_ventral,central_brain
CB2558,NA,ALl1_ventral,central_brain
CB2664,NA,ALl1_ventral,central_brain
CB2789,NA,ALl1_ventral,central_brain
CB3437,NA,ALl1_ventral,central_brain
CB3588,NA,ALl1_ventral,central_brain
CB3646,NA,ALl1_ventral,central_brain
CB3673,NA,ALl1_ventral,central_brain
CB3692,NA,ALl1_ventral,central_brain
CB3710,NA,ALl1_ventral,central_brain
CL112,CL112,ALl1_ventral,central_brain
CL113,CL113,ALl1_ventral,central_brain
DA1_lPN,DA1_lPN,ALl1_ventral,central_brain
DA2_lPN,DA2_lPN,ALl1_ventral,central_brain
DL3_lPN,DL3_lPN,ALl1_ventral,central_brain
DM2_lPN,DM2_lPN,ALl1_ventral,central_brain
DM5_lPN,DM5_lPN,ALl1_ventral,central_brain
M_l2PN10t19a,M_l2PN10t19,ALl1_ventral,central_brain
M_l2PN10t19b,M_l2PN10t19,ALl1_ventral,central_brain
M_l2PN3t18,M_l2PN3t18,ALl1_ventral,central_brain
M_l2PNl20,M_l2PNl20,ALl1_ventral,central_brain
M_l2PNl22,M_l2PNl22,ALl1_ventral,central_brain
M_l2PNl23,M_l2PNl23,ALl1_ventral,central_brain
M_l2PNm14,M_l2PNm14,ALl1_ventral,central_brain
M_l2PNm15,M_l2PNm15,ALl1_ventral,central_brain
M_l2PNm16,M_l2PNm16,ALl1_ventral,central_brain
M_l2PNm17,M_l2PNm17,ALl1_ventral,central_brain
M_lPNm11A,M_lPNm11A,ALl1_ventral,central_brain
M_lPNm11B,M_lPNm11B,ALl1_ventral,central_brain
M_lPNm11C,M_lPNm11C,ALl1_ventral,central_brain
M_lPNm11D,M_lPNm11D,ALl1_ventral,central_brain
SAD035,SAD035,ALl1_ventral,central_brain
SAD052,SAD052,ALl1_ventral,central_brain
SAD064,SAD064,ALl1_ventral,central_brain
SLP234,SLP234,ALl1_ventral,central_brain
SLP236,SLP236,ALl1_ventral,central_brain
SLP237,SLP237,ALl1_ventral,central_brain
SLP239,SLP239,ALl1_ventral,central_brain
VA4_lPN,VA4_lPN,ALl1_ventral,central_brain
VA5_lPN,VA5_lPN,ALl1_ventral,central_brain
VA7m_lPN,VA7m_lPN,ALl1_ventral,central_brain
VC2_lPN,VC2_lPN,ALl1_ventral,central_brain
VES014,VES014,ALl1_ventral,central_brain
VES025,VES025,ALl1_ventral,central_brain
VM1_lPN,VM1_lPN,ALl1_ventral,central_brain
VP1d+VP4_l2PN1,VP1d+VP4_l2PN1,ALl1_ventral,central_brain
VP1d+VP4_l2PN2,VP1d+VP4_l2PN2,ALl1_ventral,central_brain
VP2+VC5_l2PN,VP2+VC5_l2PN,ALl1_ventral,central_brain
VP2_l2PN,VP2_l2PN,ALl1_ventral,central_brain
VP3+_l2PN,VP3+_l2PN,ALl1_ventral,central_brain
VP4+VL1_l2PN,VP4+VL1_l2PN,ALl1_ventral,central_brain
"VP5+_l2PN,VP5+VP2_l2PN",VP5+_l2PN,ALl1_ventral,central_brain
"VP5+_l2PN,VP5+VP2_l2PN",VP5+VP2_l2PN,ALl1_ventral,central_brain
VP5+VP3_l2PN,VP5+_l2PN,ALl1_ventral,central_brain
VP5+VP3_l2PN,VP5+VP2_l2PN,ALl1_ventral,central_brain
V_l2PN,V_l2PN,ALl1_ventral,central_brain
WED072,WED072,ALl1_ventral,central_brain
DM1_lPN,DM1_lPN,ALl1_ventral,central_brain
M_l2PNl21,M_l2PNl21,ALl1_ventral,central_brain
SLP235,SLP235,ALl1_ventral,central_brain
VC1_lPN,VC1_lPN,ALl1_ventral,central_brain
VES012,VES012,ALl1_ventral,central_brain
VES013,VES013,ALl1_ventral,central_brain
VP1m_l2PN,VP1m_l2PN,ALl1_ventral,central_brain
VP5+VP3_l2PN,VP5+VP3_l2PN,ALl1_ventral,central_brain
CB1280,NA,ALl1_ventral,central_brain
CB1542,NA,ALl1_ventral,central_brain
CB3682,NA,ALl1_ventral,central_brain
SAD049,SAD049,ALl1_ventral,central_brain
SLP238,SLP238,ALl1_ventral,central_brain
CB1078,NA,ALl1_ventral,central_brain
CB3533,NA,ALl1_ventral,central_brain
CB3581,NA,ALl1_ventral,central_brain
CB3631,NA,ALl1_ventral,central_brain
SAD053,SAD053,ALl1_ventral,central_brain
AVLP445,AVLP445,ALl1_ventral,central_brain
CB2475,NA,ALl1_ventral,central_brain
CB2940,NA,ALl1_ventral,central_brain
CB1321,VP1m+VP2_lvPN1,ALlv1,central_brain
CB1321,VP1m+VP2_lvPN2,ALlv1,central_brain
CB1461,M_lvPNm30,ALlv1,central_brain
CB1461,M_lvPNm32,ALlv1,central_brain
CB1988,M_lvPNm33,ALlv1,central_brain
CB1988,M_lvPNm34,ALlv1,central_brain
CB2161,M_lvPNm30,ALlv1,central_brain
CB2161,M_lvPNm32,ALlv1,central_brain
CB2388,VP2+Z_lvPN,ALlv1,central_brain
CB2388,Z_lvPNm1,ALlv1,central_brain
CB3206,VP1m+VP2_lvPN1,ALlv1,central_brain
CB3206,VP1m+VP2_lvPN2,ALlv1,central_brain
CB3383,VC5_lvPN,ALlv1,central_brain
CB3383,M_lvPNm38,ALlv1,central_brain
CB3623,VP2+Z_lvPN,ALlv1,central_brain
CB3623,Z_lvPNm1,ALlv1,central_brain
VP1m+VP2_lvPN1,MZ_lvPN,ALlv1,central_brain
M_lvPNm24,M_lvPNm24,ALlv1,central_brain
M_lvPNm25,M_lvPNm25,ALlv1,central_brain
M_lvPNm26,M_lvPNm26,ALlv1,central_brain
M_lvPNm27,M_lvPNm27,ALlv1,central_brain
M_lvPNm28,M_lvPNm28,ALlv1,central_brain
M_lvPNm29,M_lvPNm29,ALlv1,central_brain
M_lvPNm31,M_lvPNm31,ALlv1,central_brain
M_lvPNm35,M_lvPNm35,ALlv1,central_brain
VP1l+_lvPN,M_lvPNm35,ALlv1,central_brain
M_lvPNm37,M_lvPNm37,ALlv1,central_brain
M_lvPNm35,M_lvPNm37,ALlv1,central_brain
M_lvPNm39,M_lvPNm39,ALlv1,central_brain
M_lvPNm40,M_lvPNm40,ALlv1,central_brain
M_lvPNm41,M_lvPNm41,ALlv1,central_brain
M_lvPNm42,M_lvPNm42,ALlv1,central_brain
M_lvPNm43,M_lvPNm43,ALlv1,central_brain
M_lvPNm44,M_lvPNm44,ALlv1,central_brain
M_lvPNm45,M_lvPNm45,ALlv1,central_brain
M_lvPNm46,M_lvPNm46,ALlv1,central_brain
M_lvPNm47,M_lvPNm47,ALlv1,central_brain
M_lvPNm48,M_lvPNm48,ALlv1,central_brain
SAD040,SAD040,ALlv1,central_brain
VC5_lvPN,VC3m_lvPN,ALlv1,central_brain
VM4_lvPN,VM4_lvPN,ALlv1,central_brain
VP1l+_lvPN,VP1l+_lvPN,ALlv1,central_brain
VP1m+_lvPN,VP1m+_lvPN,ALlv1,central_brain
CB2465,NA,ALlv1,central_brain
CB0591,NA,ALlv1,central_brain
CB1397,NA,ALlv1,central_brain
VES003,VES003,ALlv1,central_brain
SAD036,SAD036,ALlv1,central_brain
M_VPNml66,M_VPNml66,ALv1,central_brain
AVLP446,AVLP446,ALv1,central_brain
AVLP447,AVLP447,ALv1,central_brain
M_vPNml87,M_vPNml87,ALv1,central_brain
M_vPNml83,M_vPNml83,ALv1,central_brain
CB1296,M_vPNml85,ALv1,central_brain
CB1296,M_vPNml88,ALv1,central_brain
CB1296,M_vPNml89,ALv1,central_brain
CB1296,DM3_vPN,ALv1,central_brain
DM3_vPN,M_vPNml85,ALv1,central_brain
DM3_vPN,M_vPNml88,ALv1,central_brain
DM3_vPN,M_vPNml89,ALv1,central_brain
DM3_vPN,DM3_vPN,ALv1,central_brain
M_vPNml86,M_vPNml85,ALv1,central_brain
M_vPNml86,M_vPNml88,ALv1,central_brain
M_vPNml86,M_vPNml89,ALv1,central_brain
M_vPNml86,DM3_vPN,ALv1,central_brain
CB2004,M_vPNml56,ALv1,central_brain
CB2004,M_vPNml58,ALv1,central_brain
CB2372,M_vPNml76,ALv1,central_brain
CB3457,M_vPNml68,ALv1,central_brain
CB2561,NA,ALv1,central_brain
CB2589,M_vPNml85,ALv1,central_brain
CB2589,M_vPNml88,ALv1,central_brain
CB2589,M_vPNml89,ALv1,central_brain
CB2589,DM3_vPN,ALv1,central_brain
CB2703,NA,ALv1,central_brain
CB2711,NA,ALv1,central_brain
CB2589,M_vPNml78,ALv1,central_brain
CB2761,M_vPNml76,ALv1,central_brain
M_vPNml75,M_vPNml75,ALv1,central_brain
CB2772,NA,ALv1,central_brain
M_vPNml77,M_vPNml77,ALv1,central_brain
CB3228,NA,ALv1,central_brain
CB3447,M_vPNml61,ALv1,central_brain
CB3447,M_vPNml62,ALv1,central_brain
CB3457,NA,ALv1,central_brain
M_vPNml52,M_vPNml52,ALv1,central_brain
DA1_vPN,DA1_vPN,ALv1,central_brain
DC4_vPN,DC4_vPN,ALv1,central_brain
DL2d_vPN,DL2d_vPN,ALv1,central_brain
DM4_vPN,DM4_vPN,ALv1,central_brain
DP1l_vPN,DP1l_vPN,ALv1,central_brain
DP1m_vPN,DP1m_vPN,ALv1,central_brain
M_vPNml50,M_vPNml50,ALv1,central_brain
M_vPNml51,M_vPNml51,ALv1,central_brain
M_vPNml53,M_vPNml53,ALv1,central_brain
M_vPNml54,M_vPNml54,ALv1,central_brain
M_vPNml55,M_vPNml55,ALv1,central_brain
M_vPNml57,M_vPNml57,ALv1,central_brain
M_vPNml60,M_vPNml60,ALv1,central_brain
M_VPNml66,M_vPNml62,ALv1,central_brain
M_vPNml63,M_vPNml63,ALv1,central_brain
M_vPNml64,M_vPNml64,ALv1,central_brain
M_vPNml65,M_vPNml65,ALv1,central_brain
M_vPNml67,M_vPNml67,ALv1,central_brain
M_vPNml69,M_vPNml69,ALv1,central_brain
M_vPNml72,M_vPNml72,ALv1,central_brain
M_vPNml80,M_vPNml80,ALv1,central_brain
M_vPNml84,M_vPNml84,ALv1,central_brain
VA1v_vPN,VA1v_vPN,ALv1,central_brain
VL1_vPN,VL1_vPN,ALv1,central_brain
VL2a_vPN,VL2a_vPN,ALv1,central_brain
VL2p_vPN,VL2p_vPN,ALv1,central_brain
VP3+_vPN,VP3+_vPN,ALv1,central_brain
VP4+_vPN,VP4+_vPN,ALv1,central_brain
VP4_vPN,VP4_vPN,ALv1,central_brain
Z_vPNml1,Z_vPNml1,ALv1,central_brain
M_vPNml79,M_vPNml68,ALv1,central_brain
VA1d_vPN,VA1d_vPN,ALv1,central_brain
CL114,CL114,ALv1,central_brain
CB1013,NA,ALv2,central_brain
CB1048,NA,ALv2,central_brain
CB1266,NA,ALv2,central_brain
CB1545,NA,ALv2,central_brain
CB1668,NA,ALv2,central_brain
CB2527,NA,ALv2,central_brain
CB2569,NA,ALv2,central_brain
CB2571,NA,ALv2,central_brain
CB2661,NA,ALv2,central_brain
CB3417,NA,ALv2,central_brain
v2LN31,v2LN31,ALv2,central_brain
v2LN34E,v2LN34E,ALv2,central_brain
v2LN36,v2LN36,ALv2,central_brain
v2LN37,v2LN37,ALv2,central_brain
v2LN38,v2LN38,ALv2,central_brain
v2LN39a,NA,ALv2,central_brain
v2LN3A1_a,v2LN3A,ALv2,central_brain
v2LN3A1_b,v2LN3A,ALv2,central_brain
v2LN40_2,NA,ALv2,central_brain
v2LN41b,v2LN41,ALv2,central_brain
v2LN46b,v2LN46,ALv2,central_brain
v2LN47,v2LN47,ALv2,central_brain
v2LN49,v2LN49,ALv2,central_brain
v2LN5,v2LN5,ALv2,central_brain
v2LNX01,NA,ALv2,central_brain
vLN24,vLN24,ALv2,central_brain
vLN25,vLN25,ALv2,central_brain
vLN26,vLN26,ALv2,central_brain
vLN27,vLN27,ALv2,central_brain
"vLN28,vLN29",vLN28,ALv2,central_brain
"vLN28,vLN29",vLN29,ALv2,central_brain
ALv2__0,NA,ALv2,central_brain
CB1673,NA,ALv2,central_brain
CB1676,NA,ALv2,central_brain
CB2345,NA,ALv2,central_brain
CB3172,NA,ALv2,central_brain
CB3326,NA,ALv2,central_brain
CB3575,NA,ALv2,central_brain
CB3633,NA,ALv2,central_brain
v2LN30,v2LN30,ALv2,central_brain
v2LN32,v2LN32,ALv2,central_brain
v2LN33,v2LN33,ALv2,central_brain
v2LN4,v2LN4,ALv2,central_brain
v2LN41a,v2LN41,ALv2,central_brain
v2LN42a,v2LN42,ALv2,central_brain
v2LN42b,v2LN42,ALv2,central_brain
v2LN42c,v2LN42,ALv2,central_brain
v2LN46a,v2LN46,ALv2,central_brain
AOTU020,AOTU020,AOTUv1_medial,central_brain
AOTU021,AOTU021,AOTUv1_medial,central_brain
AOTU022,AOTU022,AOTUv1_medial,central_brain
AOTUv1A_T01,SMP148,AOTUv1_medial,central_brain
CB3379,NA,AOTUv1_medial,central_brain
CRE043,CRE043,AOTUv1_medial,central_brain
CRE044,CRE044,AOTUv1_medial,central_brain
"CRE045,CRE046",CRE045,AOTUv1_medial,central_brain
"CRE045,CRE046",CRE046,AOTUv1_medial,central_brain
LAL043a,LAL043,AOTUv1_medial,central_brain
SMP151,SMP151,AOTUv1_medial,central_brain
LAL043b,LAL043,AOTUv1_medial,central_brain
LAL043c,LAL043,AOTUv1_medial,central_brain
"(PS023,PS024)a",PS023,AOTUv1_ventral,central_brain
"(PS023,PS024)a",PS024,AOTUv1_ventral,central_brain
"(PS023,PS024)b",PS023,AOTUv1_ventral,central_brain
"(PS023,PS024)b",PS024,AOTUv1_ventral,central_brain
CB1854,PS033,AOTUv1_ventral,central_brain
CB1896,NA,AOTUv1_ventral,central_brain
LAL010,LAL010,AOTUv1_ventral,central_brain
LAL021,LAL021,AOTUv1_ventral,central_brain
PS013,PS013,AOTUv1_ventral,central_brain
PS018a,PS018,AOTUv1_ventral,central_brain
PS019,PS019,AOTUv1_ventral,central_brain
PS020,PS020,AOTUv1_ventral,central_brain
PS026,PS026,AOTUv1_ventral,central_brain
PS034,PS034,AOTUv1_ventral,central_brain
PS037,PS037,AOTUv1_ventral,central_brain
PS038a,PS038,AOTUv1_ventral,central_brain
WED002d,WED002,AOTUv1_ventral,central_brain
CB1014,PS033,AOTUv1_ventral,central_brain
CB1028,PS032,AOTUv1_ventral,central_brain
CB2033,NA,AOTUv1_ventral,central_brain
LAL020,LAL020,AOTUv1_ventral,central_brain
PS010,PS010,AOTUv1_ventral,central_brain
PS011,PS011,AOTUv1_ventral,central_brain
PS018b,PS018,AOTUv1_ventral,central_brain
PS021,PS021,AOTUv1_ventral,central_brain
PS022,PS022,AOTUv1_ventral,central_brain
PS025,PS025,AOTUv1_ventral,central_brain
PS029,PS029,AOTUv1_ventral,central_brain
PS030,PS030,AOTUv1_ventral,central_brain
PS038b,PS038,AOTUv1_ventral,central_brain
VES007,VES007,AOTUv1_ventral,central_brain
WED002a,WED002,AOTUv1_ventral,central_brain
WED002b,WED002,AOTUv1_ventral,central_brain
WED002c,WED002,AOTUv1_ventral,central_brain
WED002e,WED002,AOTUv1_ventral,central_brain
PS031,PS031,AOTUv1_ventral,central_brain
AOTU009,AOTU009,AOTUv2,central_brain
LHAV7a1a,LHAV7a1_a,AOTUv2,central_brain
LHAV7a1b,LHAV7a1_b,AOTUv2,central_brain
LHAV7a3,LHAV7a3,AOTUv2,central_brain
LHAV7a4a,LHAV7a4,AOTUv2,central_brain
LHAV7a4b,LHAV7a4,AOTUv2,central_brain
LHAV7a5,LHAV7a5,AOTUv2,central_brain
LHAV7a6,LHAV7a6,AOTUv2,central_brain
LHAV7a7,LHAV7a7,AOTUv2,central_brain
LT52,LT52,AOTUv2,optic_lobe
PLP008,PLP008,AOTUv2,central_brain
PLP009,PLP009,AOTUv2,central_brain
SMP037,SMP037,AOTUv2,central_brain
SMP038,SMP038,AOTUv2,central_brain
CL025,CL025,AOTUv2,central_brain
LHAV7a1c,LHAV7a1_b,AOTUv2,central_brain
SMP036,SMP036,AOTUv2,central_brain
AOTUv2__1,NA,AOTUv2,central_brain
LHAV7a2,LHAV7a2,AOTUv2,central_brain
AOTU007,AOTU007,AOTUv3_dorsal,central_brain
AOTU008a,AOTU008,AOTUv3_dorsal,central_brain
AOTU008b,AOTU008,AOTUv3_dorsal,central_brain
AOTU008c,AOTU008,AOTUv3_dorsal,central_brain
AOTU008d,AOTU008,AOTUv3_dorsal,central_brain
AOTU024,AOTU024,AOTUv3_dorsal,central_brain
AOTU025,AOTU025,AOTUv3_dorsal,central_brain
AOTU026,AOTU026,AOTUv3_dorsal,central_brain
AOTUv3B_M01,SMP013,AOTUv3_dorsal,central_brain
AOTUv3B_P01,AOTU006,AOTUv3_dorsal,central_brain
AOTUv3B_P02,AOTU005,AOTUv3_dorsal,central_brain
AOTUv3B_P06,SIP004,AOTUv3_dorsal,central_brain
SMP016_a,SMP016_a,AOTUv3_dorsal,central_brain
SMP016_b,SMP016,AOTUv3_dorsal,central_brain
SMP018,SMP016,AOTUv3_dorsal,central_brain
SMP016_a,SMP018,AOTUv3_dorsal,central_brain
SMP018,SMP018,AOTUv3_dorsal,central_brain
SMP019,SMP019,AOTUv3_dorsal,central_brain
SMP019,SMP020,AOTUv3_dorsal,central_brain
SMP020,SMP020,AOTUv3_dorsal,central_brain
SMP020,SMP021,AOTUv3_dorsal,central_brain
SMP021,SMP021,AOTUv3_dorsal,central_brain
TuBu01a,TuBu01,AOTUv3_dorsal,central_brain
TuBu06a,TuBu06,AOTUv3_dorsal,central_brain
TuBu06b,TuBu06,AOTUv3_dorsal,central_brain
TuBu07,TuBu07,AOTUv3_dorsal,central_brain
TuBu08,TuBu08,AOTUv3_dorsal,central_brain
"TuBu09,TuBu10",TuBu08,AOTUv3_dorsal,central_brain
"TuBu09,TuBu10",TuBu09,AOTUv3_dorsal,central_brain
"TuBu09,TuBu10",TuBu10,AOTUv3_dorsal,central_brain
AOTU027,AOTU027,AOTUv3_dorsal,central_brain
SMP017,SMP017,AOTUv3_dorsal,central_brain
SMP014,SMP014,AOTUv3_dorsal,central_brain
SMP015,SMP015,AOTUv3_dorsal,central_brain
NA,NA,AOTUv3_dorsal,central_brain
TuBu01b,TuBu01,AOTUv3_dorsal,central_brain
CB4014,NA,AOTUv3_dorsal,central_brain
SMP017,SMP016,AOTUv3_dorsal,central_brain
PS084,PS082,AOTUv3_ventral,central_brain
PS084,PS084,AOTUv3_ventral,central_brain
PS082,PS082,AOTUv3_ventral,central_brain
PS082,PS084,AOTUv3_ventral,central_brain
AOTU036,AOTU036,AOTUv3_ventral,central_brain
AOTU037,AOTU037,AOTUv3_ventral,central_brain
AOTU038,AOTU038,AOTUv3_ventral,central_brain
AOTU039,AOTU039,AOTUv3_ventral,central_brain
LAL091,LAL091,AOTUv3_ventral,central_brain
CB3992,NA,AOTUv3_ventral,central_brain
CB1892,NA,AOTUv3_ventral,central_brain
CB2009,NA,AOTUv3_ventral,central_brain
CB3865,NA,AOTUv3_ventral,central_brain
LAL085,LAL085,AOTUv3_ventral,central_brain
LAL086,LAL086,AOTUv3_ventral,central_brain
AOTU037,LAL086,AOTUv3_ventral,central_brain
LAL087,LAL087,AOTUv3_ventral,central_brain
LAL088,LAL088,AOTUv3_ventral,central_brain
LAL089,LAL089,AOTUv3_ventral,central_brain
LAL090,LAL090,AOTUv3_ventral,central_brain
LAL093,LAL093,AOTUv3_ventral,central_brain
LAL094,LAL094,AOTUv3_ventral,central_brain
LAL091,LAL094,AOTUv3_ventral,central_brain
"LAL096,LAL097",LAL096,AOTUv3_ventral,central_brain
"LAL096,LAL097",LAL097,AOTUv3_ventral,central_brain
PS080,PS080,AOTUv3_ventral,central_brain
"PS081,PS085",PS081,AOTUv3_ventral,central_brain
"PS081,PS085",PS085,AOTUv3_ventral,central_brain
PS083a,PS083,AOTUv3_ventral,central_brain
PS083b,PS083,AOTUv3_ventral,central_brain
PS086,PS086,AOTUv3_ventral,central_brain
PS087,PS087,AOTUv3_ventral,central_brain
SAD047,SAD047,AOTUv3_ventral,central_brain
WED071,WED071,AOTUv3_ventral,central_brain
CB3992,LAL094,AOTUv3_ventral,central_brain
"AOTU018,AOTU031",AOTU018,AOTUv4_dorsal,central_brain
"AOTU018,AOTU031",AOTU031,AOTUv4_dorsal,central_brain
CB0361,NA,AOTUv4_dorsal,central_brain
CB1068,NA,AOTUv4_dorsal,central_brain
CB1080,NA,AOTUv4_dorsal,central_brain
CB1841,NA,AOTUv4_dorsal,central_brain
CB1963,NA,AOTUv4_dorsal,central_brain
CB2070,NA,AOTUv4_dorsal,central_brain
CL005,CL005,AOTUv4_dorsal,central_brain
CL006,CL006,AOTUv4_dorsal,central_brain
"LAL003,LAL044",LAL003,AOTUv4_dorsal,central_brain
"LAL003,LAL044",LAL044,AOTUv4_dorsal,central_brain
SMP008,SMP008,AOTUv4_dorsal,central_brain
SMP153a,SMP153,AOTUv4_dorsal,central_brain
SMP153b,SMP153,AOTUv4_dorsal,central_brain
TuBu02,TuBu02,AOTUv4_dorsal,central_brain
TuBu03,TuBu02,AOTUv4_dorsal,central_brain
TuBu03,TuBu03,AOTUv4_dorsal,central_brain
TuBu03,TuBu04,AOTUv4_dorsal,central_brain
TuBu04,TuBu03,AOTUv4_dorsal,central_brain
TuBu04,TuBu04,AOTUv4_dorsal,central_brain
TuBu05,TuBu05,AOTUv4_dorsal,central_brain
AOTUv4B_P02,AOTU029,AOTUv4_dorsal,central_brain
CB2981,NA,AOTUv4_dorsal,central_brain
LAL006,LAL006,AOTUv4_dorsal,central_brain
SIP003_b,SIP003_b,AOTUv4_dorsal,central_brain
CB3895,NA,AOTUv4_dorsal,central_brain
AOTU030,AOTU030,AOTUv4_dorsal,central_brain
CB2147,CRE003_b,AOTUv4_dorsal,central_brain
CB3127,NA,AOTUv4_dorsal,central_brain
CB3257,SMP009,AOTUv4_dorsal,central_brain
SMP006,NA,AOTUv4_dorsal,central_brain
CB1553,CRE003_b,AOTUv4_dorsal,central_brain
CB1591,CRE003_a,AOTUv4_dorsal,central_brain
CB2088,SIP001,AOTUv4_dorsal,central_brain
CB2088,SIP002,AOTUv4_dorsal,central_brain
CB4113,CRE003_b,AOTUv4_dorsal,central_brain
CB2217,NA,AOTUv4_dorsal,central_brain
CB2217,SMP007,AOTUv4_dorsal,central_brain
CB2550,SIP001,AOTUv4_dorsal,central_brain
CB2550,SIP002,AOTUv4_dorsal,central_brain
CB2974,SMP007,AOTUv4_dorsal,central_brain
CB3026,CRE003_b,AOTUv4_dorsal,central_brain
LAL004,LAL004,AOTUv4_dorsal,central_brain
SIP003_a,SIP003_a,AOTUv4_dorsal,central_brain
SMP006,SMP006,AOTUv4_dorsal,central_brain
FB4O,FB4O,AOTUv4_ventral,central_brain
FB4R,FB4P,AOTUv4_ventral,central_brain
FB4R,FB4Q,AOTUv4_ventral,central_brain
FB4R,FB4R,AOTUv4_ventral,central_brain
FB4P_a,FB4P_a,AOTUv4_ventral,central_brain
"FB4P,FB4Q",FB4P,AOTUv4_ventral,central_brain
"FB4P,FB4Q",FB4Q,AOTUv4_ventral,central_brain
"FB4P,FB4Q",FB4R,AOTUv4_ventral,central_brain
FB4Q_b,FB4Q_b,AOTUv4_ventral,central_brain
FB5C,FB5C,AOTUv4_ventral,central_brain
FB5C,FB5F,AOTUv4_ventral,central_brain
FB5C,FB5G,AOTUv4_ventral,central_brain
FB5C,FB5P,AOTUv4_ventral,central_brain
FB5C,FB5Q,AOTUv4_ventral,central_brain
FB5Z,FB5Z,AOTUv4_ventral,central_brain
FB5O,FB5O,AOTUv4_ventral,central_brain
FB5Q,FB5C,AOTUv4_ventral,central_brain
FB5Q,FB5F,AOTUv4_ventral,central_brain
FB5Q,FB5G,AOTUv4_ventral,central_brain
FB5Q,FB5P,AOTUv4_ventral,central_brain
FB5Q,FB5Q,AOTUv4_ventral,central_brain
FB5F,FB5C,AOTUv4_ventral,central_brain
FB5F,FB5F,AOTUv4_ventral,central_brain
FB5F,FB5G,AOTUv4_ventral,central_brain
FB5F,FB5P,AOTUv4_ventral,central_brain
FB5F,FB5Q,AOTUv4_ventral,central_brain
FB5G,FB5C,AOTUv4_ventral,central_brain
FB5G,FB5F,AOTUv4_ventral,central_brain
FB5G,FB5G,AOTUv4_ventral,central_brain
FB5G,FB5P,AOTUv4_ventral,central_brain
FB5G,FB5Q,AOTUv4_ventral,central_brain
FB5V,FB5V,AOTUv4_ventral,central_brain
FB5V,FB5C,AOTUv4_ventral,central_brain
FB5V,FB5F,AOTUv4_ventral,central_brain
FB5V,FB5G,AOTUv4_ventral,central_brain
FB5V,FB5P,AOTUv4_ventral,central_brain
FB5V,FB5Q,AOTUv4_ventral,central_brain
FB5X,FB5X,AOTUv4_ventral,central_brain
"FB5P,FB5T",FB5C,AOTUv4_ventral,central_brain
"FB5P,FB5T",FB5F,AOTUv4_ventral,central_brain
"FB5P,FB5T",FB5G,AOTUv4_ventral,central_brain
"FB5P,FB5T",FB5P,AOTUv4_ventral,central_brain
"FB5P,FB5T",FB5Q,AOTUv4_ventral,central_brain
"FB5D,FB5E",FB5D,AOTUv4_ventral,central_brain
"FB5D,FB5E",FB5E,AOTUv4_ventral,central_brain
FB6X,FB5Z,AOTUv4_ventral,central_brain
FB5AA,FB6W,AOTUv4_ventral,central_brain
FB6U,FB6U,AOTUv4_ventral,central_brain
FB6V,FB6V,AOTUv4_ventral,central_brain
"FB7G,FB7I",FB7G,AOTUv4_ventral,central_brain
"FB7G,FB7I",FB7I,AOTUv4_ventral,central_brain
FB7E,FB7E,AOTUv4_ventral,central_brain
FB8I,FB8I,AOTUv4_ventral,central_brain
FB8G,FB8E,AOTUv4_ventral,central_brain
FB8G,FB8G,AOTUv4_ventral,central_brain
FB8E,FB8E,AOTUv4_ventral,central_brain
FB9B,FB9B,AOTUv4_ventral,central_brain
CB0294,NA,AOTUv4_ventral,central_brain
SMP170,SMP170,AOTUv4_ventral,central_brain
"FB5D,FB5E",FB4P_a,AOTUv4_ventral,central_brain
FB6W,FB6W,AOTUv4_ventral,central_brain
FB5X,FB4Q_b,AOTUv4_ventral,central_brain
SLP402_a,SLP402,CLp1,central_brain
SLP402_a,SMP426,CLp1,central_brain
CB1731,NA,CLp1,central_brain
CB2300,CL163,CLp1,central_brain
CB2300,CL164,CLp1,central_brain
CL173,CL173,CLp1,central_brain
CB2582,PS110,CLp1,central_brain
CB2696,CL167,CLp1,central_brain
CL160a,CL160,CLp1,central_brain
CL160b,CL160,CLp1,central_brain
CL161a,CL161,CLp1,central_brain
CL161b,CL161,CLp1,central_brain
CL162,CL162,CLp1,central_brain
"CL166,CL168",CL166,CLp1,central_brain
"CL166,CL168",CL168,CLp1,central_brain
CL169,CL169,CLp1,central_brain
CL170,CL170,CLp1,central_brain
CL171,CL171,CLp1,central_brain
CL245,CL245,CLp1,central_brain
IB117,IB117,CLp1,central_brain
PS109,PS109,CLp1,central_brain
SLP402_a,SLP412,CLp1,central_brain
SMP342,SMP342,CLp1,central_brain
SMP345,SMP345,CLp1,central_brain
SMP419,SMP419,CLp1,central_brain
SMP420,SMP420,CLp1,central_brain
SMP421,SMP421,CLp1,central_brain
SMP422,SMP422,CLp1,central_brain
SMP424,SMP424,CLp1,central_brain
SMP425,SMP425,CLp1,central_brain
SMP428,SMP428,CLp1,central_brain
SMP429,SMP429,CLp1,central_brain
SMP495a,SMP495,CLp1,central_brain
SMP495b,SMP495,CLp1,central_brain
SMP495c,SMP495,CLp1,central_brain
SMP533,SMP533,CLp1,central_brain
SMP552,SMP552,CLp1,central_brain
SMP426,SLP402,CLp1,central_brain
SMP426,SMP426,CLp1,central_brain
CB1016,LHPD5e1,CLp1,central_brain
CL165,CL165,CLp1,central_brain
SLP412_a,SLP412,CLp1,central_brain
SMP423,SMP423,CLp1,central_brain
CL160,CL160,CLp1,central_brain
CL172,CL172,CLp1,central_brain
CL165,SMP427,CLp1,central_brain
SLP402_b,SLP402,CLp1,central_brain
SLP402_b,SMP426,CLp1,central_brain
SLP412_b,SLP402,CLp1,central_brain
SLP412_b,SMP426,CLp1,central_brain
CB2300,NA,CLp1,central_brain
PS108,PS108,CLp1,central_brain
SMP531,SMP531,CLp1,central_brain
"ATL024,IB042",ATL024,CLp1_or_SLPpm2,central_brain
"ATL024,IB042",IB042,CLp1_or_SLPpm2,central_brain
CB1532,NA,CLp1_or_SLPpm2,central_brain
CB2295,NA,CLp1_or_SLPpm2,central_brain
CB2416,NA,CLp1_or_SLPpm2,central_brain
CB2638,NA,CLp1_or_SLPpm2,central_brain
CB2717,NA,CLp1_or_SLPpm2,central_brain
CB2868_a,SMP438,CLp1_or_SLPpm2,central_brain
CB2868_b,SMP437,CLp1_or_SLPpm2,central_brain
CB3050,NA,CLp1_or_SLPpm2,central_brain
CB3050,SMP430,CLp1_or_SLPpm2,central_brain
CB3069,NA,CLp1_or_SLPpm2,central_brain
CB3230,SMP430,CLp1_or_SLPpm2,central_brain
CB3230,NA,CLp1_or_SLPpm2,central_brain
CB3541,NA,CLp1_or_SLPpm2,central_brain
CL152,CL152,CLp1_or_SLPpm2,central_brain
CL153,CL153,CLp1_or_SLPpm2,central_brain
CL154,CL154,CLp1_or_SLPpm2,central_brain
SLP395,SLP395,CLp1_or_SLPpm2,central_brain
SMP427,SMP427,CLp1_or_SLPpm2,central_brain
CB1548,NA,CLp1_or_SLPpm2,central_brain
CB1054,SMP268,CLp2,central_brain
CB1214,SMP267,CLp2,central_brain
CB1807,SMP279_a,CLp2,central_brain
CB1913,CL147,CLp2,central_brain
CB2182,NA,CLp2,central_brain
CB2485,CL147,CLp2,central_brain
CB2931,CL145,CLp2,central_brain
CB2931,CL148,CLp2,central_brain
CB3152,SMP275,CLp2,central_brain
CB3489,SMP274,CLp2,central_brain
CB3580,SMP279_a,CLp2,central_brain
CL146,CL146,CLp2,central_brain
SMP266,SMP266,CLp2,central_brain
SMP279_b,SMP277,CLp2,central_brain
SMP277,SMP277,CLp2,central_brain
SMP278a,SMP278,CLp2,central_brain
SMP278b,SMP278,CLp2,central_brain
SMP279_b,SMP279_b,CLp2,central_brain
SMP279_c,SMP279_c,CLp2,central_brain
SMP280,SMP280,CLp2,central_brain
SMP281,SMP281,CLp2,central_brain
SMP282,SMP282,CLp2,central_brain
CREa1A_T01,ATL005,CREa1_dorsal,central_brain
CREa1A_T01,ATL007,CREa1_dorsal,central_brain
PAM01,PAM01,CREa1_dorsal,central_brain
PAM04,PAM04,CREa1_dorsal,central_brain
PAM05,PAM05,CREa1_dorsal,central_brain
PAM02,PAM06,CREa1_dorsal,central_brain
PAM06,PAM06,CREa1_dorsal,central_brain
PAM07,PAM07,CREa1_dorsal,central_brain
PAM08,PAM08,CREa1_dorsal,central_brain
PAM09,PAM09,CREa1_dorsal,central_brain
PAM10,PAM10,CREa1_dorsal,central_brain
PAM11,PAM11,CREa1_dorsal,central_brain
PAM13,PAM13,CREa1_dorsal,central_brain
FB2B_b,FB2B,CREa1_dorsal,central_brain
FB2B,FB2B,CREa1_dorsal,central_brain
PAM03,PAM03,CREa1_dorsal,central_brain
PAM12,PAM12,CREa1_dorsal,central_brain
PAM14,PAM14,CREa1_dorsal,central_brain
PAM15,PAM15,CREa1_dorsal,central_brain
PAM02,PAM02,CREa1_dorsal,central_brain
PAM01,PAM08,CREa1_dorsal,central_brain
mAL_f1,mAL1,CREa1_ventral,central_brain
mAL_f1,mAL2A,CREa1_ventral,central_brain
mAL_f1,mAL2B,CREa1_ventral,central_brain
mAL_f1,mAL3A,CREa1_ventral,central_brain
mAL_f1,mAL3B,CREa1_ventral,central_brain
mAL_f1,mAL4,CREa1_ventral,central_brain
mAL_f1,mAL5A,CREa1_ventral,central_brain
mAL_f1,mAL5B,CREa1_ventral,central_brain
mAL_f1,mAL6,CREa1_ventral,central_brain
mAL_f2,mAL1,CREa1_ventral,central_brain
mAL_f2,mAL2A,CREa1_ventral,central_brain
mAL_f2,mAL2B,CREa1_ventral,central_brain
mAL_f2,mAL3A,CREa1_ventral,central_brain
mAL_f2,mAL3B,CREa1_ventral,central_brain
mAL_f2,mAL4,CREa1_ventral,central_brain
mAL_f2,mAL5A,CREa1_ventral,central_brain
mAL_f2,mAL5B,CREa1_ventral,central_brain
mAL_f2,mAL6,CREa1_ventral,central_brain
mAL4,mAL1,CREa1_ventral,central_brain
mAL4,mAL2A,CREa1_ventral,central_brain
mAL4,mAL2B,CREa1_ventral,central_brain
mAL4,mAL3A,CREa1_ventral,central_brain
mAL4,mAL3B,CREa1_ventral,central_brain
mAL4,mAL4,CREa1_ventral,central_brain
mAL4,mAL5A,CREa1_ventral,central_brain
mAL4,mAL5B,CREa1_ventral,central_brain
mAL4,mAL6,CREa1_ventral,central_brain
mAL6,mAL1,CREa1_ventral,central_brain
mAL6,mAL2A,CREa1_ventral,central_brain
mAL6,mAL2B,CREa1_ventral,central_brain
mAL6,mAL3A,CREa1_ventral,central_brain
mAL6,mAL3B,CREa1_ventral,central_brain
mAL6,mAL4,CREa1_ventral,central_brain
mAL6,mAL5A,CREa1_ventral,central_brain
mAL6,mAL5B,CREa1_ventral,central_brain
mAL6,mAL6,CREa1_ventral,central_brain
mAL5B,mAL1,CREa1_ventral,central_brain
mAL5B,mAL2A,CREa1_ventral,central_brain
mAL5B,mAL2B,CREa1_ventral,central_brain
mAL5B,mAL3A,CREa1_ventral,central_brain
mAL5B,mAL3B,CREa1_ventral,central_brain
mAL5B,mAL4,CREa1_ventral,central_brain
mAL5B,mAL5A,CREa1_ventral,central_brain
mAL5B,mAL5B,CREa1_ventral,central_brain
mAL5B,mAL6,CREa1_ventral,central_brain
mAL_f4,mAL1,CREa1_ventral,central_brain
mAL_f4,mAL2A,CREa1_ventral,central_brain
mAL_f4,mAL2B,CREa1_ventral,central_brain
mAL_f4,mAL3A,CREa1_ventral,central_brain
mAL_f4,mAL3B,CREa1_ventral,central_brain
mAL_f4,mAL4,CREa1_ventral,central_brain
mAL_f4,mAL5A,CREa1_ventral,central_brain
mAL_f4,mAL5B,CREa1_ventral,central_brain
mAL_f4,mAL6,CREa1_ventral,central_brain
mAL5A,mAL1,CREa1_ventral,central_brain
mAL5A,mAL2A,CREa1_ventral,central_brain
mAL5A,mAL2B,CREa1_ventral,central_brain
mAL5A,mAL3A,CREa1_ventral,central_brain
mAL5A,mAL3B,CREa1_ventral,central_brain
mAL5A,mAL4,CREa1_ventral,central_brain
mAL5A,mAL5A,CREa1_ventral,central_brain
mAL5A,mAL5B,CREa1_ventral,central_brain
mAL5A,mAL6,CREa1_ventral,central_brain
mAL_f3,mAL1,CREa1_ventral,central_brain
mAL_f3,mAL2A,CREa1_ventral,central_brain
mAL_f3,mAL2B,CREa1_ventral,central_brain
mAL_f3,mAL3A,CREa1_ventral,central_brain
mAL_f3,mAL3B,CREa1_ventral,central_brain
mAL_f3,mAL4,CREa1_ventral,central_brain
mAL_f3,mAL5A,CREa1_ventral,central_brain
mAL_f3,mAL5B,CREa1_ventral,central_brain
mAL_f3,mAL6,CREa1_ventral,central_brain
mALB1,mALB1,CREa1_ventral,central_brain
mALB2,mALB2,CREa1_ventral,central_brain
mALB3,mALB3,CREa1_ventral,central_brain
mALB4,mALB4,CREa1_ventral,central_brain
mALD1,mALD1,CREa1_ventral,central_brain
mALD2,mALD2,CREa1_ventral,central_brain
mAL4B,mAL1,CREa1_ventral,central_brain
mAL4B,mAL2A,CREa1_ventral,central_brain
mAL4B,mAL2B,CREa1_ventral,central_brain
mAL4B,mAL3A,CREa1_ventral,central_brain
mAL4B,mAL3B,CREa1_ventral,central_brain
mAL4B,mAL4,CREa1_ventral,central_brain
mAL4B,mAL5A,CREa1_ventral,central_brain
mAL4B,mAL5B,CREa1_ventral,central_brain
mAL4B,mAL6,CREa1_ventral,central_brain
mAL4I,mAL1,CREa1_ventral,central_brain
mAL4I,mAL2A,CREa1_ventral,central_brain
mAL4I,mAL2B,CREa1_ventral,central_brain
mAL4I,mAL3A,CREa1_ventral,central_brain
mAL4I,mAL3B,CREa1_ventral,central_brain
mAL4I,mAL4,CREa1_ventral,central_brain
mAL4I,mAL5A,CREa1_ventral,central_brain
mAL4I,mAL5B,CREa1_ventral,central_brain
mAL4I,mAL6,CREa1_ventral,central_brain
mALD3,mALD3,CREa1_ventral,central_brain
mALB5,mALB5,CREa1_ventral,central_brain
mALD4,mALD4,CREa1_ventral,central_brain
PAM01,PAM01,CREa2_medial,central_brain
PAM02,PAM02,CREa2_medial,central_brain
PAM03,PAM03,CREa2_medial,central_brain
PAM04,PAM04,CREa2_medial,central_brain
PAM06,PAM05,CREa2_medial,central_brain
PAM05,PAM05,CREa2_medial,central_brain
PAM06,PAM06,CREa2_medial,central_brain
PAM07,PAM07,CREa2_medial,central_brain
PAM08,PAM08,CREa2_medial,central_brain
PAM09,PAM09,CREa2_medial,central_brain
PAM10,PAM10,CREa2_medial,central_brain
PAM11,PAM11,CREa2_medial,central_brain
PAM12,PAM12,CREa2_medial,central_brain
PAM13,PAM13,CREa2_medial,central_brain
PAM14,PAM14,CREa2_medial,central_brain
PAM15,PAM15,CREa2_medial,central_brain
FB2B_b,FB2B,CREa2_medial,central_brain
NA,NA,CREa2_medial,central_brain
PAM10,PAM09,CREa2_medial,central_brain
FB2B,FB2B,CREa2_medial,central_brain
AOTU015a,AOTU015,CREa2_ventral,central_brain
AOTU015b,AOTU015,CREa2_ventral,central_brain
CB0007,NA,CREa2_ventral,central_brain
CB0359,NA,CREa2_ventral,central_brain
CB0739,NA,CREa2_ventral,central_brain
CB1294,NA,CREa2_ventral,central_brain
CB1721,CRE014,CREa2_ventral,central_brain
CB1956,NA,CREa2_ventral,central_brain
CB2117,NA,CREa2_ventral,central_brain
CB2120,NA,CREa2_ventral,central_brain
LAL025,LAL025,CREa2_ventral,central_brain
CB2544,NA,CREa2_ventral,central_brain
LAL037,NA,CREa2_ventral,central_brain
CB2841,NA,CREa2_ventral,central_brain
CB2846,NA,CREa2_ventral,central_brain
CB3241,SMP110,CREa2_ventral,central_brain
CB3441,SMP110,CREa2_ventral,central_brain
CB3523,NA,CREa2_ventral,central_brain
CRE016,CRE016,CREa2_ventral,central_brain
CRE017,CRE017,CREa2_ventral,central_brain
CRE018,CRE018,CREa2_ventral,central_brain
CRE019,CRE019,CREa2_ventral,central_brain
CRE020,CRE020,CREa2_ventral,central_brain
LAL022,LAL022,CREa2_ventral,central_brain
LAL023,LAL023,CREa2_ventral,central_brain
LAL024,LAL024,CREa2_ventral,central_brain
LAL025,LAL026,CREa2_ventral,central_brain
LAL026,LAL026,CREa2_ventral,central_brain
LAL027,LAL027,CREa2_ventral,central_brain
"LAL028, LAL029",LAL028,CREa2_ventral,central_brain
"LAL028, LAL029",LAL029,CREa2_ventral,central_brain
LAL030a,LAL030_a,CREa2_ventral,central_brain
LAL030b,LAL030_a,CREa2_ventral,central_brain
LAL030c,LAL030_a,CREa2_ventral,central_brain
LAL030d,LAL030_b,CREa2_ventral,central_brain
LAL031,LAL031,CREa2_ventral,central_brain
LAL034,LAL034,CREa2_ventral,central_brain
LAL035,LAL035,CREa2_ventral,central_brain
LAL037,LAL037,CREa2_ventral,central_brain
LAL038,LAL038,CREa2_ventral,central_brain
SIP022,SIP022,CREa2_ventral,central_brain
SIP024,SIP024,CREa2_ventral,central_brain
SMP111,SMP111,CREa2_ventral,central_brain
SMP112,SMP112,CREa2_ventral,central_brain
CB0356,NA,CREa2_ventral,central_brain
CRE015,CRE015,CREa2_ventral,central_brain
CB1163,SMP174,CREl1,central_brain
CB3873,NA,CREl1,central_brain
"CL123,CRE061",CL123,CREl1,central_brain
"CL123,CRE061",CRE061,CREl1,central_brain
CRE065,CRE065,CREl1,central_brain
CRE066,CRE066,CREl1,central_brain
CRE068,CRE068,CREl1,central_brain
CREl1__3,NA,CREl1,central_brain
LAL110,LAL110,CREl1,central_brain
LHAV9a1_a,LHAV9a1_a,CREl1,central_brain
LHAV9a1_c,LHAV9a1_c,CREl1,central_brain
SLP240_a,SLP240_a,CREl1,central_brain
SLP241,SLP241,CREl1,central_brain
SLP240_b,SLP241,CREl1,central_brain
SLP242,SLP242,CREl1,central_brain
SMP173,SMP173,CREl1,central_brain
NA,NA,CREl1,central_brain
LAL114,LAL114,CREl1,central_brain
CB2719,NA,CREl1,central_brain
CRE049,CRE049,CREl1,central_brain
CRE059,CRE059,CREl1,central_brain
"CRE060,CRE067",CRE060,CREl1,central_brain
"CRE060,CRE067",CRE067,CREl1,central_brain
CRE070,CRE070,CREl1,central_brain
LHAV9a1_b,LHAV9a1_b,CREl1,central_brain
SMP171,SMP171,CREl1,central_brain
SMP174,SMP174,CREl1,central_brain
SMP172,SMP172,CREl1,central_brain
LAL110,SMP174,CREl1,central_brain
SLP240_b,SLP240_b,CREl1,central_brain
m_NSC_DILP,PI1,DILP__prim,central_brain
m_NSC_DILP,PI2,DILP__prim,central_brain
m_NSC_DILP,PI3,DILP__prim,central_brain
m_NSC_DH44,PI1,DILP__prim,central_brain
m_NSC_DH44,PI2,DILP__prim,central_brain
m_NSC_DH44,PI3,DILP__prim,central_brain
m_NSC_unknown,PI1,DILP__prim,central_brain
m_NSC_unknown,PI2,DILP__prim,central_brain
m_NSC_unknown,PI3,DILP__prim,central_brain
m_NSC_DMS,PI1,DILP__prim,central_brain
m_NSC_DMS,PI2,DILP__prim,central_brain
m_NSC_DMS,PI3,DILP__prim,central_brain
ATL013,ATL013,DL1_dorsal,central_brain
FB1E,FB1E,DL1_dorsal,central_brain
FB1D,FB1D,DL1_dorsal,central_brain
FB2G,FB2G,DL1_dorsal,central_brain
FB2F_b,FB2M,DL1_dorsal,central_brain
FB2F_b,FB2F,DL1_dorsal,central_brain
FB2M,FB2M,DL1_dorsal,central_brain
FB2M,FB2F,DL1_dorsal,central_brain
FB2G_a,FB2M,DL1_dorsal,central_brain
FB2G_a,FB2F,DL1_dorsal,central_brain
FB2I_a,FB2I_a,DL1_dorsal,central_brain
FB2I_a,FB2E,DL1_dorsal,central_brain
FB2F_c,FB2F,DL1_dorsal,central_brain
FB2F_d,FB2F,DL1_dorsal,central_brain
CB4171,FB2F,DL1_dorsal,central_brain
"FB2J_a,FB2J_c",FB2F,DL1_dorsal,central_brain
FB2H_b,FB2H,DL1_dorsal,central_brain
"FB2J_a,FB2J_c",FB2J,DL1_dorsal,central_brain
"FB2H_a,FB2I_b",FB2I,DL1_dorsal,central_brain
FB2J_b,FB2E,DL1_dorsal,central_brain
FB2J_b,FB2J,DL1_dorsal,central_brain
FB2E,FB2E,DL1_dorsal,central_brain
FB2E,FB2J,DL1_dorsal,central_brain
FB2I_a,FB2I_b,DL1_dorsal,central_brain
FB5I,FB5I,DL1_dorsal,central_brain
FB5Y,FB5Y,DL1_dorsal,central_brain
FB6F,FB6F,DL1_dorsal,central_brain
FB6Z,FB6Z,DL1_dorsal,central_brain
FB6H,FB6H,DL1_dorsal,central_brain
FB6C,FB6C,DL1_dorsal,central_brain
FB6C,FB6I,DL1_dorsal,central_brain
FB6I,FB6C,DL1_dorsal,central_brain
FB6I,FB6I,DL1_dorsal,central_brain
FB6A,FB6A,DL1_dorsal,central_brain
FB6A_c,FB6A,DL1_dorsal,central_brain
FB6E,FB6E,DL1_dorsal,central_brain
FB6B,FB6B,DL1_dorsal,central_brain
FB7L,FB7L,DL1_dorsal,central_brain
FB6B,FB7L,DL1_dorsal,central_brain
FB6G,FB7A,DL1_dorsal,central_brain
FB6G,FB7K,DL1_dorsal,central_brain
FB6G,FB6G,DL1_dorsal,central_brain
FB7A,FB7A,DL1_dorsal,central_brain
FB7A,FB7K,DL1_dorsal,central_brain
FB6C,FB7A,DL1_dorsal,central_brain
FB6C,FB7K,DL1_dorsal,central_brain
FB6C,FB6G,DL1_dorsal,central_brain
FB6I,FB7A,DL1_dorsal,central_brain
FB6I,FB7K,DL1_dorsal,central_brain
FB6I,FB6G,DL1_dorsal,central_brain
FB7B,FB7B,DL1_dorsal,central_brain
FB7K,FB7A,DL1_dorsal,central_brain
FB7K,FB7K,DL1_dorsal,central_brain
FB7L,FB8A,DL1_dorsal,central_brain
FB7L,FB8H,DL1_dorsal,central_brain
"FB8A,FB8H",FB8A,DL1_dorsal,central_brain
"FB8A,FB8H",FB8H,DL1_dorsal,central_brain
CB1357,SMP195,DL1_dorsal,central_brain
CB1357,SMP197,DL1_dorsal,central_brain
CB1489,SIP030,DL1_dorsal,central_brain
SIP057,SIP057,DL1_dorsal,central_brain
CB1727,SMP196,DL1_dorsal,central_brain
CB2310,SMP195,DL1_dorsal,central_brain
CB2310,SMP197,DL1_dorsal,central_brain
CB2444,SMP196,DL1_dorsal,central_brain
CRE072,CRE072,DL1_dorsal,central_brain
LHPV5b1,LHPV5b1,DL1_dorsal,central_brain
LHPV5b2,LHPV5b2,DL1_dorsal,central_brain
LHPV5b3,LHPV5b3,DL1_dorsal,central_brain
LHPV5b4,LHPV5b4,DL1_dorsal,central_brain
LHPV5b3,LHPV5b4,DL1_dorsal,central_brain
LHPV5b1,LHPV5b4,DL1_dorsal,central_brain
LHPV5b1,LHPV5b5,DL1_dorsal,central_brain
LHPV5c3,LHPV5b5,DL1_dorsal,central_brain
LHPV5b6,LHPV5b6,DL1_dorsal,central_brain
LHPV5c1,LHPV5c1,DL1_dorsal,central_brain
LHPV5c2,LHPV5c2,DL1_dorsal,central_brain
LHPV5c3,LHPV5c3,DL1_dorsal,central_brain
LHPV5e2,LHPV5e2,DL1_dorsal,central_brain
MBON15,MBON15,DL1_dorsal,central_brain
MBON15-like,MBON15-like,DL1_dorsal,central_brain
MBON16,MBON16,DL1_dorsal,central_brain
MBON17,MBON17,DL1_dorsal,central_brain
MBON17-like,MBON17-like,DL1_dorsal,central_brain
MBON18,MBON18,DL1_dorsal,central_brain
MBON19,MBON19,DL1_dorsal,central_brain
MBON23,MBON23,DL1_dorsal,central_brain
SIP029,SIP029,DL1_dorsal,central_brain
"SIP055,SLP245",SIP055,DL1_dorsal,central_brain
"SIP055,SLP245",SLP245,DL1_dorsal,central_brain
SLP246,SLP246,DL1_dorsal,central_brain
SLP356a,SLP356,DL1_dorsal,central_brain
SLP356b,SLP356,DL1_dorsal,central_brain
"SLP369,SLP370",SLP369,DL1_dorsal,central_brain
"SLP369,SLP370",SLP370,DL1_dorsal,central_brain
SMP176,SMP176,DL1_dorsal,central_brain
SMP178,SMP178,DL1_dorsal,central_brain
SMP193b,SMP193,DL1_dorsal,central_brain
SMP194,SMP194,DL1_dorsal,central_brain
SMP194,NA,DL1_dorsal,central_brain
SMP257,SMP257,DL1_dorsal,central_brain
SMP269,SMP269,DL1_dorsal,central_brain
FB2M,FB2H,DL1_dorsal,central_brain
CB4171,FB2H,DL1_dorsal,central_brain
FB2H_b,FB2I,DL1_dorsal,central_brain
FB6D,FB6D,DL1_dorsal,central_brain
MBON28,MBON28,DL1_dorsal,central_brain
"SLP369,SLP370",LHPV5b6,DL1_dorsal,central_brain
CB3455,SIP054,DL1_dorsal,central_brain
SLP246,NA,DL1_dorsal,central_brain
SMP193a,SMP193,DL1_dorsal,central_brain
AOTU049,AOTU048,DL1_ventral,central_brain
AOTU049,AOTU049,DL1_ventral,central_brain
AOTU048,AOTU048,DL1_ventral,central_brain
AOTU048,AOTU049,DL1_ventral,central_brain
AOTU050a,AOTU050,DL1_ventral,central_brain
AOTU050b,AOTU050,DL1_ventral,central_brain
AOTU051,AOTU051,DL1_ventral,central_brain
AOTU052,AOTU052,DL1_ventral,central_brain
AOTU053,AOTU053,DL1_ventral,central_brain
AOTU054,AOTU053,DL1_ventral,central_brain
AOTU059,AOTU059,DL1_ventral,central_brain
AOTU060,AOTU060,DL1_ventral,central_brain
AOTU061,AOTU061,DL1_ventral,central_brain
AOTU062,AOTU062,DL1_ventral,central_brain
AVLP521,AVLP521,DL1_ventral,central_brain
AVLP522,AVLP522,DL1_ventral,central_brain
AVLP523,AVLP523,DL1_ventral,central_brain
"AVLP530,AVLP561",AVLP530,DL1_ventral,central_brain
"AVLP530,AVLP561",AVLP561,DL1_ventral,central_brain
CB1329,AOTU055,DL1_ventral,central_brain
CB1329,AOTU056,DL1_ventral,central_brain
CB1329,AOTU057,DL1_ventral,central_brain
CB1329,AOTU058,DL1_ventral,central_brain
CB1446,NA,DL1_ventral,central_brain
CB1534,NA,DL1_ventral,central_brain
CB1543,AVLP525,DL1_ventral,central_brain
CB1543,CL277,DL1_ventral,central_brain
CB1552,NA,DL1_ventral,central_brain
CB1558,AOTU055,DL1_ventral,central_brain
CB1558,AOTU056,DL1_ventral,central_brain
CB1558,AOTU057,DL1_ventral,central_brain
CB1558,AOTU058,DL1_ventral,central_brain
CB1596,CL274,DL1_ventral,central_brain
CB1842,NA,DL1_ventral,central_brain
CB1888,CL274,DL1_ventral,central_brain
CB1934,NA,DL1_ventral,central_brain
CB1995,AVLP524_b,DL1_ventral,central_brain
CB1995,NA,DL1_ventral,central_brain
CB2119,NA,DL1_ventral,central_brain
CB2121,NA,DL1_ventral,central_brain
CB2216,AOTU055,DL1_ventral,central_brain
CB2216,AOTU056,DL1_ventral,central_brain
CB2216,AOTU057,DL1_ventral,central_brain
CB2216,AOTU058,DL1_ventral,central_brain
CB3243,CL275,DL1_ventral,central_brain
CB3263,CL275,DL1_ventral,central_brain
CL266_b,CL266_b,DL1_ventral,central_brain
CB3487,AVLP527,DL1_ventral,central_brain
CB3503,NA,DL1_ventral,central_brain
CB3535,AVLP527,DL1_ventral,central_brain
CB3867,NA,DL1_ventral,central_brain
CB3868,CL280,DL1_ventral,central_brain
CL266_a,CL266,DL1_ventral,central_brain
CL266_b,CL266,DL1_ventral,central_brain
CL267,CL267,DL1_ventral,central_brain
CL268,CL268,DL1_ventral,central_brain
CL269,CL269,DL1_ventral,central_brain
CL270a,CL270,DL1_ventral,central_brain
CL270b,CL270,DL1_ventral,central_brain
CL271,CL271,DL1_ventral,central_brain
CL272_a,CL272_a,DL1_ventral,central_brain
CL272_b,CL272_b,DL1_ventral,central_brain
CL273,CL273,DL1_ventral,central_brain
CL290,CL290,DL1_ventral,central_brain
CL291,CL291,DL1_ventral,central_brain
CL292a,CL292,DL1_ventral,central_brain
CL292b,CL292,DL1_ventral,central_brain
CL293,CL293,DL1_ventral,central_brain
CB3900,NA,DL1_ventral,central_brain
LHPV8a1,LHPV8a1,DL1_ventral,central_brain
PLP174,PLP174,DL1_ventral,central_brain
PLP199,PLP199,DL1_ventral,central_brain
SIP089,SIP089,DL1_ventral,central_brain
SMP578,SMP578,DL1_ventral,central_brain
CB1300,LHPV8b1,DL1_ventral,central_brain
CB1300,LHPV8d1,DL1_ventral,central_brain
PLP175,PLP175,DL1_ventral,central_brain
PLP196,PLP196,DL1_ventral,central_brain
AOTU050,AOTU048,DL1_ventral,central_brain
AOTU050,AOTU049,DL1_ventral,central_brain
LAL139,LAL139,DL1_ventral,central_brain
LHPV8c1,LHPV8c1,DL1_ventral,central_brain
PLP197,PLP197,DL1_ventral,central_brain
"PLP198,SLP361",PLP198,DL1_ventral,central_brain
"PLP198,SLP361",SLP361,DL1_ventral,central_brain
CB2524,LHPV5a2,DL2_dorsal,central_brain
CB2559,LHPV5d3,DL2_dorsal,central_brain
CB2910,NA,DL2_dorsal,central_brain
CB2960,LHPV5a3,DL2_dorsal,central_brain
CB2979,NA,DL2_dorsal,central_brain
CB2987,LHPV5a3,DL2_dorsal,central_brain
CB3138,LHPV5d3,DL2_dorsal,central_brain
LHPV5a1,LHPV5a1,DL2_dorsal,central_brain
LHPV5a5,LHPV5a5,DL2_dorsal,central_brain
LHPV5d1,LHPV5d1,DL2_dorsal,central_brain
LHPV5e1,LHPV5e1,DL2_dorsal,central_brain
"LHPV5g1_a,SMP270",LHPV5g1_a,DL2_dorsal,central_brain
"LHPV5g1_a,SMP270",SMP270,DL2_dorsal,central_brain
LHPV5g1_b,LHPV5g1_b,DL2_dorsal,central_brain
LHPV5g2,LHPV5g2,DL2_dorsal,central_brain
SMP180,SMP180,DL2_dorsal,central_brain
SMP182,SMP182,DL2_dorsal,central_brain
SMP185,SMP185,DL2_dorsal,central_brain
SMP186,SMP186,DL2_dorsal,central_brain
SMP187,SMP187,DL2_dorsal,central_brain
SMP188,SMP188,DL2_dorsal,central_brain
SMP191,SMP191,DL2_dorsal,central_brain
CB1656,LHPV5a2,DL2_dorsal,central_brain
SMP179,SMP179,DL2_dorsal,central_brain
SMP177,SMP177,DL2_dorsal,central_brain
SMP189,SMP189,DL2_dorsal,central_brain
AVLP567,AVLP567,DL2_ventral,central_brain
AVLP568,AVLP568,DL2_ventral,central_brain
AVLP569,AVLP569,DL2_ventral,central_brain
AVLP570,AVLP570,DL2_ventral,central_brain
SIP200f,VES061,DL2_ventral,central_brain
SIP200f,VES062,DL2_ventral,central_brain
SIP200f,CL276,DL2_ventral,central_brain
SIP200f,CL278,DL2_ventral,central_brain
SIP200f,CL279,DL2_ventral,central_brain
SIP201f,VES061,DL2_ventral,central_brain
SIP201f,VES062,DL2_ventral,central_brain
SIP201f,CL276,DL2_ventral,central_brain
SIP201f,CL278,DL2_ventral,central_brain
SIP201f,CL279,DL2_ventral,central_brain
CL313,CL313,DL2_ventral,central_brain
CRE105,CRE105,DL2_ventral,central_brain
DL2_ventral__0,NA,DL2_ventral,central_brain
MBON29,MBON29,DL2_ventral,central_brain
VES060,VES060,DL2_ventral,central_brain
CB1161,NA,DL2_ventral,central_brain
FR1,FR1,DM1_CX_d2,central_brain
EL,EL,DM1_CX_d2,central_brain
EPG,EPG,DM1_CX_d2,central_brain
"FC1A,FC1B,FC1F",FC1A,DM1_CX_d2,central_brain
"FC1A,FC1B,FC1F",FC1B,DM1_CX_d2,central_brain
"FC1A,FC1B,FC1F",FC1F,DM1_CX_d2,central_brain
"FC1C,FC1E",FC1C,DM1_CX_d2,central_brain
FC1D,FC1D,DM1_CX_d2,central_brain
FC1D,FC1E,DM1_CX_d2,central_brain
"FC1C,FC1E",FC1D,DM1_CX_d2,central_brain
"FC1C,FC1E",FC1E,DM1_CX_d2,central_brain
FC2A,FC2A,DM1_CX_d2,central_brain
FC2B,FC2B,DM1_CX_d2,central_brain
FC2C,FC2C,DM1_CX_d2,central_brain
FC3,FC3,DM1_CX_d2,central_brain
FR2,FR2,DM1_CX_d2,central_brain
FS1A,FS1A,DM1_CX_d2,central_brain
FS1A,FS1B,DM1_CX_d2,central_brain
FS1B,FS1A,DM1_CX_d2,central_brain
FS1B,FS1B,DM1_CX_d2,central_brain
"FC1C,FC1E",FS1A,DM1_CX_d2,central_brain
"FC1C,FC1E",FS1B,DM1_CX_d2,central_brain
FS2,FS2,DM1_CX_d2,central_brain
FS3,FS3,DM1_CX_d2,central_brain
FS4B,FS4A,DM1_CX_d2,central_brain
FS4B,FS4B,DM1_CX_d2,central_brain
FS4B,FS4C,DM1_CX_d2,central_brain
FS4A,FS4A,DM1_CX_d2,central_brain
FS4A,FS4B,DM1_CX_d2,central_brain
FS4A,FS4C,DM1_CX_d2,central_brain
FS4C,FS4A,DM1_CX_d2,central_brain
FS4C,FS4B,DM1_CX_d2,central_brain
FS4C,FS4C,DM1_CX_d2,central_brain
PEG,PEG,DM1_CX_d2,central_brain
PFGs,PFGs,DM1_CX_d2,central_brain
PFL1,PFL1,DM1_CX_d2,central_brain
PFL3,PFL3,DM1_CX_d2,central_brain
PFR,PFR,DM1_CX_d2,central_brain
hDeltaA,hDeltaA,DM1_CX_d2,central_brain
hDeltaF,hDeltaF,DM1_CX_d2,central_brain
hDeltaG,hDeltaG,DM1_CX_d2,central_brain
hDeltaI,hDeltaI,DM1_CX_d2,central_brain
hDeltaJ,hDeltaJ,DM1_CX_d2,central_brain
hDeltaL,hDeltaL,DM1_CX_d2,central_brain
PFGs,NA,DM1_CX_d2,central_brain
DM1_CX_d2__0,NA,DM1_CX_d2,central_brain
PFL2,PFL2,DM1_CX_d2,central_brain
PEN_a(PEN1),PEN_a(PEN1),DM1_CX_p,central_brain
PEN_b(PEN2),PEN_b(PEN2),DM1_CX_p,central_brain
PFNa,PFNa,DM1_CX_p,central_brain
PFNd,PFNd,DM1_CX_p,central_brain
PFNp,PFNm,DM1_CX_p,central_brain
PFNp,PFNp,DM1_CX_p,central_brain
PFNm,PFNm,DM1_CX_p,central_brain
PFNm,PFNp,DM1_CX_p,central_brain
PFNv,PFNv,DM1_CX_p,central_brain
hDeltaB,hDeltaB,DM1_CX_p,central_brain
hDeltaC,hDeltaC,DM1_CX_p,central_brain
hDeltaH,hDeltaH,DM1_CX_p,central_brain
hDeltaJ,hDeltaJ,DM1_CX_p,central_brain
hDeltaK,hDeltaK,DM1_CX_p,central_brain
hDeltaL,hDeltaL,DM1_CX_p,central_brain
hDeltaM,hDeltaM,DM1_CX_p,central_brain
vDeltaC,vDeltaA,DM1_CX_p,central_brain
vDeltaC,vDeltaB,DM1_CX_p,central_brain
vDeltaC,vDeltaC,DM1_CX_p,central_brain
vDeltaC,vDeltaD,DM1_CX_p,central_brain
vDeltaC,vDeltaE,DM1_CX_p,central_brain
vDeltaC,vDeltaJ,DM1_CX_p,central_brain
vDeltaC,vDeltaK,DM1_CX_p,central_brain
vDeltaC,vDeltaL,DM1_CX_p,central_brain
vDeltaC,vDeltaM,DM1_CX_p,central_brain
vDeltaD,vDeltaA,DM1_CX_p,central_brain
vDeltaD,vDeltaB,DM1_CX_p,central_brain
vDeltaD,vDeltaC,DM1_CX_p,central_brain
vDeltaD,vDeltaD,DM1_CX_p,central_brain
vDeltaD,vDeltaE,DM1_CX_p,central_brain
vDeltaD,vDeltaJ,DM1_CX_p,central_brain
vDeltaD,vDeltaK,DM1_CX_p,central_brain
vDeltaD,vDeltaL,DM1_CX_p,central_brain
vDeltaD,vDeltaM,DM1_CX_p,central_brain
vDeltaA_a,vDeltaA,DM1_CX_p,central_brain
vDeltaA_a,vDeltaB,DM1_CX_p,central_brain
vDeltaA_a,vDeltaC,DM1_CX_p,central_brain
vDeltaA_a,vDeltaD,DM1_CX_p,central_brain
vDeltaA_a,vDeltaE,DM1_CX_p,central_brain
vDeltaA_a,vDeltaJ,DM1_CX_p,central_brain
vDeltaA_a,vDeltaK,DM1_CX_p,central_brain
vDeltaA_a,vDeltaL,DM1_CX_p,central_brain
vDeltaA_a,vDeltaM,DM1_CX_p,central_brain
vDeltaL,vDeltaA,DM1_CX_p,central_brain
vDeltaL,vDeltaB,DM1_CX_p,central_brain
vDeltaL,vDeltaC,DM1_CX_p,central_brain
vDeltaL,vDeltaD,DM1_CX_p,central_brain
vDeltaL,vDeltaE,DM1_CX_p,central_brain
vDeltaL,vDeltaJ,DM1_CX_p,central_brain
vDeltaL,vDeltaK,DM1_CX_p,central_brain
vDeltaL,vDeltaL,DM1_CX_p,central_brain
vDeltaL,vDeltaM,DM1_CX_p,central_brain
vDeltaM,vDeltaA,DM1_CX_p,central_brain
vDeltaM,vDeltaB,DM1_CX_p,central_brain
vDeltaM,vDeltaC,DM1_CX_p,central_brain
vDeltaM,vDeltaD,DM1_CX_p,central_brain
vDeltaM,vDeltaE,DM1_CX_p,central_brain
vDeltaM,vDeltaJ,DM1_CX_p,central_brain
vDeltaM,vDeltaK,DM1_CX_p,central_brain
vDeltaM,vDeltaL,DM1_CX_p,central_brain
vDeltaM,vDeltaM,DM1_CX_p,central_brain
vDeltaK,vDeltaA,DM1_CX_p,central_brain
vDeltaK,vDeltaB,DM1_CX_p,central_brain
vDeltaK,vDeltaC,DM1_CX_p,central_brain
vDeltaK,vDeltaD,DM1_CX_p,central_brain
vDeltaK,vDeltaE,DM1_CX_p,central_brain
vDeltaK,vDeltaJ,DM1_CX_p,central_brain
vDeltaK,vDeltaK,DM1_CX_p,central_brain
vDeltaK,vDeltaL,DM1_CX_p,central_brain
vDeltaK,vDeltaM,DM1_CX_p,central_brain
vDeltaA_b,vDeltaA,DM1_CX_p,central_brain
vDeltaA_b,vDeltaB,DM1_CX_p,central_brain
vDeltaA_b,vDeltaC,DM1_CX_p,central_brain
vDeltaA_b,vDeltaD,DM1_CX_p,central_brain
vDeltaA_b,vDeltaE,DM1_CX_p,central_brain
vDeltaA_b,vDeltaJ,DM1_CX_p,central_brain
vDeltaA_b,vDeltaK,DM1_CX_p,central_brain
vDeltaA_b,vDeltaL,DM1_CX_p,central_brain
vDeltaA_b,vDeltaM,DM1_CX_p,central_brain
vDeltaB,vDeltaA,DM1_CX_p,central_brain
vDeltaB,vDeltaB,DM1_CX_p,central_brain
vDeltaB,vDeltaC,DM1_CX_p,central_brain
vDeltaB,vDeltaD,DM1_CX_p,central_brain
vDeltaB,vDeltaE,DM1_CX_p,central_brain
vDeltaB,vDeltaJ,DM1_CX_p,central_brain
vDeltaB,vDeltaK,DM1_CX_p,central_brain
vDeltaB,vDeltaL,DM1_CX_p,central_brain
vDeltaB,vDeltaM,DM1_CX_p,central_brain
vDeltaF,vDeltaA,DM1_CX_p,central_brain
vDeltaF,vDeltaB,DM1_CX_p,central_brain
vDeltaF,vDeltaC,DM1_CX_p,central_brain
vDeltaF,vDeltaD,DM1_CX_p,central_brain
vDeltaF,vDeltaE,DM1_CX_p,central_brain
vDeltaF,vDeltaJ,DM1_CX_p,central_brain
vDeltaF,vDeltaK,DM1_CX_p,central_brain
vDeltaF,vDeltaL,DM1_CX_p,central_brain
vDeltaF,vDeltaM,DM1_CX_p,central_brain
vDeltaJ,vDeltaF,DM1_CX_p,central_brain
vDeltaJ,vDeltaG,DM1_CX_p,central_brain
vDeltaJ,vDeltaH,DM1_CX_p,central_brain
vDeltaJ,vDeltaI,DM1_CX_p,central_brain
vDeltaI_b,vDeltaF,DM1_CX_p,central_brain
vDeltaI_b,vDeltaG,DM1_CX_p,central_brain
vDeltaI_b,vDeltaH,DM1_CX_p,central_brain
vDeltaI_b,vDeltaI,DM1_CX_p,central_brain
"vDeltaG,vDeltaH",vDeltaF,DM1_CX_p,central_brain
"vDeltaG,vDeltaH",vDeltaG,DM1_CX_p,central_brain
"vDeltaG,vDeltaH",vDeltaH,DM1_CX_p,central_brain
"vDeltaG,vDeltaH",vDeltaI,DM1_CX_p,central_brain
vDeltaI_a,vDeltaF,DM1_CX_p,central_brain
vDeltaI_a,vDeltaG,DM1_CX_p,central_brain
vDeltaI_a,vDeltaH,DM1_CX_p,central_brain
vDeltaI_a,vDeltaI,DM1_CX_p,central_brain
hDeltaD,hDeltaD,DM1_CX_p,central_brain
hDeltaE,hDeltaE,DM1_CX_p,central_brain
hDeltaF,hDeltaF,DM1_CX_p,central_brain
NA,NA,DM1_CX_p,central_brain
PFNp,PFNp,DM1_CX_v,central_brain
DM1_CX_v__0,NA,DM1_CX_v,central_brain
PEN_a(PEN1),PEN_a(PEN1),DM1_CX_v,central_brain
PEN_b(PEN2),PEN_b(PEN2),DM1_CX_v,central_brain
PFNa,PFNa,DM1_CX_v,central_brain
PFNd,PFNd,DM1_CX_v,central_brain
PFNm,PFNm,DM1_CX_v,central_brain
PFNm,PFNp,DM1_CX_v,central_brain
PFNp,PFNm,DM1_CX_v,central_brain
PFNv,PFNv,DM1_CX_v,central_brain
hDeltaB,hDeltaB,DM1_CX_v,central_brain
hDeltaC,hDeltaC,DM1_CX_v,central_brain
hDeltaD,hDeltaD,DM1_CX_v,central_brain
hDeltaE,hDeltaE,DM1_CX_v,central_brain
hDeltaH,hDeltaH,DM1_CX_v,central_brain
hDeltaK,hDeltaK,DM1_CX_v,central_brain
hDeltaM,hDeltaM,DM1_CX_v,central_brain
vDeltaM,vDeltaA,DM1_CX_v,central_brain
vDeltaM,vDeltaB,DM1_CX_v,central_brain
vDeltaM,vDeltaC,DM1_CX_v,central_brain
vDeltaM,vDeltaD,DM1_CX_v,central_brain
vDeltaM,vDeltaE,DM1_CX_v,central_brain
vDeltaM,vDeltaJ,DM1_CX_v,central_brain
vDeltaM,vDeltaK,DM1_CX_v,central_brain
vDeltaM,vDeltaL,DM1_CX_v,central_brain
vDeltaM,vDeltaM,DM1_CX_v,central_brain
vDeltaA_b,vDeltaA,DM1_CX_v,central_brain
vDeltaA_b,vDeltaB,DM1_CX_v,central_brain
vDeltaA_b,vDeltaC,DM1_CX_v,central_brain
vDeltaA_b,vDeltaD,DM1_CX_v,central_brain
vDeltaA_b,vDeltaE,DM1_CX_v,central_brain
vDeltaA_b,vDeltaJ,DM1_CX_v,central_brain
vDeltaA_b,vDeltaK,DM1_CX_v,central_brain
vDeltaA_b,vDeltaL,DM1_CX_v,central_brain
vDeltaA_b,vDeltaM,DM1_CX_v,central_brain
vDeltaL,vDeltaA,DM1_CX_v,central_brain
vDeltaL,vDeltaB,DM1_CX_v,central_brain
vDeltaL,vDeltaC,DM1_CX_v,central_brain
vDeltaL,vDeltaD,DM1_CX_v,central_brain
vDeltaL,vDeltaE,DM1_CX_v,central_brain
vDeltaL,vDeltaJ,DM1_CX_v,central_brain
vDeltaL,vDeltaK,DM1_CX_v,central_brain
vDeltaL,vDeltaL,DM1_CX_v,central_brain
vDeltaL,vDeltaM,DM1_CX_v,central_brain
vDeltaA_a,vDeltaA,DM1_CX_v,central_brain
vDeltaA_a,vDeltaB,DM1_CX_v,central_brain
vDeltaA_a,vDeltaC,DM1_CX_v,central_brain
vDeltaA_a,vDeltaD,DM1_CX_v,central_brain
vDeltaA_a,vDeltaE,DM1_CX_v,central_brain
vDeltaA_a,vDeltaJ,DM1_CX_v,central_brain
vDeltaA_a,vDeltaK,DM1_CX_v,central_brain
vDeltaA_a,vDeltaL,DM1_CX_v,central_brain
vDeltaA_a,vDeltaM,DM1_CX_v,central_brain
vDeltaK,vDeltaA,DM1_CX_v,central_brain
vDeltaK,vDeltaB,DM1_CX_v,central_brain
vDeltaK,vDeltaC,DM1_CX_v,central_brain
vDeltaK,vDeltaD,DM1_CX_v,central_brain
vDeltaK,vDeltaE,DM1_CX_v,central_brain
vDeltaK,vDeltaJ,DM1_CX_v,central_brain
vDeltaK,vDeltaK,DM1_CX_v,central_brain
vDeltaK,vDeltaL,DM1_CX_v,central_brain
vDeltaK,vDeltaM,DM1_CX_v,central_brain
vDeltaB,vDeltaA,DM1_CX_v,central_brain
vDeltaB,vDeltaB,DM1_CX_v,central_brain
vDeltaB,vDeltaC,DM1_CX_v,central_brain
vDeltaB,vDeltaD,DM1_CX_v,central_brain
vDeltaB,vDeltaE,DM1_CX_v,central_brain
vDeltaB,vDeltaJ,DM1_CX_v,central_brain
vDeltaB,vDeltaK,DM1_CX_v,central_brain
vDeltaB,vDeltaL,DM1_CX_v,central_brain
vDeltaB,vDeltaM,DM1_CX_v,central_brain
vDeltaC,vDeltaA,DM1_CX_v,central_brain
vDeltaC,vDeltaB,DM1_CX_v,central_brain
vDeltaC,vDeltaC,DM1_CX_v,central_brain
vDeltaC,vDeltaD,DM1_CX_v,central_brain
vDeltaC,vDeltaE,DM1_CX_v,central_brain
vDeltaC,vDeltaJ,DM1_CX_v,central_brain
vDeltaC,vDeltaK,DM1_CX_v,central_brain
vDeltaC,vDeltaL,DM1_CX_v,central_brain
vDeltaC,vDeltaM,DM1_CX_v,central_brain
vDeltaE,vDeltaA,DM1_CX_v,central_brain
vDeltaE,vDeltaB,DM1_CX_v,central_brain
vDeltaE,vDeltaC,DM1_CX_v,central_brain
vDeltaE,vDeltaD,DM1_CX_v,central_brain
vDeltaE,vDeltaE,DM1_CX_v,central_brain
vDeltaE,vDeltaJ,DM1_CX_v,central_brain
vDeltaE,vDeltaK,DM1_CX_v,central_brain
vDeltaE,vDeltaL,DM1_CX_v,central_brain
vDeltaE,vDeltaM,DM1_CX_v,central_brain
vDeltaD,vDeltaA,DM1_CX_v,central_brain
vDeltaD,vDeltaB,DM1_CX_v,central_brain
vDeltaD,vDeltaC,DM1_CX_v,central_brain
vDeltaD,vDeltaD,DM1_CX_v,central_brain
vDeltaD,vDeltaE,DM1_CX_v,central_brain
vDeltaD,vDeltaJ,DM1_CX_v,central_brain
vDeltaD,vDeltaK,DM1_CX_v,central_brain
vDeltaD,vDeltaL,DM1_CX_v,central_brain
vDeltaD,vDeltaM,DM1_CX_v,central_brain
"vDeltaG,vDeltaH",vDeltaF,DM1_CX_v,central_brain
"vDeltaG,vDeltaH",vDeltaG,DM1_CX_v,central_brain
"vDeltaG,vDeltaH",vDeltaH,DM1_CX_v,central_brain
"vDeltaG,vDeltaH",vDeltaI,DM1_CX_v,central_brain
vDeltaI_a,vDeltaF,DM1_CX_v,central_brain
vDeltaI_a,vDeltaG,DM1_CX_v,central_brain
vDeltaI_a,vDeltaH,DM1_CX_v,central_brain
vDeltaI_a,vDeltaI,DM1_CX_v,central_brain
vDeltaI_b,vDeltaF,DM1_CX_v,central_brain
vDeltaI_b,vDeltaG,DM1_CX_v,central_brain
vDeltaI_b,vDeltaH,DM1_CX_v,central_brain
vDeltaI_b,vDeltaI,DM1_CX_v,central_brain
vDeltaF,vDeltaF,DM1_CX_v,central_brain
vDeltaF,vDeltaG,DM1_CX_v,central_brain
vDeltaF,vDeltaH,DM1_CX_v,central_brain
vDeltaF,vDeltaI,DM1_CX_v,central_brain
ATL025,ATL025,DM1_antero_dorsal,central_brain
ATL026,ATL026,DM1_antero_dorsal,central_brain
ATL027,ATL027,DM1_antero_dorsal,central_brain
ATL029,ATL029,DM1_antero_dorsal,central_brain
CB0942,CRE099,DM1_antero_dorsal,central_brain
CB1320,CRE085,DM1_antero_dorsal,central_brain
CB1320,CRE086,DM1_antero_dorsal,central_brain
CB1566,CRE083,DM1_antero_dorsal,central_brain
CB1857,NA,DM1_antero_dorsal,central_brain
CB1866,CRE084,DM1_antero_dorsal,central_brain
CB1866,SMP474,DM1_antero_dorsal,central_brain
CB1902,NA,DM1_antero_dorsal,central_brain
CB2025,CRE092,DM1_antero_dorsal,central_brain
CB2030,CRE085,DM1_antero_dorsal,central_brain
CB2030,CRE086,DM1_antero_dorsal,central_brain
CB2035,NA,DM1_antero_dorsal,central_brain
CB2062,NA,DM1_antero_dorsal,central_brain
CB2509,CRE093,DM1_antero_dorsal,central_brain
CB2632,CRE092,DM1_antero_dorsal,central_brain
CB2680,CRE083,DM1_antero_dorsal,central_brain
CB2706,NA,DM1_antero_dorsal,central_brain
CB3215,NA,DM1_antero_dorsal,central_brain
CB3250,CRE084,DM1_antero_dorsal,central_brain
CB3250,SMP474,DM1_antero_dorsal,central_brain
CB3339,NA,DM1_antero_dorsal,central_brain
CB3365,CRE085,DM1_antero_dorsal,central_brain
CB3365,CRE086,DM1_antero_dorsal,central_brain
CB3610,CRE083,DM1_antero_dorsal,central_brain
CB3874,NA,DM1_antero_dorsal,central_brain
CRE080a,CRE080,DM1_antero_dorsal,central_brain
CRE080b,CRE080,DM1_antero_dorsal,central_brain
CRE080c,CRE080,DM1_antero_dorsal,central_brain
CRE081,CRE081,DM1_antero_dorsal,central_brain
CRE082,CRE082,DM1_antero_dorsal,central_brain
CRE087,CRE087,DM1_antero_dorsal,central_brain
CRE088,CRE088,DM1_antero_dorsal,central_brain
CRE094,NA,DM1_antero_dorsal,central_brain
CRE095a,CRE095,DM1_antero_dorsal,central_brain
CRE095b,CRE095,DM1_antero_dorsal,central_brain
CRE096,CRE096,DM1_antero_dorsal,central_brain
DM1_antero_dorsal__0,NA,DM1_antero_dorsal,central_brain
LAL130,LAL130,DM1_antero_dorsal,central_brain
SMP476,SMP476,DM1_antero_dorsal,central_brain
SMP477,SMP477,DM1_antero_dorsal,central_brain
NA,NA,DM1_antero_dorsal,central_brain
SMP471,SMP471,DM1_antero_dorsal,central_brain
ATL028,ATL028,DM1_antero_dorsal,central_brain
IB024,IB024,DM1_antero_dorsal,central_brain
ATL030,ATL030,DM1_antero_ventral,central_brain
CB1394_c,NA,DM1_antero_ventral,central_brain
CB1394_d,NA,DM1_antero_ventral,central_brain
CB1394_b,NA,DM1_antero_ventral,central_brain
CB1394_a,NA,DM1_antero_ventral,central_brain
SAD077,SAD077,DM1_antero_ventral,central_brain
CB1622,NA,DM1_antero_ventral,central_brain
CB2653,NA,DM1_antero_ventral,central_brain
CB3870,NA,DM1_antero_ventral,central_brain
LAL131a,LAL131,DM1_antero_ventral,central_brain
LAL131b,LAL131,DM1_antero_ventral,central_brain
LAL132a,LAL132,DM1_antero_ventral,central_brain
LAL132b,LAL132,DM1_antero_ventral,central_brain
LAL133a,LAL133,DM1_antero_ventral,central_brain
LAL133b,LAL133,DM1_antero_ventral,central_brain
PS115,PS115,DM1_antero_ventral,central_brain
PS116,PS116,DM1_antero_ventral,central_brain
PS117a,PS117,DM1_antero_ventral,central_brain
PS117b,PS117,DM1_antero_ventral,central_brain
PS118,PS118,DM1_antero_ventral,central_brain
SAD076,SAD076,DM1_antero_ventral,central_brain
SAD080,SAD080,DM1_antero_ventral,central_brain
VES048,VES048,DM1_antero_ventral,central_brain
VES049,VES049,DM1_antero_ventral,central_brain
VES050,VES050,DM1_antero_ventral,central_brain
WED094a,WED094,DM1_antero_ventral,central_brain
WED094b,WED094,DM1_antero_ventral,central_brain
WED094c,WED094,DM1_antero_ventral,central_brain
WED095,WED095,DM1_antero_ventral,central_brain
WED096a,WED096,DM1_antero_ventral,central_brain
WED096b,WED096,DM1_antero_ventral,central_brain
WED096c,WED096,DM1_antero_ventral,central_brain
WED097,WED097,DM1_antero_ventral,central_brain
WED098,WED098,DM1_antero_ventral,central_brain
WED099,WED099,DM1_antero_ventral,central_brain
WED100,WED100,DM1_antero_ventral,central_brain
WED101,WED101,DM1_antero_ventral,central_brain
WED103,WED102,DM1_antero_ventral,central_brain
WED103,WED103,DM1_antero_ventral,central_brain
WED102,WED102,DM1_antero_ventral,central_brain
WED102,WED103,DM1_antero_ventral,central_brain
CB1624,NA,DM1_dorsal,central_brain
CB3044,NA,DM1_dorsal,central_brain
IB045,IB045,DM1_dorsal,central_brain
CB4073,NA,DM1_dorsal,central_brain
CB0967,NA,DM1_dorsal,central_brain
CB1072,NA,DM1_dorsal,central_brain
"CL228,SMP491",CL228,DM1_dorsal,central_brain
"CL228,SMP491",SMP491,DM1_dorsal,central_brain
SMP490,CL228,DM1_dorsal,central_brain
SMP490,SMP491,DM1_dorsal,central_brain
DM1_dorsal__0,NA,DM1_dorsal,central_brain
CB1225,NA,DM1_dorsal,central_brain
CB1271,NA,DM1_dorsal,central_brain
CB2723,NA,DM1_dorsal,central_brain
CB2801,NA,DM1_dorsal,central_brain
CB2909,NA,DM1_dorsal,central_brain
NA,NA,DM1_dorsal,central_brain
CB1083,SMP488,DM1_dorsal,central_brain
CB1083,SMP489,DM1_dorsal,central_brain
CB1298,NA,DM1_dorsal,central_brain
CB1410,NA,DM1_dorsal,central_brain
CB2220,SMP488,DM1_dorsal,central_brain
CB2220,SMP489,DM1_dorsal,central_brain
CB2519,NA,DM1_dorsal,central_brain
CB2745,NA,DM1_dorsal,central_brain
CB2849,NA,DM1_dorsal,central_brain
CB2886,NA,DM1_dorsal,central_brain
CB3074,NA,DM1_dorsal,central_brain
CB3083,SMP488,DM1_dorsal,central_brain
CB3083,SMP489,DM1_dorsal,central_brain
PS161,PS161,DM1_dorsal,central_brain
MeMe_e12,NA,DM1_posterior,optic_lobe
cM02a,NA,DM1_posterior,central_brain
cM02b,PS132,DM1_posterior,central_brain
cM18,PS134,DM1_posterior,central_brain
cM13,IB030,DM1_posterior,central_brain
cMLLP02,PS136,DM1_posterior,central_brain
LPT58,PS135,DM1_posterior,central_brain
cM01a,NA,DM1_posterior,central_brain
cM01b,NA,DM1_posterior,central_brain
cM01c,NA,DM1_posterior,central_brain
cM06,NA,DM1_posterior,central_brain
cM12,IB029,DM1_posterior,central_brain
cM14,PS123,DM1_posterior,central_brain
cM15,PS125,DM1_posterior,central_brain
cM16,PS129,DM1_posterior,central_brain
cM17,PS130,DM1_posterior,central_brain
cML02,NA,DM1_posterior,central_brain
EL,EL,DM2_CX_d1,central_brain
EPG,EPG,DM2_CX_d1,central_brain
"FC1A,FC1B,FC1F",FC1A,DM2_CX_d1,central_brain
"FC1A,FC1B,FC1F",FC1B,DM2_CX_d1,central_brain
"FC1A,FC1B,FC1F",FC1F,DM2_CX_d1,central_brain
FC3,FC1A,DM2_CX_d1,central_brain
FC3,FC1B,DM2_CX_d1,central_brain
FC3,FC1F,DM2_CX_d1,central_brain
"FC1C,FC1E",FC1C,DM2_CX_d1,central_brain
FC1D,FC1D,DM2_CX_d1,central_brain
FC1D,FC1E,DM2_CX_d1,central_brain
"FC1C,FC1E",FC1D,DM2_CX_d1,central_brain
"FC1C,FC1E",FC1E,DM2_CX_d1,central_brain
FC2A,FC2A,DM2_CX_d1,central_brain
FC2B,FC2B,DM2_CX_d1,central_brain
FC2C,FC2C,DM2_CX_d1,central_brain
FC3,FC3,DM2_CX_d1,central_brain
FR1,FR1,DM2_CX_d1,central_brain
FR2,FR2,DM2_CX_d1,central_brain
FS1A,FS1A,DM2_CX_d1,central_brain
FS1A,FS1B,DM2_CX_d1,central_brain
FS1B,FS1A,DM2_CX_d1,central_brain
FS1B,FS1B,DM2_CX_d1,central_brain
FS2,FS2,DM2_CX_d1,central_brain
FS3,FS3,DM2_CX_d1,central_brain
FS4C,FS4A,DM2_CX_d1,central_brain
FS4C,FS4B,DM2_CX_d1,central_brain
FS4C,FS4C,DM2_CX_d1,central_brain
FS4B,FS4A,DM2_CX_d1,central_brain
FS4B,FS4B,DM2_CX_d1,central_brain
FS4B,FS4C,DM2_CX_d1,central_brain
FS4A,FS4A,DM2_CX_d1,central_brain
FS4A,FS4B,DM2_CX_d1,central_brain
FS4A,FS4C,DM2_CX_d1,central_brain
PEG,PEG,DM2_CX_d1,central_brain
PFGs,PFGs,DM2_CX_d1,central_brain
PFL3,PFL3,DM2_CX_d1,central_brain
PFR,PFR,DM2_CX_d1,central_brain
PFGs,NA,DM2_CX_d1,central_brain
EL,EL,DM2_CX_d2,central_brain
EPG,EPG,DM2_CX_d2,central_brain
"FC1A,FC1B,FC1F",FC1A,DM2_CX_d2,central_brain
"FC1A,FC1B,FC1F",FC1B,DM2_CX_d2,central_brain
"FC1A,FC1B,FC1F",FC1F,DM2_CX_d2,central_brain
FC3,FC1A,DM2_CX_d2,central_brain
FC3,FC1B,DM2_CX_d2,central_brain
FC3,FC1F,DM2_CX_d2,central_brain
"FC1C,FC1E",FC1C,DM2_CX_d2,central_brain
FC1D,FC1D,DM2_CX_d2,central_brain
FC1D,FC1E,DM2_CX_d2,central_brain
"FC1C,FC1E",FC1D,DM2_CX_d2,central_brain
"FC1C,FC1E",FC1E,DM2_CX_d2,central_brain
FC2A,FC2A,DM2_CX_d2,central_brain
FC2B,FC2B,DM2_CX_d2,central_brain
FC2C,FC2C,DM2_CX_d2,central_brain
FC3,FC3,DM2_CX_d2,central_brain
FR2,FR2,DM2_CX_d2,central_brain
FS1A,FS1A,DM2_CX_d2,central_brain
FS1A,FS1B,DM2_CX_d2,central_brain
FS1B,FS1A,DM2_CX_d2,central_brain
FS1B,FS1B,DM2_CX_d2,central_brain
FS2,FS2,DM2_CX_d2,central_brain
FS3,FS3,DM2_CX_d2,central_brain
FS4B,FS4A,DM2_CX_d2,central_brain
FS4B,FS4B,DM2_CX_d2,central_brain
FS4B,FS4C,DM2_CX_d2,central_brain
FS4C,FS4A,DM2_CX_d2,central_brain
FS4C,FS4B,DM2_CX_d2,central_brain
FS4C,FS4C,DM2_CX_d2,central_brain
FS4A,FS4A,DM2_CX_d2,central_brain
FS4A,FS4B,DM2_CX_d2,central_brain
FS4A,FS4C,DM2_CX_d2,central_brain
PEG,PEG,DM2_CX_d2,central_brain
PFGs,PFGs,DM2_CX_d2,central_brain
PFL1,PFL1,DM2_CX_d2,central_brain
PFL2,PFL2,DM2_CX_d2,central_brain
PFL3,PFL3,DM2_CX_d2,central_brain
PFR,PFR,DM2_CX_d2,central_brain
FR1,FR1,DM2_CX_d2,central_brain
hDeltaA,hDeltaA,DM2_CX_d2,central_brain
hDeltaD,hDeltaD,DM2_CX_d2,central_brain
hDeltaE,hDeltaE,DM2_CX_d2,central_brain
hDeltaF,hDeltaF,DM2_CX_d2,central_brain
hDeltaI,hDeltaI,DM2_CX_d2,central_brain
hDeltaL,hDeltaL,DM2_CX_d2,central_brain
PEN_a(PEN1),PEN_a(PEN1),DM2_CX_p,central_brain
PEN_b(PEN2),PEN_b(PEN2),DM2_CX_p,central_brain
PFNa,PFNa,DM2_CX_p,central_brain
PFNd,PFNd,DM2_CX_p,central_brain
PFNp,PFNm,DM2_CX_p,central_brain
PFNp,PFNp,DM2_CX_p,central_brain
PFNm,PFNm,DM2_CX_p,central_brain
PFNm,PFNp,DM2_CX_p,central_brain
PFNv,PFNv,DM2_CX_p,central_brain
PFGs,NA,DM2_CX_p,central_brain
hDeltaB,hDeltaB,DM2_CX_p,central_brain
hDeltaC,hDeltaC,DM2_CX_p,central_brain
hDeltaG,hDeltaG,DM2_CX_p,central_brain
hDeltaH,hDeltaH,DM2_CX_p,central_brain
hDeltaI,hDeltaI,DM2_CX_p,central_brain
hDeltaJ,hDeltaJ,DM2_CX_p,central_brain
hDeltaK,hDeltaK,DM2_CX_p,central_brain
hDeltaM,hDeltaM,DM2_CX_p,central_brain
vDeltaD,vDeltaA,DM2_CX_p,central_brain
vDeltaD,vDeltaB,DM2_CX_p,central_brain
vDeltaD,vDeltaC,DM2_CX_p,central_brain
vDeltaD,vDeltaD,DM2_CX_p,central_brain
vDeltaD,vDeltaE,DM2_CX_p,central_brain
vDeltaD,vDeltaJ,DM2_CX_p,central_brain
vDeltaD,vDeltaK,DM2_CX_p,central_brain
vDeltaD,vDeltaL,DM2_CX_p,central_brain
vDeltaD,vDeltaM,DM2_CX_p,central_brain
vDeltaE,vDeltaA,DM2_CX_p,central_brain
vDeltaE,vDeltaB,DM2_CX_p,central_brain
vDeltaE,vDeltaC,DM2_CX_p,central_brain
vDeltaE,vDeltaD,DM2_CX_p,central_brain
vDeltaE,vDeltaE,DM2_CX_p,central_brain
vDeltaE,vDeltaJ,DM2_CX_p,central_brain
vDeltaE,vDeltaK,DM2_CX_p,central_brain
vDeltaE,vDeltaL,DM2_CX_p,central_brain
vDeltaE,vDeltaM,DM2_CX_p,central_brain
vDeltaC,vDeltaA,DM2_CX_p,central_brain
vDeltaC,vDeltaB,DM2_CX_p,central_brain
vDeltaC,vDeltaC,DM2_CX_p,central_brain
vDeltaC,vDeltaD,DM2_CX_p,central_brain
vDeltaC,vDeltaE,DM2_CX_p,central_brain
vDeltaC,vDeltaJ,DM2_CX_p,central_brain
vDeltaC,vDeltaK,DM2_CX_p,central_brain
vDeltaC,vDeltaL,DM2_CX_p,central_brain
vDeltaC,vDeltaM,DM2_CX_p,central_brain
vDeltaA_b,vDeltaA,DM2_CX_p,central_brain
vDeltaA_b,vDeltaB,DM2_CX_p,central_brain
vDeltaA_b,vDeltaC,DM2_CX_p,central_brain
vDeltaA_b,vDeltaD,DM2_CX_p,central_brain
vDeltaA_b,vDeltaE,DM2_CX_p,central_brain
vDeltaA_b,vDeltaJ,DM2_CX_p,central_brain
vDeltaA_b,vDeltaK,DM2_CX_p,central_brain
vDeltaA_b,vDeltaL,DM2_CX_p,central_brain
vDeltaA_b,vDeltaM,DM2_CX_p,central_brain
vDeltaF,vDeltaA,DM2_CX_p,central_brain
vDeltaF,vDeltaB,DM2_CX_p,central_brain
vDeltaF,vDeltaC,DM2_CX_p,central_brain
vDeltaF,vDeltaD,DM2_CX_p,central_brain
vDeltaF,vDeltaE,DM2_CX_p,central_brain
vDeltaF,vDeltaJ,DM2_CX_p,central_brain
vDeltaF,vDeltaK,DM2_CX_p,central_brain
vDeltaF,vDeltaL,DM2_CX_p,central_brain
vDeltaF,vDeltaM,DM2_CX_p,central_brain
vDeltaL,vDeltaA,DM2_CX_p,central_brain
vDeltaL,vDeltaB,DM2_CX_p,central_brain
vDeltaL,vDeltaC,DM2_CX_p,central_brain
vDeltaL,vDeltaD,DM2_CX_p,central_brain
vDeltaL,vDeltaE,DM2_CX_p,central_brain
vDeltaL,vDeltaJ,DM2_CX_p,central_brain
vDeltaL,vDeltaK,DM2_CX_p,central_brain
vDeltaL,vDeltaL,DM2_CX_p,central_brain
vDeltaL,vDeltaM,DM2_CX_p,central_brain
vDeltaB,vDeltaA,DM2_CX_p,central_brain
vDeltaB,vDeltaB,DM2_CX_p,central_brain
vDeltaB,vDeltaC,DM2_CX_p,central_brain
vDeltaB,vDeltaD,DM2_CX_p,central_brain
vDeltaB,vDeltaE,DM2_CX_p,central_brain
vDeltaB,vDeltaJ,DM2_CX_p,central_brain
vDeltaB,vDeltaK,DM2_CX_p,central_brain
vDeltaB,vDeltaL,DM2_CX_p,central_brain
vDeltaB,vDeltaM,DM2_CX_p,central_brain
vDeltaM,vDeltaA,DM2_CX_p,central_brain
vDeltaM,vDeltaB,DM2_CX_p,central_brain
vDeltaM,vDeltaC,DM2_CX_p,central_brain
vDeltaM,vDeltaD,DM2_CX_p,central_brain
vDeltaM,vDeltaE,DM2_CX_p,central_brain
vDeltaM,vDeltaJ,DM2_CX_p,central_brain
vDeltaM,vDeltaK,DM2_CX_p,central_brain
vDeltaM,vDeltaL,DM2_CX_p,central_brain
vDeltaM,vDeltaM,DM2_CX_p,central_brain
vDeltaK,vDeltaA,DM2_CX_p,central_brain
vDeltaK,vDeltaB,DM2_CX_p,central_brain
vDeltaK,vDeltaC,DM2_CX_p,central_brain
vDeltaK,vDeltaD,DM2_CX_p,central_brain
vDeltaK,vDeltaE,DM2_CX_p,central_brain
vDeltaK,vDeltaJ,DM2_CX_p,central_brain
vDeltaK,vDeltaK,DM2_CX_p,central_brain
vDeltaK,vDeltaL,DM2_CX_p,central_brain
vDeltaK,vDeltaM,DM2_CX_p,central_brain
vDeltaA_a,vDeltaA,DM2_CX_p,central_brain
vDeltaA_a,vDeltaB,DM2_CX_p,central_brain
vDeltaA_a,vDeltaC,DM2_CX_p,central_brain
vDeltaA_a,vDeltaD,DM2_CX_p,central_brain
vDeltaA_a,vDeltaE,DM2_CX_p,central_brain
vDeltaA_a,vDeltaJ,DM2_CX_p,central_brain
vDeltaA_a,vDeltaK,DM2_CX_p,central_brain
vDeltaA_a,vDeltaL,DM2_CX_p,central_brain
vDeltaA_a,vDeltaM,DM2_CX_p,central_brain
vDeltaJ,vDeltaA,DM2_CX_p,central_brain
vDeltaJ,vDeltaB,DM2_CX_p,central_brain
vDeltaJ,vDeltaC,DM2_CX_p,central_brain
vDeltaJ,vDeltaD,DM2_CX_p,central_brain
vDeltaJ,vDeltaE,DM2_CX_p,central_brain
vDeltaJ,vDeltaJ,DM2_CX_p,central_brain
vDeltaJ,vDeltaK,DM2_CX_p,central_brain
vDeltaJ,vDeltaL,DM2_CX_p,central_brain
vDeltaJ,vDeltaM,DM2_CX_p,central_brain
vDeltaF,vDeltaF,DM2_CX_p,central_brain
vDeltaF,vDeltaG,DM2_CX_p,central_brain
vDeltaF,vDeltaH,DM2_CX_p,central_brain
vDeltaF,vDeltaI,DM2_CX_p,central_brain
vDeltaJ,vDeltaF,DM2_CX_p,central_brain
vDeltaJ,vDeltaG,DM2_CX_p,central_brain
vDeltaJ,vDeltaH,DM2_CX_p,central_brain
vDeltaJ,vDeltaI,DM2_CX_p,central_brain
vDeltaI_b,vDeltaF,DM2_CX_p,central_brain
vDeltaI_b,vDeltaG,DM2_CX_p,central_brain
vDeltaI_b,vDeltaH,DM2_CX_p,central_brain
vDeltaI_b,vDeltaI,DM2_CX_p,central_brain
vDeltaI_a,vDeltaF,DM2_CX_p,central_brain
vDeltaI_a,vDeltaG,DM2_CX_p,central_brain
vDeltaI_a,vDeltaH,DM2_CX_p,central_brain
vDeltaI_a,vDeltaI,DM2_CX_p,central_brain
"vDeltaG,vDeltaH",vDeltaF,DM2_CX_p,central_brain
"vDeltaG,vDeltaH",vDeltaG,DM2_CX_p,central_brain
"vDeltaG,vDeltaH",vDeltaH,DM2_CX_p,central_brain
"vDeltaG,vDeltaH",vDeltaI,DM2_CX_p,central_brain
PEN_a(PEN1),PEN_a(PEN1),DM2_CX_v,central_brain
PEN_b(PEN2),PEN_b(PEN2),DM2_CX_v,central_brain
PFNa,PFNa,DM2_CX_v,central_brain
PFNd,PFNd,DM2_CX_v,central_brain
PFNp,PFNm,DM2_CX_v,central_brain
PFNp,PFNp,DM2_CX_v,central_brain
PFNm,PFNm,DM2_CX_v,central_brain
PFNm,PFNp,DM2_CX_v,central_brain
PFNv,PFNv,DM2_CX_v,central_brain
vDeltaM,vDeltaM,DM2_CX_v,central_brain
vDeltaD,vDeltaA,DM2_CX_v,central_brain
vDeltaD,vDeltaB,DM2_CX_v,central_brain
vDeltaD,vDeltaC,DM2_CX_v,central_brain
vDeltaD,vDeltaD,DM2_CX_v,central_brain
vDeltaD,vDeltaE,DM2_CX_v,central_brain
vDeltaD,vDeltaJ,DM2_CX_v,central_brain
vDeltaD,vDeltaK,DM2_CX_v,central_brain
vDeltaD,vDeltaL,DM2_CX_v,central_brain
vDeltaD,vDeltaM,DM2_CX_v,central_brain
vDeltaC,vDeltaA,DM2_CX_v,central_brain
vDeltaC,vDeltaB,DM2_CX_v,central_brain
vDeltaC,vDeltaC,DM2_CX_v,central_brain
vDeltaC,vDeltaD,DM2_CX_v,central_brain
vDeltaC,vDeltaE,DM2_CX_v,central_brain
vDeltaC,vDeltaJ,DM2_CX_v,central_brain
vDeltaC,vDeltaK,DM2_CX_v,central_brain
vDeltaC,vDeltaL,DM2_CX_v,central_brain
vDeltaC,vDeltaM,DM2_CX_v,central_brain
vDeltaB,vDeltaA,DM2_CX_v,central_brain
vDeltaB,vDeltaB,DM2_CX_v,central_brain
vDeltaB,vDeltaC,DM2_CX_v,central_brain
vDeltaB,vDeltaD,DM2_CX_v,central_brain
vDeltaB,vDeltaE,DM2_CX_v,central_brain
vDeltaB,vDeltaJ,DM2_CX_v,central_brain
vDeltaB,vDeltaK,DM2_CX_v,central_brain
vDeltaB,vDeltaL,DM2_CX_v,central_brain
vDeltaB,vDeltaM,DM2_CX_v,central_brain
vDeltaM,vDeltaA,DM2_CX_v,central_brain
vDeltaM,vDeltaB,DM2_CX_v,central_brain
vDeltaM,vDeltaC,DM2_CX_v,central_brain
vDeltaM,vDeltaD,DM2_CX_v,central_brain
vDeltaM,vDeltaE,DM2_CX_v,central_brain
vDeltaM,vDeltaJ,DM2_CX_v,central_brain
vDeltaM,vDeltaK,DM2_CX_v,central_brain
vDeltaM,vDeltaL,DM2_CX_v,central_brain
vDeltaA_a,vDeltaA,DM2_CX_v,central_brain
vDeltaA_a,vDeltaB,DM2_CX_v,central_brain
vDeltaA_a,vDeltaC,DM2_CX_v,central_brain
vDeltaA_a,vDeltaD,DM2_CX_v,central_brain
vDeltaA_a,vDeltaE,DM2_CX_v,central_brain
vDeltaA_a,vDeltaJ,DM2_CX_v,central_brain
vDeltaA_a,vDeltaK,DM2_CX_v,central_brain
vDeltaA_a,vDeltaL,DM2_CX_v,central_brain
vDeltaA_a,vDeltaM,DM2_CX_v,central_brain
vDeltaE,vDeltaA,DM2_CX_v,central_brain
vDeltaE,vDeltaB,DM2_CX_v,central_brain
vDeltaE,vDeltaC,DM2_CX_v,central_brain
vDeltaE,vDeltaD,DM2_CX_v,central_brain
vDeltaE,vDeltaE,DM2_CX_v,central_brain
vDeltaE,vDeltaJ,DM2_CX_v,central_brain
vDeltaE,vDeltaK,DM2_CX_v,central_brain
vDeltaE,vDeltaL,DM2_CX_v,central_brain
vDeltaE,vDeltaM,DM2_CX_v,central_brain
vDeltaK,vDeltaA,DM2_CX_v,central_brain
vDeltaK,vDeltaB,DM2_CX_v,central_brain
vDeltaK,vDeltaC,DM2_CX_v,central_brain
vDeltaK,vDeltaD,DM2_CX_v,central_brain
vDeltaK,vDeltaE,DM2_CX_v,central_brain
vDeltaK,vDeltaJ,DM2_CX_v,central_brain
vDeltaK,vDeltaK,DM2_CX_v,central_brain
vDeltaK,vDeltaL,DM2_CX_v,central_brain
vDeltaK,vDeltaM,DM2_CX_v,central_brain
vDeltaL,vDeltaA,DM2_CX_v,central_brain
vDeltaL,vDeltaB,DM2_CX_v,central_brain
vDeltaL,vDeltaC,DM2_CX_v,central_brain
vDeltaL,vDeltaD,DM2_CX_v,central_brain
vDeltaL,vDeltaE,DM2_CX_v,central_brain
vDeltaL,vDeltaJ,DM2_CX_v,central_brain
vDeltaL,vDeltaK,DM2_CX_v,central_brain
vDeltaL,vDeltaL,DM2_CX_v,central_brain
vDeltaL,vDeltaM,DM2_CX_v,central_brain
vDeltaA_b,vDeltaA,DM2_CX_v,central_brain
vDeltaA_b,vDeltaB,DM2_CX_v,central_brain
vDeltaA_b,vDeltaC,DM2_CX_v,central_brain
vDeltaA_b,vDeltaD,DM2_CX_v,central_brain
vDeltaA_b,vDeltaE,DM2_CX_v,central_brain
vDeltaA_b,vDeltaJ,DM2_CX_v,central_brain
vDeltaA_b,vDeltaK,DM2_CX_v,central_brain
vDeltaA_b,vDeltaL,DM2_CX_v,central_brain
vDeltaA_b,vDeltaM,DM2_CX_v,central_brain
vDeltaJ,vDeltaF,DM2_CX_v,central_brain
vDeltaJ,vDeltaG,DM2_CX_v,central_brain
vDeltaJ,vDeltaH,DM2_CX_v,central_brain
vDeltaJ,vDeltaI,DM2_CX_v,central_brain
vDeltaI_a,vDeltaF,DM2_CX_v,central_brain
vDeltaI_a,vDeltaG,DM2_CX_v,central_brain
vDeltaI_a,vDeltaH,DM2_CX_v,central_brain
vDeltaI_a,vDeltaI,DM2_CX_v,central_brain
"vDeltaG,vDeltaH",vDeltaF,DM2_CX_v,central_brain
"vDeltaG,vDeltaH",vDeltaG,DM2_CX_v,central_brain
"vDeltaG,vDeltaH",vDeltaH,DM2_CX_v,central_brain
"vDeltaG,vDeltaH",vDeltaI,DM2_CX_v,central_brain
vDeltaI_b,vDeltaF,DM2_CX_v,central_brain
vDeltaI_b,vDeltaG,DM2_CX_v,central_brain
vDeltaI_b,vDeltaH,DM2_CX_v,central_brain
vDeltaI_b,vDeltaI,DM2_CX_v,central_brain
vDeltaF,vDeltaF,DM2_CX_v,central_brain
vDeltaF,vDeltaG,DM2_CX_v,central_brain
vDeltaF,vDeltaH,DM2_CX_v,central_brain
vDeltaF,vDeltaI,DM2_CX_v,central_brain
CB0405,NA,DM2_central,central_brain
CB0944,NA,DM2_central,central_brain
CB1071,NA,DM2_central,central_brain
CB1081,NA,DM2_central,central_brain
CB1084,NA,DM2_central,central_brain
CB1278,NA,DM2_central,central_brain
CB1317,NA,DM2_central,central_brain
CB1578,NA,DM2_central,central_brain
CB1858,NA,DM2_central,central_brain
CB1949,NA,DM2_central,central_brain
CB2156,NA,DM2_central,central_brain
CB2157,NA,DM2_central,central_brain
CB2165,NA,DM2_central,central_brain
CB2539,SMP300,DM2_central,central_brain
CB2539,SMP301,DM2_central,central_brain
CB2608,SMP306,DM2_central,central_brain
CB3272,NA,DM2_central,central_brain
CB3497,NA,DM2_central,central_brain
CB3505,SMP302,DM2_central,central_brain
CB3534,NA,DM2_central,central_brain
CB3536,NA,DM2_central,central_brain
CB3550,NA,DM2_central,central_brain
CB3591,SMP306,DM2_central,central_brain
CB3636,SMP306,DM2_central,central_brain
CB3650,NA,DM2_central,central_brain
DNpe033,SMP289,DM2_central,central_brain
DNpe041,SMP290,DM2_central,central_brain
SMP285,SMP285,DM2_central,central_brain
SMP286,SMP286,DM2_central,central_brain
SMP298,SMP298,DM2_central,central_brain
SMP307,SMP307,DM2_central,central_brain
CB0094,SMP288,DM2_central,central_brain
DNp25,DNp25,DM2_central,central_brain
DNit012,NA,DM2_central,central_brain
DNp25,NA,DM2_central,central_brain
CB4229,PS142,DM2_or_DM3_posterior,central_brain
CB4229,PS148,DM2_or_DM3_posterior,central_brain
CB4230,PS142,DM2_or_DM3_posterior,central_brain
CB4230,PS148,DM2_or_DM3_posterior,central_brain
CB1227,NA,DM2_or_DM3_posterior,central_brain
CB1252,NA,DM2_or_DM3_posterior,central_brain
CB1330,NA,DM2_or_DM3_posterior,central_brain
CB1374,NA,DM2_or_DM3_posterior,central_brain
CB1794,NA,DM2_or_DM3_posterior,central_brain
CB1844,NA,DM2_or_DM3_posterior,central_brain
CB1853,NA,DM2_or_DM3_posterior,central_brain
CB2152,NA,DM2_or_DM3_posterior,central_brain
CB2337,NA,DM2_or_DM3_posterior,central_brain
CB2721,NA,DM2_or_DM3_posterior,central_brain
CB2762,NA,DM2_or_DM3_posterior,central_brain
CB2869,NA,DM2_or_DM3_posterior,central_brain
CB2947,NA,DM2_or_DM3_posterior,central_brain
"CL231,CL238",CL231,DM2_or_DM3_posterior,central_brain
"CL231,CL238",CL238,DM2_or_DM3_posterior,central_brain
CL239,CL239,DM2_or_DM3_posterior,central_brain
PS150a,NA,DM2_or_DM3_posterior,central_brain
DM2_or_DM3_posterior__1,NA,DM2_or_DM3_posterior,central_brain
PS150b,NA,DM2_or_DM3_posterior,central_brain
DM2_or_DM3_posterior__2,NA,DM2_or_DM3_posterior,central_brain
IB031,IB031,DM2_or_DM3_posterior,central_brain
IB032,IB032,DM2_or_DM3_posterior,central_brain
"IB033,IB039",IB033,DM2_or_DM3_posterior,central_brain
"IB033,IB039",IB039,DM2_or_DM3_posterior,central_brain
"PLP139,PLP140",PLP139,DM2_or_DM3_posterior,central_brain
"PLP139,PLP140",PLP140,DM2_or_DM3_posterior,central_brain
PPM1201,PPM1201,DM2_or_DM3_posterior,central_brain
PPM1202,PPM1202,DM2_or_DM3_posterior,central_brain
"PPM1204,PS139",PPM1204,DM2_or_DM3_posterior,central_brain
"PPM1204,PS139",PS139,DM2_or_DM3_posterior,central_brain
PS137,PS137,DM2_or_DM3_posterior,central_brain
PS140,PS140,DM2_or_DM3_posterior,central_brain
"PS141,PS147",PS141,DM2_or_DM3_posterior,central_brain
"PS141,PS147",PS147,DM2_or_DM3_posterior,central_brain
"PS143,PS149",PS143,DM2_or_DM3_posterior,central_brain
"PS143,PS149",PS149,DM2_or_DM3_posterior,central_brain
PS150,PS150,DM2_or_DM3_posterior,central_brain
PS153,PS153,DM2_or_DM3_posterior,central_brain
"VES051,VES052",VES051,DM2_or_DM3_posterior,central_brain
"VES051,VES052",VES052,DM2_or_DM3_posterior,central_brain
EL,EL,DM3_CX_d1,central_brain
EPG,EPG,DM3_CX_d1,central_brain
"FC1A,FC1B,FC1F",FC1A,DM3_CX_d1,central_brain
"FC1A,FC1B,FC1F",FC1B,DM3_CX_d1,central_brain
"FC1A,FC1B,FC1F",FC1F,DM3_CX_d1,central_brain
"FC1C,FC1E",FC1C,DM3_CX_d1,central_brain
FC1D,FC1D,DM3_CX_d1,central_brain
FC1D,FC1E,DM3_CX_d1,central_brain
FC2A,FC2A,DM3_CX_d1,central_brain
FC2B,FC2B,DM3_CX_d1,central_brain
FC2C,FC2C,DM3_CX_d1,central_brain
FC3,FC3,DM3_CX_d1,central_brain
FR1,FR1,DM3_CX_d1,central_brain
FR2,FR2,DM3_CX_d1,central_brain
FS1A,FS1A,DM3_CX_d1,central_brain
FS1A,FS1B,DM3_CX_d1,central_brain
FS2,FS2,DM3_CX_d1,central_brain
FS3,FS3,DM3_CX_d1,central_brain
FS4A,FS4A,DM3_CX_d1,central_brain
FS4A,FS4B,DM3_CX_d1,central_brain
FS4A,FS4C,DM3_CX_d1,central_brain
FS4C,FS4A,DM3_CX_d1,central_brain
FS4C,FS4B,DM3_CX_d1,central_brain
FS4C,FS4C,DM3_CX_d1,central_brain
FS4B,FS4A,DM3_CX_d1,central_brain
FS4B,FS4B,DM3_CX_d1,central_brain
FS4B,FS4C,DM3_CX_d1,central_brain
PEG,PEG,DM3_CX_d1,central_brain
PFGs,PFGs,DM3_CX_d1,central_brain
PFR,PFR,DM3_CX_d1,central_brain
PFL3,PFL3,DM3_CX_d1,central_brain
EL,EL,DM3_CX_d2,central_brain
EPG,EPG,DM3_CX_d2,central_brain
"FC1A,FC1B,FC1F",FC1A,DM3_CX_d2,central_brain
"FC1A,FC1B,FC1F",FC1B,DM3_CX_d2,central_brain
"FC1A,FC1B,FC1F",FC1F,DM3_CX_d2,central_brain
"FC1C,FC1E",FC1C,DM3_CX_d2,central_brain
FC1D,FC1D,DM3_CX_d2,central_brain
FC1D,FC1E,DM3_CX_d2,central_brain
"FC1C,FC1E",FC1D,DM3_CX_d2,central_brain
"FC1C,FC1E",FC1E,DM3_CX_d2,central_brain
FC2A,FC2A,DM3_CX_d2,central_brain
FC2B,FC2B,DM3_CX_d2,central_brain
FC2C,FC2C,DM3_CX_d2,central_brain
FC3,FC3,DM3_CX_d2,central_brain
FR1,FR1,DM3_CX_d2,central_brain
FR2,FR2,DM3_CX_d2,central_brain
FS1A,FS1A,DM3_CX_d2,central_brain
FS1A,FS1B,DM3_CX_d2,central_brain
FS1B,FS1A,DM3_CX_d2,central_brain
FS1B,FS1B,DM3_CX_d2,central_brain
FS2,FS2,DM3_CX_d2,central_brain
FS3,FS3,DM3_CX_d2,central_brain
FS4A,FS4A,DM3_CX_d2,central_brain
FS4A,FS4B,DM3_CX_d2,central_brain
FS4A,FS4C,DM3_CX_d2,central_brain
FS4B,FS4A,DM3_CX_d2,central_brain
FS4B,FS4B,DM3_CX_d2,central_brain
FS4B,FS4C,DM3_CX_d2,central_brain
FS4C,FS4A,DM3_CX_d2,central_brain
FS4C,FS4B,DM3_CX_d2,central_brain
FS4C,FS4C,DM3_CX_d2,central_brain
PEG,PEG,DM3_CX_d2,central_brain
PFGs,PFGs,DM3_CX_d2,central_brain
FC3,PFGs,DM3_CX_d2,central_brain
PFL1,PFL1,DM3_CX_d2,central_brain
PFL3,PFL3,DM3_CX_d2,central_brain
PFR,PFR,DM3_CX_d2,central_brain
PFR_a,NA,DM3_CX_d2,central_brain
PFGs,NA,DM3_CX_d2,central_brain
hDeltaA,hDeltaA,DM3_CX_d2,central_brain
hDeltaD,hDeltaD,DM3_CX_d2,central_brain
hDeltaE,hDeltaE,DM3_CX_d2,central_brain
hDeltaG,hDeltaG,DM3_CX_d2,central_brain
hDeltaI,hDeltaI,DM3_CX_d2,central_brain
hDeltaL,hDeltaL,DM3_CX_d2,central_brain
FS2,FS2,DM3_CX_p,central_brain
PEN_a(PEN1),PEN_a(PEN1),DM3_CX_p,central_brain
PEN_b(PEN2),PEN_b(PEN2),DM3_CX_p,central_brain
PFNa,PFNa,DM3_CX_p,central_brain
PFNd,PFNd,DM3_CX_p,central_brain
PFNp,PFNm,DM3_CX_p,central_brain
PFNp,PFNp,DM3_CX_p,central_brain
PFNm,PFNm,DM3_CX_p,central_brain
PFNm,PFNp,DM3_CX_p,central_brain
PFNv,PFNv,DM3_CX_p,central_brain
hDeltaA,hDeltaA,DM3_CX_p,central_brain
hDeltaB,hDeltaB,DM3_CX_p,central_brain
hDeltaC,hDeltaC,DM3_CX_p,central_brain
hDeltaH,hDeltaH,DM3_CX_p,central_brain
hDeltaI,hDeltaI,DM3_CX_p,central_brain
hDeltaJ,hDeltaJ,DM3_CX_p,central_brain
hDeltaK,hDeltaK,DM3_CX_p,central_brain
hDeltaM,hDeltaM,DM3_CX_p,central_brain
vDeltaB,vDeltaA,DM3_CX_p,central_brain
vDeltaB,vDeltaB,DM3_CX_p,central_brain
vDeltaB,vDeltaC,DM3_CX_p,central_brain
vDeltaB,vDeltaD,DM3_CX_p,central_brain
vDeltaB,vDeltaE,DM3_CX_p,central_brain
vDeltaB,vDeltaJ,DM3_CX_p,central_brain
vDeltaB,vDeltaK,DM3_CX_p,central_brain
vDeltaB,vDeltaL,DM3_CX_p,central_brain
vDeltaB,vDeltaM,DM3_CX_p,central_brain
vDeltaE,vDeltaA,DM3_CX_p,central_brain
vDeltaE,vDeltaB,DM3_CX_p,central_brain
vDeltaE,vDeltaC,DM3_CX_p,central_brain
vDeltaE,vDeltaD,DM3_CX_p,central_brain
vDeltaE,vDeltaE,DM3_CX_p,central_brain
vDeltaE,vDeltaJ,DM3_CX_p,central_brain
vDeltaE,vDeltaK,DM3_CX_p,central_brain
vDeltaE,vDeltaL,DM3_CX_p,central_brain
vDeltaE,vDeltaM,DM3_CX_p,central_brain
vDeltaL,vDeltaA,DM3_CX_p,central_brain
vDeltaL,vDeltaB,DM3_CX_p,central_brain
vDeltaL,vDeltaC,DM3_CX_p,central_brain
vDeltaL,vDeltaD,DM3_CX_p,central_brain
vDeltaL,vDeltaE,DM3_CX_p,central_brain
vDeltaL,vDeltaJ,DM3_CX_p,central_brain
vDeltaL,vDeltaK,DM3_CX_p,central_brain
vDeltaL,vDeltaL,DM3_CX_p,central_brain
vDeltaL,vDeltaM,DM3_CX_p,central_brain
vDeltaM,vDeltaA,DM3_CX_p,central_brain
vDeltaM,vDeltaB,DM3_CX_p,central_brain
vDeltaM,vDeltaC,DM3_CX_p,central_brain
vDeltaM,vDeltaD,DM3_CX_p,central_brain
vDeltaM,vDeltaE,DM3_CX_p,central_brain
vDeltaM,vDeltaJ,DM3_CX_p,central_brain
vDeltaM,vDeltaK,DM3_CX_p,central_brain
vDeltaM,vDeltaL,DM3_CX_p,central_brain
vDeltaM,vDeltaM,DM3_CX_p,central_brain
vDeltaK,vDeltaA,DM3_CX_p,central_brain
vDeltaK,vDeltaB,DM3_CX_p,central_brain
vDeltaK,vDeltaC,DM3_CX_p,central_brain
vDeltaK,vDeltaD,DM3_CX_p,central_brain
vDeltaK,vDeltaE,DM3_CX_p,central_brain
vDeltaK,vDeltaJ,DM3_CX_p,central_brain
vDeltaK,vDeltaK,DM3_CX_p,central_brain
vDeltaK,vDeltaL,DM3_CX_p,central_brain
vDeltaK,vDeltaM,DM3_CX_p,central_brain
vDeltaA_a,vDeltaA,DM3_CX_p,central_brain
vDeltaA_a,vDeltaB,DM3_CX_p,central_brain
vDeltaA_a,vDeltaC,DM3_CX_p,central_brain
vDeltaA_a,vDeltaD,DM3_CX_p,central_brain
vDeltaA_a,vDeltaE,DM3_CX_p,central_brain
vDeltaA_a,vDeltaJ,DM3_CX_p,central_brain
vDeltaA_a,vDeltaK,DM3_CX_p,central_brain
vDeltaA_a,vDeltaL,DM3_CX_p,central_brain
vDeltaA_a,vDeltaM,DM3_CX_p,central_brain
vDeltaA_b,vDeltaA,DM3_CX_p,central_brain
vDeltaA_b,vDeltaB,DM3_CX_p,central_brain
vDeltaA_b,vDeltaC,DM3_CX_p,central_brain
vDeltaA_b,vDeltaD,DM3_CX_p,central_brain
vDeltaA_b,vDeltaE,DM3_CX_p,central_brain
vDeltaA_b,vDeltaJ,DM3_CX_p,central_brain
vDeltaA_b,vDeltaK,DM3_CX_p,central_brain
vDeltaA_b,vDeltaL,DM3_CX_p,central_brain
vDeltaA_b,vDeltaM,DM3_CX_p,central_brain
vDeltaD,vDeltaA,DM3_CX_p,central_brain
vDeltaD,vDeltaB,DM3_CX_p,central_brain
vDeltaD,vDeltaC,DM3_CX_p,central_brain
vDeltaD,vDeltaD,DM3_CX_p,central_brain
vDeltaD,vDeltaE,DM3_CX_p,central_brain
vDeltaD,vDeltaJ,DM3_CX_p,central_brain
vDeltaD,vDeltaK,DM3_CX_p,central_brain
vDeltaD,vDeltaL,DM3_CX_p,central_brain
vDeltaD,vDeltaM,DM3_CX_p,central_brain
vDeltaC,vDeltaA,DM3_CX_p,central_brain
vDeltaC,vDeltaB,DM3_CX_p,central_brain
vDeltaC,vDeltaC,DM3_CX_p,central_brain
vDeltaC,vDeltaD,DM3_CX_p,central_brain
vDeltaC,vDeltaE,DM3_CX_p,central_brain
vDeltaC,vDeltaJ,DM3_CX_p,central_brain
vDeltaC,vDeltaK,DM3_CX_p,central_brain
vDeltaC,vDeltaL,DM3_CX_p,central_brain
vDeltaC,vDeltaM,DM3_CX_p,central_brain
vDeltaF,vDeltaA,DM3_CX_p,central_brain
vDeltaF,vDeltaB,DM3_CX_p,central_brain
vDeltaF,vDeltaC,DM3_CX_p,central_brain
vDeltaF,vDeltaD,DM3_CX_p,central_brain
vDeltaF,vDeltaE,DM3_CX_p,central_brain
vDeltaF,vDeltaJ,DM3_CX_p,central_brain
vDeltaF,vDeltaK,DM3_CX_p,central_brain
vDeltaF,vDeltaL,DM3_CX_p,central_brain
vDeltaF,vDeltaM,DM3_CX_p,central_brain
vDeltaF,vDeltaF,DM3_CX_p,central_brain
vDeltaF,vDeltaG,DM3_CX_p,central_brain
vDeltaF,vDeltaH,DM3_CX_p,central_brain
vDeltaF,vDeltaI,DM3_CX_p,central_brain
vDeltaI_b,vDeltaF,DM3_CX_p,central_brain
vDeltaI_b,vDeltaG,DM3_CX_p,central_brain
vDeltaI_b,vDeltaH,DM3_CX_p,central_brain
vDeltaI_b,vDeltaI,DM3_CX_p,central_brain
vDeltaJ,vDeltaF,DM3_CX_p,central_brain
vDeltaJ,vDeltaG,DM3_CX_p,central_brain
vDeltaJ,vDeltaH,DM3_CX_p,central_brain
vDeltaJ,vDeltaI,DM3_CX_p,central_brain
vDeltaI_a,vDeltaF,DM3_CX_p,central_brain
vDeltaI_a,vDeltaG,DM3_CX_p,central_brain
vDeltaI_a,vDeltaH,DM3_CX_p,central_brain
vDeltaI_a,vDeltaI,DM3_CX_p,central_brain
"vDeltaG,vDeltaH",vDeltaF,DM3_CX_p,central_brain
"vDeltaG,vDeltaH",vDeltaG,DM3_CX_p,central_brain
"vDeltaG,vDeltaH",vDeltaH,DM3_CX_p,central_brain
"vDeltaG,vDeltaH",vDeltaI,DM3_CX_p,central_brain
DM3_CX_v__0,NA,DM3_CX_v,central_brain
PFNp,PFNp,DM3_CX_v,central_brain
PEN_a(PEN1),PEN_a(PEN1),DM3_CX_v,central_brain
PEN_b(PEN2),PEN_b(PEN2),DM3_CX_v,central_brain
PFNa,PFNa,DM3_CX_v,central_brain
PFNd,PFNd,DM3_CX_v,central_brain
PFNp,PFNm,DM3_CX_v,central_brain
PFNm,PFNm,DM3_CX_v,central_brain
PFNm,PFNp,DM3_CX_v,central_brain
PFNv,PFNv,DM3_CX_v,central_brain
vDeltaE,vDeltaA,DM3_CX_v,central_brain
vDeltaE,vDeltaB,DM3_CX_v,central_brain
vDeltaE,vDeltaC,DM3_CX_v,central_brain
vDeltaE,vDeltaD,DM3_CX_v,central_brain
vDeltaE,vDeltaE,DM3_CX_v,central_brain
vDeltaE,vDeltaJ,DM3_CX_v,central_brain
vDeltaE,vDeltaK,DM3_CX_v,central_brain
vDeltaE,vDeltaL,DM3_CX_v,central_brain
vDeltaE,vDeltaM,DM3_CX_v,central_brain
vDeltaL,vDeltaA,DM3_CX_v,central_brain
vDeltaL,vDeltaB,DM3_CX_v,central_brain
vDeltaL,vDeltaC,DM3_CX_v,central_brain
vDeltaL,vDeltaD,DM3_CX_v,central_brain
vDeltaL,vDeltaE,DM3_CX_v,central_brain
vDeltaL,vDeltaJ,DM3_CX_v,central_brain
vDeltaL,vDeltaK,DM3_CX_v,central_brain
vDeltaL,vDeltaL,DM3_CX_v,central_brain
vDeltaL,vDeltaM,DM3_CX_v,central_brain
vDeltaK,vDeltaA,DM3_CX_v,central_brain
vDeltaK,vDeltaB,DM3_CX_v,central_brain
vDeltaK,vDeltaC,DM3_CX_v,central_brain
vDeltaK,vDeltaD,DM3_CX_v,central_brain
vDeltaK,vDeltaE,DM3_CX_v,central_brain
vDeltaK,vDeltaJ,DM3_CX_v,central_brain
vDeltaK,vDeltaK,DM3_CX_v,central_brain
vDeltaK,vDeltaL,DM3_CX_v,central_brain
vDeltaK,vDeltaM,DM3_CX_v,central_brain
vDeltaA_a,vDeltaA,DM3_CX_v,central_brain
vDeltaA_a,vDeltaB,DM3_CX_v,central_brain
vDeltaA_a,vDeltaC,DM3_CX_v,central_brain
vDeltaA_a,vDeltaD,DM3_CX_v,central_brain
vDeltaA_a,vDeltaE,DM3_CX_v,central_brain
vDeltaA_a,vDeltaJ,DM3_CX_v,central_brain
vDeltaA_a,vDeltaK,DM3_CX_v,central_brain
vDeltaA_a,vDeltaL,DM3_CX_v,central_brain
vDeltaA_a,vDeltaM,DM3_CX_v,central_brain
vDeltaA_b,vDeltaA,DM3_CX_v,central_brain
vDeltaA_b,vDeltaB,DM3_CX_v,central_brain
vDeltaA_b,vDeltaC,DM3_CX_v,central_brain
vDeltaA_b,vDeltaD,DM3_CX_v,central_brain
vDeltaA_b,vDeltaE,DM3_CX_v,central_brain
vDeltaA_b,vDeltaJ,DM3_CX_v,central_brain
vDeltaA_b,vDeltaK,DM3_CX_v,central_brain
vDeltaA_b,vDeltaL,DM3_CX_v,central_brain
vDeltaA_b,vDeltaM,DM3_CX_v,central_brain
vDeltaM,vDeltaA,DM3_CX_v,central_brain
vDeltaM,vDeltaB,DM3_CX_v,central_brain
vDeltaM,vDeltaC,DM3_CX_v,central_brain
vDeltaM,vDeltaD,DM3_CX_v,central_brain
vDeltaM,vDeltaE,DM3_CX_v,central_brain
vDeltaM,vDeltaJ,DM3_CX_v,central_brain
vDeltaM,vDeltaK,DM3_CX_v,central_brain
vDeltaM,vDeltaL,DM3_CX_v,central_brain
vDeltaM,vDeltaM,DM3_CX_v,central_brain
vDeltaC,vDeltaA,DM3_CX_v,central_brain
vDeltaC,vDeltaB,DM3_CX_v,central_brain
vDeltaC,vDeltaC,DM3_CX_v,central_brain
vDeltaC,vDeltaD,DM3_CX_v,central_brain
vDeltaC,vDeltaE,DM3_CX_v,central_brain
vDeltaC,vDeltaJ,DM3_CX_v,central_brain
vDeltaC,vDeltaK,DM3_CX_v,central_brain
vDeltaC,vDeltaL,DM3_CX_v,central_brain
vDeltaC,vDeltaM,DM3_CX_v,central_brain
vDeltaB,vDeltaA,DM3_CX_v,central_brain
vDeltaB,vDeltaB,DM3_CX_v,central_brain
vDeltaB,vDeltaC,DM3_CX_v,central_brain
vDeltaB,vDeltaD,DM3_CX_v,central_brain
vDeltaB,vDeltaE,DM3_CX_v,central_brain
vDeltaB,vDeltaJ,DM3_CX_v,central_brain
vDeltaB,vDeltaK,DM3_CX_v,central_brain
vDeltaB,vDeltaL,DM3_CX_v,central_brain
vDeltaB,vDeltaM,DM3_CX_v,central_brain
vDeltaD,vDeltaA,DM3_CX_v,central_brain
vDeltaD,vDeltaB,DM3_CX_v,central_brain
vDeltaD,vDeltaC,DM3_CX_v,central_brain
vDeltaD,vDeltaD,DM3_CX_v,central_brain
vDeltaD,vDeltaE,DM3_CX_v,central_brain
vDeltaD,vDeltaJ,DM3_CX_v,central_brain
vDeltaD,vDeltaK,DM3_CX_v,central_brain
vDeltaD,vDeltaL,DM3_CX_v,central_brain
vDeltaD,vDeltaM,DM3_CX_v,central_brain
vDeltaI_a,vDeltaF,DM3_CX_v,central_brain
vDeltaI_a,vDeltaG,DM3_CX_v,central_brain
vDeltaI_a,vDeltaH,DM3_CX_v,central_brain
vDeltaI_a,vDeltaI,DM3_CX_v,central_brain
vDeltaF,vDeltaF,DM3_CX_v,central_brain
vDeltaF,vDeltaG,DM3_CX_v,central_brain
vDeltaF,vDeltaH,DM3_CX_v,central_brain
vDeltaF,vDeltaI,DM3_CX_v,central_brain
vDeltaI_b,vDeltaF,DM3_CX_v,central_brain
vDeltaI_b,vDeltaG,DM3_CX_v,central_brain
vDeltaI_b,vDeltaH,DM3_CX_v,central_brain
vDeltaI_b,vDeltaI,DM3_CX_v,central_brain
"vDeltaG,vDeltaH",vDeltaF,DM3_CX_v,central_brain
"vDeltaG,vDeltaH",vDeltaG,DM3_CX_v,central_brain
"vDeltaG,vDeltaH",vDeltaH,DM3_CX_v,central_brain
"vDeltaG,vDeltaH",vDeltaI,DM3_CX_v,central_brain
ExR8,ExR8,DM3__prim,central_brain
ExR7,ExR7,DM3__prim,central_brain
ExR1,ExR1,DM3__prim,central_brain
CB0107,SMP327,DM3_dorso_lateral,central_brain
CB0998,NA,DM3_dorso_lateral,central_brain
CB1403,NA,DM3_dorso_lateral,central_brain
CB1803,NA,DM3_dorso_lateral,central_brain
CB1922,SMP324,DM3_dorso_lateral,central_brain
CB2288,SMP316_b,DM3_dorso_lateral,central_brain
CB2515,NA,DM3_dorso_lateral,central_brain
CB2525,SMP324,DM3_dorso_lateral,central_brain
CB3860,SMP321,DM3_dorso_lateral,central_brain
CB3860,SMP322,DM3_dorso_lateral,central_brain
SMP321_b,SMP321,DM3_dorso_lateral,central_brain
SMP321_b,SMP322,DM3_dorso_lateral,central_brain
CB3862,SMP321,DM3_dorso_lateral,central_brain
CB3862,SMP322,DM3_dorso_lateral,central_brain
CL250,CL250,DM3_dorso_lateral,central_brain
SMP311,SMP311,DM3_dorso_lateral,central_brain
SMP312,SMP312,DM3_dorso_lateral,central_brain
SMP313,SMP313,DM3_dorso_lateral,central_brain
SMP314a,SMP314,DM3_dorso_lateral,central_brain
SMP314b,SMP314,DM3_dorso_lateral,central_brain
SMP315,SMP315,DM3_dorso_lateral,central_brain
SMP321_b,SMP315,DM3_dorso_lateral,central_brain
SMP317a,SMP317,DM3_dorso_lateral,central_brain
SMP317b,SMP317,DM3_dorso_lateral,central_brain
SMP317c,SMP317,DM3_dorso_lateral,central_brain
SMP318,SMP318,DM3_dorso_lateral,central_brain
SMP319,SMP319,DM3_dorso_lateral,central_brain
SMP320a,SMP320,DM3_dorso_lateral,central_brain
SMP320b,SMP320,DM3_dorso_lateral,central_brain
SMP323,SMP323,DM3_dorso_lateral,central_brain
SMP326a,SMP326,DM3_dorso_lateral,central_brain
SMP326b,SMP326,DM3_dorso_lateral,central_brain
SMP328a,SMP328,DM3_dorso_lateral,central_brain
SMP328b,SMP328,DM3_dorso_lateral,central_brain
SMP329,SMP329,DM3_dorso_lateral,central_brain
SMP330a,SMP330,DM3_dorso_lateral,central_brain
SMP330b,SMP330,DM3_dorso_lateral,central_brain
SMP331a,SMP331,DM3_dorso_lateral,central_brain
SMP331b,SMP331,DM3_dorso_lateral,central_brain
SMP331c,SMP331,DM3_dorso_lateral,central_brain
SMP332a,SMP332,DM3_dorso_lateral,central_brain
SMP332b,SMP332,DM3_dorso_lateral,central_brain
CB0269,SMP508,DM3_dorso_medial,central_brain
CL236,CL236,DM3_dorso_medial,central_brain
CL237,CL237,DM3_dorso_medial,central_brain
SMP509a,SMP509,DM3_dorso_medial,central_brain
SMP509b,SMP509,DM3_dorso_medial,central_brain
SMP510a,SMP510,DM3_dorso_medial,central_brain
SMP510b,SMP510,DM3_dorso_medial,central_brain
SMP511,SMP511,DM3_dorso_medial,central_brain
SMP512,SMP512,DM3_dorso_medial,central_brain
SMP513,SMP513,DM3_dorso_medial,central_brain
SMP514,SMP514,DM3_dorso_medial,central_brain
SMP515,SMP515,DM3_dorso_medial,central_brain
SMP516a,SMP516,DM3_dorso_medial,central_brain
SMP516b,SMP516,DM3_dorso_medial,central_brain
SMP517,SMP517,DM3_dorso_medial,central_brain
SMP517,SMP518,DM3_dorso_medial,central_brain
SMP517,SMP519,DM3_dorso_medial,central_brain
SMP519,SMP517,DM3_dorso_medial,central_brain
SMP519,SMP518,DM3_dorso_medial,central_brain
SMP519,SMP519,DM3_dorso_medial,central_brain
SMP518,SMP517,DM3_dorso_medial,central_brain
SMP518,SMP518,DM3_dorso_medial,central_brain
SMP518,SMP519,DM3_dorso_medial,central_brain
SMP520a,SMP520,DM3_dorso_medial,central_brain
SMP520b,SMP520,DM3_dorso_medial,central_brain
SMP521,SMP521,DM3_dorso_medial,central_brain
SMP522,SMP522,DM3_dorso_medial,central_brain
"SMP523,SMP524",SMP523,DM3_dorso_medial,central_brain
"SMP523,SMP524",SMP524,DM3_dorso_medial,central_brain
SMP518,SMP523,DM3_dorso_medial,central_brain
SMP518,SMP524,DM3_dorso_medial,central_brain
SMP525,SMP525,DM3_dorso_medial,central_brain
SMP526,SMP526,DM3_dorso_medial,central_brain
EL,EL,DM4_CX_d1,central_brain
EPG,EPG,DM4_CX_d1,central_brain
"FC1A,FC1B,FC1F",FC1A,DM4_CX_d1,central_brain
"FC1A,FC1B,FC1F",FC1B,DM4_CX_d1,central_brain
"FC1A,FC1B,FC1F",FC1F,DM4_CX_d1,central_brain
FC3,FC1A,DM4_CX_d1,central_brain
FC3,FC1B,DM4_CX_d1,central_brain
FC3,FC1F,DM4_CX_d1,central_brain
"FC1C,FC1E",FC1C,DM4_CX_d1,central_brain
FC1D,FC1D,DM4_CX_d1,central_brain
FC1D,FC1E,DM4_CX_d1,central_brain
"FC1C,FC1E",FC1D,DM4_CX_d1,central_brain
"FC1C,FC1E",FC1E,DM4_CX_d1,central_brain
FC2A,FC2A,DM4_CX_d1,central_brain
FC2B,FC2B,DM4_CX_d1,central_brain
FC2C,FC2C,DM4_CX_d1,central_brain
FC3,FC3,DM4_CX_d1,central_brain
FR1,FR1,DM4_CX_d1,central_brain
FR2,FR2,DM4_CX_d1,central_brain
FS1B,FS1A,DM4_CX_d1,central_brain
FS1B,FS1B,DM4_CX_d1,central_brain
FS1A,FS1A,DM4_CX_d1,central_brain
FS1A,FS1B,DM4_CX_d1,central_brain
FS2,FS2,DM4_CX_d1,central_brain
FS3,FS3,DM4_CX_d1,central_brain
FS4A,FS4A,DM4_CX_d1,central_brain
FS4A,FS4B,DM4_CX_d1,central_brain
FS4A,FS4C,DM4_CX_d1,central_brain
FS4C,FS4A,DM4_CX_d1,central_brain
FS4C,FS4B,DM4_CX_d1,central_brain
FS4C,FS4C,DM4_CX_d1,central_brain
FS4B,FS4A,DM4_CX_d1,central_brain
FS4B,FS4B,DM4_CX_d1,central_brain
FS4B,FS4C,DM4_CX_d1,central_brain
PEG,PEG,DM4_CX_d1,central_brain
PFGs,PFGs,DM4_CX_d1,central_brain
PFL1,PFL1,DM4_CX_d1,central_brain
PFL2,PFL2,DM4_CX_d1,central_brain
PFL3,PFL3,DM4_CX_d1,central_brain
PFR,PFR,DM4_CX_d1,central_brain
PFGs,NA,DM4_CX_d1,central_brain
EL,EL,DM4_CX_d2,central_brain
EPG,EPG,DM4_CX_d2,central_brain
EPGt,EPGt,DM4_CX_d2,central_brain
"FC1A,FC1B,FC1F",FC1A,DM4_CX_d2,central_brain
"FC1A,FC1B,FC1F",FC1B,DM4_CX_d2,central_brain
"FC1A,FC1B,FC1F",FC1F,DM4_CX_d2,central_brain
"FC1C,FC1E",FC1C,DM4_CX_d2,central_brain
FC1D,FC1D,DM4_CX_d2,central_brain
FC1D,FC1E,DM4_CX_d2,central_brain
"FC1C,FC1E",FC1D,DM4_CX_d2,central_brain
"FC1C,FC1E",FC1E,DM4_CX_d2,central_brain
FC2A,FC2A,DM4_CX_d2,central_brain
FC2B,FC2B,DM4_CX_d2,central_brain
FC2C,FC2C,DM4_CX_d2,central_brain
FC3,FC3,DM4_CX_d2,central_brain
FR2,FR2,DM4_CX_d2,central_brain
FS1B,FS1A,DM4_CX_d2,central_brain
FS1B,FS1B,DM4_CX_d2,central_brain
FS1A,FS1A,DM4_CX_d2,central_brain
FS1A,FS1B,DM4_CX_d2,central_brain
FS2,FS2,DM4_CX_d2,central_brain
FS3,FS3,DM4_CX_d2,central_brain
FS4A,FS4A,DM4_CX_d2,central_brain
FS4A,FS4B,DM4_CX_d2,central_brain
FS4A,FS4C,DM4_CX_d2,central_brain
FS4C,FS4A,DM4_CX_d2,central_brain
FS4C,FS4B,DM4_CX_d2,central_brain
FS4C,FS4C,DM4_CX_d2,central_brain
FS4B,FS4A,DM4_CX_d2,central_brain
FS4B,FS4B,DM4_CX_d2,central_brain
FS4B,FS4C,DM4_CX_d2,central_brain
PEG,PEG,DM4_CX_d2,central_brain
PFGs,PFGs,DM4_CX_d2,central_brain
PFL1,PFL1,DM4_CX_d2,central_brain
PFL2,PFL2,DM4_CX_d2,central_brain
PFL3,PFL3,DM4_CX_d2,central_brain
PFR,PFR,DM4_CX_d2,central_brain
hDeltaF,hDeltaF,DM4_CX_d2,central_brain
FR1,FR1,DM4_CX_d2,central_brain
EPG,EPG,DM4_CX_d3,central_brain
FC3,FC1A,DM4_CX_d3,central_brain
FC3,FC1B,DM4_CX_d3,central_brain
FC3,FC1F,DM4_CX_d3,central_brain
"FC1A,FC1B,FC1F",FC1A,DM4_CX_d3,central_brain
"FC1A,FC1B,FC1F",FC1B,DM4_CX_d3,central_brain
"FC1A,FC1B,FC1F",FC1F,DM4_CX_d3,central_brain
"FC1C,FC1E",FC1C,DM4_CX_d3,central_brain
FC1D,FC1D,DM4_CX_d3,central_brain
FC1D,FC1E,DM4_CX_d3,central_brain
FC2A,FC2A,DM4_CX_d3,central_brain
FC2B,FC2B,DM4_CX_d3,central_brain
FC2C,FC2C,DM4_CX_d3,central_brain
FC3,FC3,DM4_CX_d3,central_brain
FR1,FR1,DM4_CX_d3,central_brain
FR2,FR2,DM4_CX_d3,central_brain
FS1B,FS1A,DM4_CX_d3,central_brain
FS1B,FS1B,DM4_CX_d3,central_brain
FS1A,FS1A,DM4_CX_d3,central_brain
FS1A,FS1B,DM4_CX_d3,central_brain
FS2,FS2,DM4_CX_d3,central_brain
FS3,FS3,DM4_CX_d3,central_brain
FS4A,FS4A,DM4_CX_d3,central_brain
FS4A,FS4B,DM4_CX_d3,central_brain
FS4A,FS4C,DM4_CX_d3,central_brain
FS4B,FS4A,DM4_CX_d3,central_brain
FS4B,FS4B,DM4_CX_d3,central_brain
FS4B,FS4C,DM4_CX_d3,central_brain
FS4C,FS4A,DM4_CX_d3,central_brain
FS4C,FS4B,DM4_CX_d3,central_brain
FS4C,FS4C,DM4_CX_d3,central_brain
PEG,PEG,DM4_CX_d3,central_brain
PFGs,PFGs,DM4_CX_d3,central_brain
hDeltaC,hDeltaC,DM4_CX_d3,central_brain
hDeltaD,hDeltaD,DM4_CX_d3,central_brain
hDeltaH,hDeltaH,DM4_CX_d3,central_brain
hDeltaJ,hDeltaJ,DM4_CX_d3,central_brain
hDeltaK,hDeltaK,DM4_CX_d3,central_brain
hDeltaL,hDeltaL,DM4_CX_d3,central_brain
hDeltaM,hDeltaM,DM4_CX_d3,central_brain
PFGs,NA,DM4_CX_d3,central_brain
DM4_CX_p__0,NA,DM4_CX_p,central_brain
PEN_a(PEN1),PEN_a(PEN1),DM4_CX_p,central_brain
PEN_b(PEN2),PEN_b(PEN2),DM4_CX_p,central_brain
PFNa,PFNa,DM4_CX_p,central_brain
PFNd,PFNd,DM4_CX_p,central_brain
PFNp,PFNm,DM4_CX_p,central_brain
PFNp,PFNp,DM4_CX_p,central_brain
PFNm,PFNm,DM4_CX_p,central_brain
PFNm,PFNp,DM4_CX_p,central_brain
PFNv,PFNv,DM4_CX_p,central_brain
hDeltaA,hDeltaA,DM4_CX_p,central_brain
hDeltaB,hDeltaB,DM4_CX_p,central_brain
hDeltaC,hDeltaC,DM4_CX_p,central_brain
hDeltaE,hDeltaE,DM4_CX_p,central_brain
hDeltaG,hDeltaG,DM4_CX_p,central_brain
hDeltaI,hDeltaI,DM4_CX_p,central_brain
hDeltaJ,hDeltaJ,DM4_CX_p,central_brain
hDeltaK,hDeltaK,DM4_CX_p,central_brain
vDeltaA_a,vDeltaA,DM4_CX_p,central_brain
vDeltaA_a,vDeltaB,DM4_CX_p,central_brain
vDeltaA_a,vDeltaC,DM4_CX_p,central_brain
vDeltaA_a,vDeltaD,DM4_CX_p,central_brain
vDeltaA_a,vDeltaE,DM4_CX_p,central_brain
vDeltaA_a,vDeltaJ,DM4_CX_p,central_brain
vDeltaA_a,vDeltaK,DM4_CX_p,central_brain
vDeltaA_a,vDeltaL,DM4_CX_p,central_brain
vDeltaA_a,vDeltaM,DM4_CX_p,central_brain
vDeltaL,vDeltaA,DM4_CX_p,central_brain
vDeltaL,vDeltaB,DM4_CX_p,central_brain
vDeltaL,vDeltaC,DM4_CX_p,central_brain
vDeltaL,vDeltaD,DM4_CX_p,central_brain
vDeltaL,vDeltaE,DM4_CX_p,central_brain
vDeltaL,vDeltaJ,DM4_CX_p,central_brain
vDeltaL,vDeltaK,DM4_CX_p,central_brain
vDeltaL,vDeltaL,DM4_CX_p,central_brain
vDeltaL,vDeltaM,DM4_CX_p,central_brain
vDeltaD,vDeltaA,DM4_CX_p,central_brain
vDeltaD,vDeltaB,DM4_CX_p,central_brain
vDeltaD,vDeltaC,DM4_CX_p,central_brain
vDeltaD,vDeltaD,DM4_CX_p,central_brain
vDeltaD,vDeltaE,DM4_CX_p,central_brain
vDeltaD,vDeltaJ,DM4_CX_p,central_brain
vDeltaD,vDeltaK,DM4_CX_p,central_brain
vDeltaD,vDeltaL,DM4_CX_p,central_brain
vDeltaD,vDeltaM,DM4_CX_p,central_brain
vDeltaC,vDeltaA,DM4_CX_p,central_brain
vDeltaC,vDeltaB,DM4_CX_p,central_brain
vDeltaC,vDeltaC,DM4_CX_p,central_brain
vDeltaC,vDeltaD,DM4_CX_p,central_brain
vDeltaC,vDeltaE,DM4_CX_p,central_brain
vDeltaC,vDeltaJ,DM4_CX_p,central_brain
vDeltaC,vDeltaK,DM4_CX_p,central_brain
vDeltaC,vDeltaL,DM4_CX_p,central_brain
vDeltaC,vDeltaM,DM4_CX_p,central_brain
vDeltaM,vDeltaA,DM4_CX_p,central_brain
vDeltaM,vDeltaB,DM4_CX_p,central_brain
vDeltaM,vDeltaC,DM4_CX_p,central_brain
vDeltaM,vDeltaD,DM4_CX_p,central_brain
vDeltaM,vDeltaE,DM4_CX_p,central_brain
vDeltaM,vDeltaJ,DM4_CX_p,central_brain
vDeltaM,vDeltaK,DM4_CX_p,central_brain
vDeltaM,vDeltaL,DM4_CX_p,central_brain
vDeltaM,vDeltaM,DM4_CX_p,central_brain
vDeltaK,vDeltaA,DM4_CX_p,central_brain
vDeltaK,vDeltaB,DM4_CX_p,central_brain
vDeltaK,vDeltaC,DM4_CX_p,central_brain
vDeltaK,vDeltaD,DM4_CX_p,central_brain
vDeltaK,vDeltaE,DM4_CX_p,central_brain
vDeltaK,vDeltaJ,DM4_CX_p,central_brain
vDeltaK,vDeltaK,DM4_CX_p,central_brain
vDeltaK,vDeltaL,DM4_CX_p,central_brain
vDeltaK,vDeltaM,DM4_CX_p,central_brain
vDeltaJ,vDeltaA,DM4_CX_p,central_brain
vDeltaJ,vDeltaB,DM4_CX_p,central_brain
vDeltaJ,vDeltaC,DM4_CX_p,central_brain
vDeltaJ,vDeltaD,DM4_CX_p,central_brain
vDeltaJ,vDeltaE,DM4_CX_p,central_brain
vDeltaJ,vDeltaJ,DM4_CX_p,central_brain
vDeltaJ,vDeltaK,DM4_CX_p,central_brain
vDeltaJ,vDeltaL,DM4_CX_p,central_brain
vDeltaJ,vDeltaM,DM4_CX_p,central_brain
vDeltaA_b,vDeltaA,DM4_CX_p,central_brain
vDeltaA_b,vDeltaB,DM4_CX_p,central_brain
vDeltaA_b,vDeltaC,DM4_CX_p,central_brain
vDeltaA_b,vDeltaD,DM4_CX_p,central_brain
vDeltaA_b,vDeltaE,DM4_CX_p,central_brain
vDeltaA_b,vDeltaJ,DM4_CX_p,central_brain
vDeltaA_b,vDeltaK,DM4_CX_p,central_brain
vDeltaA_b,vDeltaL,DM4_CX_p,central_brain
vDeltaA_b,vDeltaM,DM4_CX_p,central_brain
vDeltaB,vDeltaA,DM4_CX_p,central_brain
vDeltaB,vDeltaB,DM4_CX_p,central_brain
vDeltaB,vDeltaC,DM4_CX_p,central_brain
vDeltaB,vDeltaD,DM4_CX_p,central_brain
vDeltaB,vDeltaE,DM4_CX_p,central_brain
vDeltaB,vDeltaJ,DM4_CX_p,central_brain
vDeltaB,vDeltaK,DM4_CX_p,central_brain
vDeltaB,vDeltaL,DM4_CX_p,central_brain
vDeltaB,vDeltaM,DM4_CX_p,central_brain
vDeltaE,vDeltaA,DM4_CX_p,central_brain
vDeltaE,vDeltaB,DM4_CX_p,central_brain
vDeltaE,vDeltaC,DM4_CX_p,central_brain
vDeltaE,vDeltaD,DM4_CX_p,central_brain
vDeltaE,vDeltaE,DM4_CX_p,central_brain
vDeltaE,vDeltaJ,DM4_CX_p,central_brain
vDeltaE,vDeltaK,DM4_CX_p,central_brain
vDeltaE,vDeltaL,DM4_CX_p,central_brain
vDeltaE,vDeltaM,DM4_CX_p,central_brain
vDeltaF,vDeltaA,DM4_CX_p,central_brain
vDeltaF,vDeltaB,DM4_CX_p,central_brain
vDeltaF,vDeltaC,DM4_CX_p,central_brain
vDeltaF,vDeltaD,DM4_CX_p,central_brain
vDeltaF,vDeltaE,DM4_CX_p,central_brain
vDeltaF,vDeltaJ,DM4_CX_p,central_brain
vDeltaF,vDeltaK,DM4_CX_p,central_brain
vDeltaF,vDeltaL,DM4_CX_p,central_brain
vDeltaF,vDeltaM,DM4_CX_p,central_brain
vDeltaJ,vDeltaF,DM4_CX_p,central_brain
vDeltaJ,vDeltaG,DM4_CX_p,central_brain
vDeltaJ,vDeltaH,DM4_CX_p,central_brain
vDeltaJ,vDeltaI,DM4_CX_p,central_brain
"vDeltaG,vDeltaH",vDeltaF,DM4_CX_p,central_brain
"vDeltaG,vDeltaH",vDeltaG,DM4_CX_p,central_brain
"vDeltaG,vDeltaH",vDeltaH,DM4_CX_p,central_brain
"vDeltaG,vDeltaH",vDeltaI,DM4_CX_p,central_brain
vDeltaI_a,vDeltaF,DM4_CX_p,central_brain
vDeltaI_a,vDeltaG,DM4_CX_p,central_brain
vDeltaI_a,vDeltaH,DM4_CX_p,central_brain
vDeltaI_a,vDeltaI,DM4_CX_p,central_brain
vDeltaI_b,vDeltaF,DM4_CX_p,central_brain
vDeltaI_b,vDeltaG,DM4_CX_p,central_brain
vDeltaI_b,vDeltaH,DM4_CX_p,central_brain
vDeltaI_b,vDeltaI,DM4_CX_p,central_brain
PEN_a(PEN1),PEN_a(PEN1),DM4_CX_v,central_brain
PEN_b(PEN2),PEN_b(PEN2),DM4_CX_v,central_brain
PFNa,PFNa,DM4_CX_v,central_brain
PFNd,PFNd,DM4_CX_v,central_brain
PFNp,PFNm,DM4_CX_v,central_brain
PFNp,PFNp,DM4_CX_v,central_brain
PFNm,PFNm,DM4_CX_v,central_brain
PFNm,PFNp,DM4_CX_v,central_brain
PFNv,PFNv,DM4_CX_v,central_brain
vDeltaM,vDeltaA,DM4_CX_v,central_brain
vDeltaM,vDeltaB,DM4_CX_v,central_brain
vDeltaM,vDeltaC,DM4_CX_v,central_brain
vDeltaM,vDeltaD,DM4_CX_v,central_brain
vDeltaM,vDeltaE,DM4_CX_v,central_brain
vDeltaM,vDeltaJ,DM4_CX_v,central_brain
vDeltaM,vDeltaK,DM4_CX_v,central_brain
vDeltaM,vDeltaL,DM4_CX_v,central_brain
vDeltaM,vDeltaM,DM4_CX_v,central_brain
vDeltaC,vDeltaA,DM4_CX_v,central_brain
vDeltaC,vDeltaB,DM4_CX_v,central_brain
vDeltaC,vDeltaC,DM4_CX_v,central_brain
vDeltaC,vDeltaD,DM4_CX_v,central_brain
vDeltaC,vDeltaE,DM4_CX_v,central_brain
vDeltaC,vDeltaJ,DM4_CX_v,central_brain
vDeltaC,vDeltaK,DM4_CX_v,central_brain
vDeltaC,vDeltaL,DM4_CX_v,central_brain
vDeltaC,vDeltaM,DM4_CX_v,central_brain
vDeltaE,vDeltaA,DM4_CX_v,central_brain
vDeltaE,vDeltaB,DM4_CX_v,central_brain
vDeltaE,vDeltaC,DM4_CX_v,central_brain
vDeltaE,vDeltaD,DM4_CX_v,central_brain
vDeltaE,vDeltaE,DM4_CX_v,central_brain
vDeltaE,vDeltaJ,DM4_CX_v,central_brain
vDeltaE,vDeltaK,DM4_CX_v,central_brain
vDeltaE,vDeltaL,DM4_CX_v,central_brain
vDeltaE,vDeltaM,DM4_CX_v,central_brain
vDeltaA_a,vDeltaA,DM4_CX_v,central_brain
vDeltaA_a,vDeltaB,DM4_CX_v,central_brain
vDeltaA_a,vDeltaC,DM4_CX_v,central_brain
vDeltaA_a,vDeltaD,DM4_CX_v,central_brain
vDeltaA_a,vDeltaE,DM4_CX_v,central_brain
vDeltaA_a,vDeltaJ,DM4_CX_v,central_brain
vDeltaA_a,vDeltaK,DM4_CX_v,central_brain
vDeltaA_a,vDeltaL,DM4_CX_v,central_brain
vDeltaA_a,vDeltaM,DM4_CX_v,central_brain
vDeltaL,vDeltaA,DM4_CX_v,central_brain
vDeltaL,vDeltaB,DM4_CX_v,central_brain
vDeltaL,vDeltaC,DM4_CX_v,central_brain
vDeltaL,vDeltaD,DM4_CX_v,central_brain
vDeltaL,vDeltaE,DM4_CX_v,central_brain
vDeltaL,vDeltaJ,DM4_CX_v,central_brain
vDeltaL,vDeltaK,DM4_CX_v,central_brain
vDeltaL,vDeltaL,DM4_CX_v,central_brain
vDeltaL,vDeltaM,DM4_CX_v,central_brain
vDeltaK,vDeltaA,DM4_CX_v,central_brain
vDeltaK,vDeltaB,DM4_CX_v,central_brain
vDeltaK,vDeltaC,DM4_CX_v,central_brain
vDeltaK,vDeltaD,DM4_CX_v,central_brain
vDeltaK,vDeltaE,DM4_CX_v,central_brain
vDeltaK,vDeltaJ,DM4_CX_v,central_brain
vDeltaK,vDeltaK,DM4_CX_v,central_brain
vDeltaK,vDeltaL,DM4_CX_v,central_brain
vDeltaK,vDeltaM,DM4_CX_v,central_brain
vDeltaA_b,vDeltaA,DM4_CX_v,central_brain
vDeltaA_b,vDeltaB,DM4_CX_v,central_brain
vDeltaA_b,vDeltaC,DM4_CX_v,central_brain
vDeltaA_b,vDeltaD,DM4_CX_v,central_brain
vDeltaA_b,vDeltaE,DM4_CX_v,central_brain
vDeltaA_b,vDeltaJ,DM4_CX_v,central_brain
vDeltaA_b,vDeltaK,DM4_CX_v,central_brain
vDeltaA_b,vDeltaL,DM4_CX_v,central_brain
vDeltaA_b,vDeltaM,DM4_CX_v,central_brain
vDeltaD,vDeltaA,DM4_CX_v,central_brain
vDeltaD,vDeltaB,DM4_CX_v,central_brain
vDeltaD,vDeltaC,DM4_CX_v,central_brain
vDeltaD,vDeltaD,DM4_CX_v,central_brain
vDeltaD,vDeltaE,DM4_CX_v,central_brain
vDeltaD,vDeltaJ,DM4_CX_v,central_brain
vDeltaD,vDeltaK,DM4_CX_v,central_brain
vDeltaD,vDeltaL,DM4_CX_v,central_brain
vDeltaD,vDeltaM,DM4_CX_v,central_brain
vDeltaB,vDeltaA,DM4_CX_v,central_brain
vDeltaB,vDeltaB,DM4_CX_v,central_brain
vDeltaB,vDeltaC,DM4_CX_v,central_brain
vDeltaB,vDeltaD,DM4_CX_v,central_brain
vDeltaB,vDeltaE,DM4_CX_v,central_brain
vDeltaB,vDeltaJ,DM4_CX_v,central_brain
vDeltaB,vDeltaK,DM4_CX_v,central_brain
vDeltaB,vDeltaL,DM4_CX_v,central_brain
vDeltaB,vDeltaM,DM4_CX_v,central_brain
vDeltaF,vDeltaA,DM4_CX_v,central_brain
vDeltaF,vDeltaB,DM4_CX_v,central_brain
vDeltaF,vDeltaC,DM4_CX_v,central_brain
vDeltaF,vDeltaD,DM4_CX_v,central_brain
vDeltaF,vDeltaE,DM4_CX_v,central_brain
vDeltaF,vDeltaJ,DM4_CX_v,central_brain
vDeltaF,vDeltaK,DM4_CX_v,central_brain
vDeltaF,vDeltaL,DM4_CX_v,central_brain
vDeltaF,vDeltaM,DM4_CX_v,central_brain
vDeltaJ,vDeltaF,DM4_CX_v,central_brain
vDeltaJ,vDeltaG,DM4_CX_v,central_brain
vDeltaJ,vDeltaH,DM4_CX_v,central_brain
vDeltaJ,vDeltaI,DM4_CX_v,central_brain
vDeltaI_b,vDeltaF,DM4_CX_v,central_brain
vDeltaI_b,vDeltaG,DM4_CX_v,central_brain
vDeltaI_b,vDeltaH,DM4_CX_v,central_brain
vDeltaI_b,vDeltaI,DM4_CX_v,central_brain
"vDeltaG,vDeltaH",vDeltaF,DM4_CX_v,central_brain
"vDeltaG,vDeltaH",vDeltaG,DM4_CX_v,central_brain
"vDeltaG,vDeltaH",vDeltaH,DM4_CX_v,central_brain
"vDeltaG,vDeltaH",vDeltaI,DM4_CX_v,central_brain
vDeltaI_a,vDeltaF,DM4_CX_v,central_brain
vDeltaI_a,vDeltaG,DM4_CX_v,central_brain
vDeltaI_a,vDeltaH,DM4_CX_v,central_brain
vDeltaI_a,vDeltaI,DM4_CX_v,central_brain
vDeltaF,vDeltaF,DM4_CX_v,central_brain
vDeltaF,vDeltaG,DM4_CX_v,central_brain
vDeltaF,vDeltaH,DM4_CX_v,central_brain
vDeltaF,vDeltaI,DM4_CX_v,central_brain
vDeltaL,hDeltaI,DM4_CX_v,central_brain
NA,NA,DM4_CX_v,central_brain
ExR8,ExR8,DM4__prim,central_brain
ExR1,ExR1,DM4__prim,central_brain
ExR7,ExR7,DM4__prim,central_brain
5-HTPMPD01,5-HTPMPD01,DM4_dorsal,central_brain
CB1288,NA,DM4_dorsal,central_brain
CB1400,NA,DM4_dorsal,central_brain
"SMP416,SMP417",SMP416,DM4_dorsal,central_brain
"SMP416,SMP417",SMP417,DM4_dorsal,central_brain
CB1713,NA,DM4_dorsal,central_brain
CB1965,NA,DM4_dorsal,central_brain
CB2613,NA,DM4_dorsal,central_brain
CB3057,NA,DM4_dorsal,central_brain
CB3076,NA,DM4_dorsal,central_brain
CB3115,NA,DM4_dorsal,central_brain
CB3136,SMP414,DM4_dorsal,central_brain
CB3358,NA,DM4_dorsal,central_brain
CB3432,SMP415_b,DM4_dorsal,central_brain
CL158,CL158,DM4_dorsal,central_brain
CL159,CL159,DM4_dorsal,central_brain
CRE078,CRE078,DM4_dorsal,central_brain
DM4_dorsal__3,NA,DM4_dorsal,central_brain
CB4186,NA,DM4_dorsal,central_brain
IB021,IB021,DM4_dorsal,central_brain
LHPV10a1a,LHPV10a1,DM4_dorsal,central_brain
LHPV10a1b,LHPV10a1,DM4_dorsal,central_brain
LHPV10b1,LHPV10b1,DM4_dorsal,central_brain
PS107,PS107,DM4_dorsal,central_brain
SMP388,SMP388,DM4_dorsal,central_brain
SMP389c,SMP389,DM4_dorsal,central_brain
SMP393a,SMP393,DM4_dorsal,central_brain
SMP393b,SMP393,DM4_dorsal,central_brain
SMP397,SMP397,DM4_dorsal,central_brain
SMP398,SMP398,DM4_dorsal,central_brain
SMP399a,SMP399,DM4_dorsal,central_brain
SMP399b,SMP399,DM4_dorsal,central_brain
SMP404a,SMP404,DM4_dorsal,central_brain
SMP404b,SMP404,DM4_dorsal,central_brain
SMP405,SMP405,DM4_dorsal,central_brain
SMP406,SMP406,DM4_dorsal,central_brain
SMP407,SMP407,DM4_dorsal,central_brain
SMP408_a,SMP408_a,DM4_dorsal,central_brain
SMP408_b,SMP408_b,DM4_dorsal,central_brain
SMP408_c,SMP408_c,DM4_dorsal,central_brain
SMP408_d,SMP408_d,DM4_dorsal,central_brain
SMP409,SMP409,DM4_dorsal,central_brain
SMP410,SMP410,DM4_dorsal,central_brain
SMP411a,SMP411,DM4_dorsal,central_brain
SMP411b,SMP411,DM4_dorsal,central_brain
SMP413,SMP413,DM4_dorsal,central_brain
CB1497,SMP416,DM4_dorsal,central_brain
SMP506,SMP506,DM4_dorsal,central_brain
SMP507,SMP507,DM4_dorsal,central_brain
pC1b,pC1b,DM4_dorsal,central_brain
FB1G,FB1G,DM4_dorsal,central_brain
FB5AB,FB5AB,DM4_dorsal,central_brain
CB1700,SMP415,DM4_dorsal,central_brain
CB3621,NA,DM4_dorsal,central_brain
CL157,CL157,DM4_dorsal,central_brain
CRE077,CRE077,DM4_dorsal,central_brain
SIP088,SIP088,DM4_dorsal,central_brain
SMP386,SMP386,DM4_dorsal,central_brain
SMP389a,SMP389,DM4_dorsal,central_brain
SMP389b,SMP389,DM4_dorsal,central_brain
SMP390,SMP390,DM4_dorsal,central_brain
SMP392,SMP392,DM4_dorsal,central_brain
SMP504,SMP504,DM4_dorsal,central_brain
SMP505,SMP505,DM4_dorsal,central_brain
pC1a,pC1a,DM4_dorsal,central_brain
pC1c,pC1c,DM4_dorsal,central_brain
pC1d,pC1d,DM4_dorsal,central_brain
pC1e,pC1e,DM4_dorsal,central_brain
SMP375,SMP375,DM4_dorsal,central_brain
SMP387,SMP387,DM4_dorsal,central_brain
CL150,CL150,DM4_dorsal,central_brain
IB020,IB020,DM4_dorsal,central_brain
CB0380,NA,DM4_ventral,central_brain
CB0652,hb1870781346,DM4_ventral,central_brain
CB1030,NA,DM4_ventral,central_brain
CB1046,WED143,DM4_ventral,central_brain
CB1464,WED135,DM4_ventral,central_brain
CB1464,WED136,DM4_ventral,central_brain
CB1138,NA,DM4_ventral,central_brain
CB1283,WED143,DM4_ventral,central_brain
CB1322,NA,DM4_ventral,central_brain
CB1474,NA,DM4_ventral,central_brain
CB1492,WED143,DM4_ventral,central_brain
CB1666,NA,DM4_ventral,central_brain
CB2050,NA,DM4_ventral,central_brain
CB1834,NA,DM4_ventral,central_brain
CB1856,NA,DM4_ventral,central_brain
CB1881,WED143,DM4_ventral,central_brain
CB1980,NA,DM4_ventral,central_brain
CB1983,NA,DM4_ventral,central_brain
CB2137,WED143,DM4_ventral,central_brain
CB2361,NA,DM4_ventral,central_brain
CB2956,NA,DM4_ventral,central_brain
CB3046,NA,DM4_ventral,central_brain
CB3195,NA,DM4_ventral,central_brain
CB3220,NA,DM4_ventral,central_brain
PS241a,PS241,DM4_ventral,central_brain
PS241b,PS241,DM4_ventral,central_brain
PS242,PS242,DM4_ventral,central_brain
PS247,PS247,DM4_ventral,central_brain
WED144,WED144,DM4_ventral,central_brain
WED145,WED145,DM4_ventral,central_brain
CB4094,NA,DM4_ventral,central_brain
CB0220,NA,DM5_central,central_brain
CB1547,NA,DM5_central,central_brain
CB1550,NA,DM5_central,central_brain
CB1554,NA,DM5_central,central_brain
CB2094b,IB075,DM5_central,central_brain
CB2094b,IB079,DM5_central,central_brain
CB2094a,IB083,DM5_central,central_brain
CB2985,NA,DM5_central,central_brain
CB3010,NA,DM5_central,central_brain
CB3098,NA,DM5_central,central_brain
"CL328,IB070,IB071",CL328,DM5_central,central_brain
"CL328,IB070,IB071",IB070,DM5_central,central_brain
"CL328,IB070,IB071",IB071,DM5_central,central_brain
IB076,NA,DM5_central,central_brain
IB076,IB076,DM5_central,central_brain
IB084,IB084,DM5_central,central_brain
LAL152,LAL152,DM5_central,central_brain
LAL153,LAL153,DM5_central,central_brain
"LAL160,LAL161",LAL160,DM5_central,central_brain
"LAL160,LAL161",LAL161,DM5_central,central_brain
"LAL163,LAL164",LAL163,DM5_central,central_brain
"LAL163,LAL164",LAL164,DM5_central,central_brain
LAL167a,LAL167,DM5_central,central_brain
LAL167b,LAL167,DM5_central,central_brain
LAL168a,LAL168,DM5_central,central_brain
LAL168b,LAL168,DM5_central,central_brain
"LAL176,LAL177",LAL176,DM5_central,central_brain
"LAL176,LAL177",LAL177,DM5_central,central_brain
LAL179a,LAL179,DM5_central,central_brain
LAL179b,LAL179,DM5_central,central_brain
LAL180,LAL180,DM5_central,central_brain
PS233,PS233,DM5_central,central_brain
PVLP144,PVLP144,DM5_central,central_brain
SAD085,SAD085,DM5_central,central_brain
VES073,VES073,DM5_central,central_brain
VES074,VES074,DM5_central,central_brain
IB068,IB068,DM5_central,central_brain
NA,NA,DM5_central,central_brain
IB069,IB069,DM5_central,central_brain
CB1282,NA,DM5_ventral,central_brain
CB1339,NA,DM5_ventral,central_brain
CB2037,NA,DM5_ventral,central_brain
CB2397,NA,DM5_ventral,central_brain
CB2806,NA,DM5_ventral,central_brain
CB2826,WED157,DM5_ventral,central_brain
CB2933,WED157,DM5_ventral,central_brain
CB3537,WED132,DM5_ventral,central_brain
CB3953,NA,DM5_ventral,central_brain
LAL185,LAL185,DM5_ventral,central_brain
LAL186,LAL186,DM5_ventral,central_brain
WED151,WED151,DM5_ventral,central_brain
WED152,WED152,DM5_ventral,central_brain
WED153,WED153,DM5_ventral,central_brain
WED155a,WED155,DM5_ventral,central_brain
WED155b,WED155,DM5_ventral,central_brain
WED161,WED161,DM5_ventral,central_brain
WED162,WED161,DM5_ventral,central_brain
WED162,WED162,DM5_ventral,central_brain
WED163a,WED163,DM5_ventral,central_brain
WED163b,WED163,DM5_ventral,central_brain
WED163c,WED163,DM5_ventral,central_brain
WED164a,WED164,DM5_ventral,central_brain
WED164b,WED164,DM5_ventral,central_brain
IbSpsP,IbSpsP,DM6_IbSpsP,central_brain
FB1C,FB1C,DM6__prim,central_brain
FB2A,FB2A,DM6__prim,central_brain
FB4L,FB4L,DM6__prim,central_brain
ExR2_1,ExR2,DM6__prim,central_brain
ExR2_2,ExR2,DM6__prim,central_brain
FB4M,FB4M,DM6__prim,central_brain
FB4Y,FB4Y,DM6__prim,central_brain
CB0129,NA,DM6_central1,central_brain
CB0221,PS255,DM6_central1,central_brain
CB0221,PS256,DM6_central1,central_brain
CB0221,PS257,DM6_central1,central_brain
CB0221,PS258,DM6_central1,central_brain
CB0666,hb953013850,DM6_central1,central_brain
CB1045,NA,DM6_central1,central_brain
CB1260,PS255,DM6_central1,central_brain
CB1260,PS256,DM6_central1,central_brain
CB1260,PS257,DM6_central1,central_brain
CB1260,PS258,DM6_central1,central_brain
CB1299,PS255,DM6_central1,central_brain
CB1299,PS256,DM6_central1,central_brain
CB1299,PS257,DM6_central1,central_brain
CB1299,PS258,DM6_central1,central_brain
CB1493,NA,DM6_central1,central_brain
CB1541,NA,DM6_central1,central_brain
CB1585,NA,DM6_central1,central_brain
CB1588,NA,DM6_central1,central_brain
CB1607,NA,DM6_central1,central_brain
CB1742,NA,DM6_central1,central_brain
CB1787,NA,DM6_central1,central_brain
CB1900,NA,DM6_central1,central_brain
CB1914,NA,DM6_central1,central_brain
CB1952,NA,DM6_central1,central_brain
CB2081,NA,DM6_central1,central_brain
CB2382,NA,DM6_central1,central_brain
CB2408,NA,DM6_central1,central_brain
CB2447,NA,DM6_central1,central_brain
CB2565,NA,DM6_central1,central_brain
CB2585,NA,DM6_central1,central_brain
CB2646,NA,DM6_central1,central_brain
CB2946,NA,DM6_central1,central_brain
CB3058,NA,DM6_central1,central_brain
CB3113,PS255,DM6_central1,central_brain
CB3113,PS256,DM6_central1,central_brain
CB3113,PS257,DM6_central1,central_brain
CB3113,PS258,DM6_central1,central_brain
CB3132,NA,DM6_central1,central_brain
CB3332,NA,DM6_central1,central_brain
CB3355,NA,DM6_central1,central_brain
CB3363,NA,DM6_central1,central_brain
CB4105,NA,DM6_central1,central_brain
DM6_central1__0,NA,DM6_central1,central_brain
DNpe050,CL341,DM6_central1,central_brain
LAL182,LAL182,DM6_central1,central_brain
LAL197,LAL197,DM6_central1,central_brain
PLP234,PLP234,DM6_central1,central_brain
PLP237,PLP237,DM6_central1,central_brain
PS200,PS200,DM6_central1,central_brain
PS249,PS249,DM6_central1,central_brain
PS251,PS251,DM6_central1,central_brain
PS252,PS252,DM6_central1,central_brain
PS253,PS253,DM6_central1,central_brain
PS260,PS260,DM6_central1,central_brain
WED146a,WED146,DM6_central1,central_brain
WED146b,WED146,DM6_central1,central_brain
PS248,PS248,DM6_central1,central_brain
pIP9,NA,DM6_central1,central_brain
DNxn183,NA,DM6_central1,central_brain
DNp36,CL342,DM6_central1__prim,central_brain
CL333,CL333,DM6_central2,central_brain
CL335,CL335,DM6_central2,central_brain
CL339,CL339,DM6_central2,central_brain
DNp101,CL334,DM6_central2,central_brain
DNp43,CL332,DM6_central2,central_brain
DNpe037,CL338,DM6_central2,central_brain
LAL190,LAL190,DM6_central2,central_brain
LAL195,LAL195,DM6_central2,central_brain
PS274,PS274,DM6_central2,central_brain
LAL193,LAL193,DM6_central2,central_brain
PVLP141,PVLP141,DM6_central2,central_brain
CL322,CL322,DM6_central2,central_brain
CB0429,NA,DM6_central2,central_brain
CL336,CL336,DM6_central2,central_brain
DNxn133,NA,DM6_central2,central_brain
DNp43,NA,DM6_central2,central_brain
CB1001,SIP074,DM6_dorso_lateral,central_brain
CB1001,SIP075,DM6_dorso_lateral,central_brain
CB1031,NA,DM6_dorso_lateral,central_brain
SIP069,SIP069,DM6_dorso_lateral,central_brain
CB1650,NA,DM6_dorso_lateral,central_brain
CB1831,NA,DM6_dorso_lateral,central_brain
CB2063,NA,DM6_dorso_lateral,central_brain
CB2075,SMP380,DM6_dorso_lateral,central_brain
CB2118,SMP382,DM6_dorso_lateral,central_brain
CB2214,SIP074,DM6_dorso_lateral,central_brain
CB2214,SIP075,DM6_dorso_lateral,central_brain
CB2429,SIP074,DM6_dorso_lateral,central_brain
CB2429,SIP075,DM6_dorso_lateral,central_brain
CB3072,SMP382,DM6_dorso_lateral,central_brain
CB3219,SIP074,DM6_dorso_lateral,central_brain
CB3219,SIP075,DM6_dorso_lateral,central_brain
CB3225,NA,DM6_dorso_lateral,central_brain
CB3452,NA,DM6_dorso_lateral,central_brain
CB3554,NA,DM6_dorso_lateral,central_brain
CB3604,NA,DM6_dorso_lateral,central_brain
CB3637,NA,DM6_dorso_lateral,central_brain
CB3653,NA,DM6_dorso_lateral,central_brain
CL156,CL156,DM6_dorso_lateral,central_brain
SIP067,SIP067,DM6_dorso_lateral,central_brain
SIP073,SIP073,DM6_dorso_lateral,central_brain
SIP076,SIP076,DM6_dorso_lateral,central_brain
"SIP078,SIP080",SIP078,DM6_dorso_lateral,central_brain
"SIP078,SIP080",SIP080,DM6_dorso_lateral,central_brain
SLP405,SLP405,DM6_dorso_lateral,central_brain
SMP368,SMP368,DM6_dorso_lateral,central_brain
SMP369,SMP369,DM6_dorso_lateral,central_brain
SMP372,SMP372,DM6_dorso_lateral,central_brain
SMP373,SMP373,DM6_dorso_lateral,central_brain
SMP379,SMP379,DM6_dorso_lateral,central_brain
SMP381,SMP381,DM6_dorso_lateral,central_brain
CB0102,SMP378,DM6_dorso_lateral,central_brain
FB4Z,FB4Z,DM6_dorso_medial,central_brain
"FB5R,FB5U",FB4Z,DM6_dorso_medial,central_brain
"FB5R,FB5U",FB5U,DM6_dorso_medial,central_brain
"FB5R,FB5U",FB5R,DM6_dorso_medial,central_brain
FB5S,FB4Z,DM6_dorso_medial,central_brain
FB5S,FB5U,DM6_dorso_medial,central_brain
FB5S,FB5R,DM6_dorso_medial,central_brain
"FB6,FB6J",FB5S,DM6_dorso_medial,central_brain
"FB6,FB6J",FB6L,DM6_dorso_medial,central_brain
FB5S,FB5S,DM6_dorso_medial,central_brain
FB5S,FB6L,DM6_dorso_medial,central_brain
FB6L,FB5S,DM6_dorso_medial,central_brain
FB6L,FB6L,DM6_dorso_medial,central_brain
FB7D,FB7J,DM6_dorso_medial,central_brain
FB7J,FB7J,DM6_dorso_medial,central_brain
FB4Z,FB5U,DM6_dorso_medial,central_brain
FB4Z,FB5R,DM6_dorso_medial,central_brain
"FB6,FB6J",FB7J,DM6_dorso_medial,central_brain
FB6K,FB6K,DM6_dorso_medial,central_brain
FB8B,FB8B,DM6_dorso_medial,central_brain
FB8C,FB8C,DM6_dorso_medial,central_brain
AVLP584,AVLP584,DM6_posterior,central_brain
AVLP586,AVLP586,DM6_posterior,central_brain
CB1007,NA,DM6_posterior,central_brain
CB1481,AVLP580,DM6_posterior,central_brain
CB1523,NA,DM6_posterior,central_brain
CB1556,NA,DM6_posterior,central_brain
CB1576,NA,DM6_posterior,central_brain
CB1641,PS289,DM6_posterior,central_brain
CB1684,hb5812991151,DM6_posterior,central_brain
CB1767,NA,DM6_posterior,central_brain
CB1789,NA,DM6_posterior,central_brain
CB1810,NA,DM6_posterior,central_brain
CB1812,NA,DM6_posterior,central_brain
CB1997,PS289,DM6_posterior,central_brain
CB2027,NA,DM6_posterior,central_brain
CB2059,NA,DM6_posterior,central_brain
CB2225,NA,DM6_posterior,central_brain
CB2229,CL355,DM6_posterior,central_brain
CB2252,NA,DM6_posterior,central_brain
CB2459,NA,DM6_posterior,central_brain
CB2670,CL355,DM6_posterior,central_brain
CB2902,NA,DM6_posterior,central_brain
CB2905,AVLP580,DM6_posterior,central_brain
CB2951,NA,DM6_posterior,central_brain
CB2966,NA,DM6_posterior,central_brain
CB2982,NA,DM6_posterior,central_brain
CB2995,NA,DM6_posterior,central_brain
CB2996,NA,DM6_posterior,central_brain
CB2459,CL348,DM6_posterior,central_brain
CL348,CL348,DM6_posterior,central_brain
NA,NA,DM6_posterior,central_brain
AVLP580,AVLP580,DM6_posterior,central_brain
cL02c,NA,DM6_posterior,central_brain
cLPL01,NA,DM6_posterior,central_brain
OLVC7,NA,DM6_posterior,central_brain
cLLPM01,NA,DM6_posterior,central_brain
CB0335,CL353,DM6_posterior,central_brain
CB1012,NA,DM6_posterior,central_brain
CB1018,NA,DM6_posterior,central_brain
CB1805,NA,DM6_posterior,central_brain
CB2343,NA,DM6_posterior,central_brain
CB2652,CL354,DM6_posterior,central_brain
CB2709,CL353,DM6_posterior,central_brain
CB2898,CL354,DM6_posterior,central_brain
CB2942,NA,DM6_posterior,central_brain
CB3171,CL353,DM6_posterior,central_brain
CB3517,NA,DM6_posterior,central_brain
CB3814,NA,DM6_posterior,central_brain
CL352,CL352,DM6_posterior,central_brain
DM6_posterior__1,NA,DM6_posterior,central_brain
CL353,CL353,DM6_posterior,central_brain
DM6_posterior__2,NA,DM6_posterior,central_brain
cL02a,NA,DM6_posterior,central_brain
PS289,PS289,DM6_posterior,central_brain
IB093,IB093,DM6_posterior,central_brain
CB1893,PS283,DM6_posterior,central_brain
CB1893,PS286,DM6_posterior,central_brain
CB2694,PS289,DM6_posterior,central_brain
CB2783,ATL045,DM6_posterior,central_brain
CB0299,CL355,DM6_posterior,central_brain
CB1458,NA,DM6_posterior,central_brain
CB1516,CL351,DM6_posterior,central_brain
CB1836,NA,DM6_posterior,central_brain
CB1873,PS282,DM6_posterior,central_brain
CB1893,PS282,DM6_posterior,central_brain
CB2263,NA,DM6_posterior,central_brain
CB2462,NA,DM6_posterior,central_brain
CB2665,CL355,DM6_posterior,central_brain
CB2666,PS285,DM6_posterior,central_brain
CB2878,CL353,DM6_posterior,central_brain
CB3197,NA,DM6_posterior,central_brain
IB094,IB094,DM6_posterior,central_brain
IB095,IB095,DM6_posterior,central_brain
cL02b,NA,DM6_posterior,central_brain
CB0320,NA,DM6_ventral,central_brain
CB0345,WED166_a,DM6_ventral,central_brain
CB0368,NA,DM6_ventral,central_brain
WED166_d,WED166_d,DM6_ventral,central_brain
CB1029,WED166_c,DM6_ventral,central_brain
CB1029,WED027,DM6_ventral,central_brain
CB2501,NA,DM6_ventral,central_brain
CB1047,NA,DM6_ventral,central_brain
CB1292,LAL189,DM6_ventral,central_brain
CB1433,WED167,DM6_ventral,central_brain
CB1477,NA,DM6_ventral,central_brain
CB1751,WED167,DM6_ventral,central_brain
CB1890,PS270,DM6_ventral,central_brain
CB2077,NA,DM6_ventral,central_brain
CB2205,NA,DM6_ventral,central_brain
CB2294,NA,DM6_ventral,central_brain
CB2348,NA,DM6_ventral,central_brain
CB2406,NA,DM6_ventral,central_brain
CB2503,NA,DM6_ventral,central_brain
CB2883,NA,DM6_ventral,central_brain
CB2935,NA,DM6_ventral,central_brain
CB2972,NA,DM6_ventral,central_brain
CB3082,NA,DM6_ventral,central_brain
CB3140,NA,DM6_ventral,central_brain
CB3204,NA,DM6_ventral,central_brain
CB3343,NA,DM6_ventral,central_brain
LAL187,LAL187,DM6_ventral,central_brain
LAL188,LAL188,DM6_ventral,central_brain
PS238,PS238,DM6_ventral,central_brain
PS268,PS267,DM6_ventral,central_brain
PS268,PS268,DM6_ventral,central_brain
PS268,PS269,DM6_ventral,central_brain
PS269,PS267,DM6_ventral,central_brain
PS269,PS268,DM6_ventral,central_brain
PS269,PS269,DM6_ventral,central_brain
PS267,PS267,DM6_ventral,central_brain
PS267,PS268,DM6_ventral,central_brain
PS267,PS269,DM6_ventral,central_brain
CB3941,PS267,DM6_ventral,central_brain
CB3941,PS268,DM6_ventral,central_brain
CB3941,PS269,DM6_ventral,central_brain
WED168,WED168,DM6_ventral,central_brain
WED174,WED174,DM6_ventral,central_brain
ATL009,ATL009,EBa1,central_brain
SMP166,ATL010,EBa1,central_brain
ATL010,ATL010,EBa1,central_brain
"FB3B,FB3C,FB3E",FB3B,EBa1,central_brain
"FB3B,FB3C,FB3E",FB3C,EBa1,central_brain
CB1079,NA,EBa1,central_brain
CB1124,NA,EBa1,central_brain
CB1128,NA,EBa1,central_brain
CB1454,NA,EBa1,central_brain
CB2018,CRE052,EBa1,central_brain
CB2245,NA,EBa1,central_brain
CB2293,NA,EBa1,central_brain
CB2357,NA,EBa1,central_brain
CB2469,NA,EBa1,central_brain
CB2776,NA,EBa1,central_brain
CB2781,NA,EBa1,central_brain
CB2784,NA,EBa1,central_brain
CB2860,CRE057,EBa1,central_brain
CB3077,NA,EBa1,central_brain
CB3889,SMP166,EBa1,central_brain
CB3889,SMP167,EBa1,central_brain
CB3890,SMP166,EBa1,central_brain
CB3890,SMP167,EBa1,central_brain
CRE056,CRE056,EBa1,central_brain
CRE056,NA,EBa1,central_brain
SIP028,NA,EBa1,central_brain
ER1,ER1,EBa1,central_brain
ER2,ER2,EBa1,central_brain
"ER3a_a,ER3a_d",ER3a,EBa1,central_brain
"ER3a_b,ER3a_c",ER3a,EBa1,central_brain
ER3d,ER3a,EBa1,central_brain
ER3d,ER3d,EBa1,central_brain
ER3p_b,ER3d,EBa1,central_brain
ER3m,ER3m,EBa1,central_brain
"ER3a_a,ER3a_d",ER3m,EBa1,central_brain
ER3p_a,ER3p,EBa1,central_brain
ER3w,ER3w,EBa1,central_brain
ER4d,ER4d,EBa1,central_brain
ER2,ER4d,EBa1,central_brain
ER4m,ER4m,EBa1,central_brain
ER5,ER5,EBa1,central_brain
ER6,ER6,EBa1,central_brain
MBON10,MBON10,EBa1,central_brain
SIP027,SIP027,EBa1,central_brain
SIP028a,SIP028,EBa1,central_brain
SIP028b,SIP028,EBa1,central_brain
SMP167,SMP166,EBa1,central_brain
SMP167,SMP167,EBa1,central_brain
NA,NA,EBa1,central_brain
CB0079,NA,FLAa1,central_brain
FLA100f,NA,FLAa1,central_brain
CB2043,NA,FLAa1,central_brain
CB2333,NA,FLAa1,central_brain
SAD301f,NA,FLAa1,central_brain
CB2557,NA,FLAa1,central_brain
CB2620,NA,FLAa1,central_brain
CB3394,NA,FLAa1,central_brain
CB3471,NA,FLAa1,central_brain
LAL127,LAL127,FLAa1,central_brain
PS100,PS100,FLAa1,central_brain
CB0648,hb543105865,FLAa2,central_brain
CB0650,hb519236349,FLAa2,central_brain
CB0746,NA,FLAa2,central_brain
CB1224,NA,FLAa2,central_brain
CB1345,NA,FLAa2,central_brain
CB1372,NA,FLAa2,central_brain
CB1430,NA,FLAa2,central_brain
CB1506,NA,FLAa2,central_brain
CB1514,NA,FLAa2,central_brain
CB1769,NA,FLAa2,central_brain
CB1919,NA,FLAa2,central_brain
CB1951,NA,FLAa2,central_brain
CB2017,NA,FLAa2,central_brain
CB2367,NA,FLAa2,central_brain
CB2450,NA,FLAa2,central_brain
CB2457,NA,FLAa2,central_brain
CB2535,NA,FLAa2,central_brain
CB2537,NA,FLAa2,central_brain
CB2579,NA,FLAa2,central_brain
CB2605,NA,FLAa2,central_brain
CB3035,NA,FLAa2,central_brain
CB3199,NA,FLAa2,central_brain
CB3292,NA,FLAa2,central_brain
CB3413,NA,FLAa2,central_brain
CB3423,NA,FLAa2,central_brain
CB3446,NA,FLAa2,central_brain
CB3462,NA,FLAa2,central_brain
CB3470,NA,FLAa2,central_brain
CB3473,NA,FLAa2,central_brain
CB3492,NA,FLAa2,central_brain
CB3573,NA,FLAa2,central_brain
CB3600,NA,FLAa2,central_brain
CB3696,NA,FLAa2,central_brain
MBON12,MBON12,FLAa2,central_brain
MBON13,MBON13,FLAa2,central_brain
MBON14,MBON14,FLAa2,central_brain
CB0227,NA,FLAa2,central_brain
CB0288,NA,FLAa2,central_brain
CB0643,hb330998071,FLAa2,central_brain
CB0643,hb362024428,FLAa2,central_brain
CB0985,NA,FLAa2,central_brain
CB1025,NA,FLAa2,central_brain
CB1828,NA,FLAa2,central_brain
CB2490,NA,FLAa2,central_brain
CB2626,NA,FLAa2,central_brain
CB2643,NA,FLAa2,central_brain
CB3229,NA,FLAa2,central_brain
CB3403,NA,FLAa2,central_brain
CB3538,NA,FLAa2,central_brain
CB3601,NA,FLAa2,central_brain
CB3627,NA,FLAa2,central_brain
CB1223,NA,FLAa2,central_brain
CB2487,NA,FLAa2,central_brain
CB3312,NA,FLAa2,central_brain
CB4075,NA,FLAa2,central_brain
BiT,NA,FLAa3,central_brain
CB0015,NA,FLAa3,central_brain
CB0575,NA,FLAa3,central_brain
CB0772,NA,FLAa3,central_brain
FLA101f_b,NA,FLAa3,central_brain
CB1008,NA,FLAa3,central_brain
CB1009,NA,FLAa3,central_brain
CB1024,NA,FLAa3,central_brain
CB1026,NA,FLAa3,central_brain
FLA101f_a,NA,FLAa3,central_brain
CB1253,NA,FLAa3,central_brain
FLA101f_c,NA,FLAa3,central_brain
CB1423,NA,FLAa3,central_brain
CB1537,NA,FLAa3,central_brain
FLA101f_d,NA,FLAa3,central_brain
CB2636,NA,FLAa3,central_brain
CB3695,NA,FLAa3,central_brain
CB0960,NA,FLAa3,central_brain
AVLP093,AVLP093,LALa1_anterior,central_brain
AVLP094,AVLP094,LALa1_anterior,central_brain
AVLP096,AVLP096,LALa1_anterior,central_brain
AVLP096,AVLP256,LALa1_anterior,central_brain
AVLP252,AVLP252,LALa1_anterior,central_brain
"AVLP253,AVLP254",AVLP253,LALa1_anterior,central_brain
"AVLP253,AVLP254",AVLP254,LALa1_anterior,central_brain
AVLP256,AVLP255,LALa1_anterior,central_brain
CB0719,CL054,LALa1_anterior,central_brain
CB0719,CL056,LALa1_anterior,central_brain
CB1587,LAL071,LALa1_anterior,central_brain
CB1587,NA,LALa1_anterior,central_brain
CB1705,NA,LALa1_anterior,central_brain
CB1750,NA,LALa1_anterior,central_brain
CB1750,LAL060,LALa1_anterior,central_brain
CB1761,NA,LALa1_anterior,central_brain
CB2002,LAL061,LALa1_anterior,central_brain
CB2066,NA,LALa1_anterior,central_brain
CB2276,CL054,LALa1_anterior,central_brain
CB2276,CL056,LALa1_anterior,central_brain
CB2425,NA,LALa1_anterior,central_brain
CB2430,NA,LALa1_anterior,central_brain
CB2460,LAL060,LALa1_anterior,central_brain
CB2675,LAL063,LALa1_anterior,central_brain
CB2683,LAL071,LALa1_anterior,central_brain
CB2741,NA,LALa1_anterior,central_brain
CB2936,NA,LALa1_anterior,central_brain
CB3033,NA,LALa1_anterior,central_brain
CB3065,NA,LALa1_anterior,central_brain
CB3595,NA,LALa1_anterior,central_brain
CB3879,NA,LALa1_anterior,central_brain
CL055,CL055,LALa1_anterior,central_brain
LAL049,LAL049,LALa1_anterior,central_brain
LAL056,LAL056,LALa1_anterior,central_brain
LAL059,LAL059,LALa1_anterior,central_brain
PS050,PS050,LALa1_anterior,central_brain
PVLP060,PVLP060,LALa1_anterior,central_brain
"SAD011,SAD019",SAD011,LALa1_anterior,central_brain
"SAD011,SAD019",SAD019,LALa1_anterior,central_brain
WED012,WED012,LALa1_anterior,central_brain
WED013,WED013,LALa1_anterior,central_brain
WED014,WED014,LALa1_anterior,central_brain
WED015,WED015,LALa1_anterior,central_brain
WED029,WED029,LALa1_anterior,central_brain
AVLP090,NA,LALa1_anterior,central_brain
PLP018,PLP018,LALa1_anterior,central_brain
PLP019,PLP019,LALa1_anterior,central_brain
PLP060,PLP060,LALa1_anterior,central_brain
AVLP255,AVLP096,LALa1_anterior,central_brain
AVLP255,AVLP256,LALa1_anterior,central_brain
LAL046,LAL046,LALa1_anterior,central_brain
AVLP256,AVLP096,LALa1_anterior,central_brain
AVLP256,AVLP256,LALa1_anterior,central_brain
CB3348,AVLP095,LALa1_anterior,central_brain
PLP250,PLP250,LALa1_anterior,central_brain
"AOTU032,AOTU034",AOTU032,LALa1_posterior,central_brain
"AOTU032,AOTU034",AOTU034,LALa1_posterior,central_brain
CB0325,NA,LALa1_posterior,central_brain
CB0640,hb1746952120,LALa1_posterior,central_brain
CB1202,NA,LALa1_posterior,central_brain
WED020_b,WED020_b,LALa1_posterior,central_brain
CB1213,NA,LALa1_posterior,central_brain
CB1356,NA,LALa1_posterior,central_brain
CB2267_c,WEDPN17_c,LALa1_posterior,central_brain
CB1564,NA,LALa1_posterior,central_brain
CB1827,LAL058,LALa1_posterior,central_brain
CB1827,WED009,LALa1_posterior,central_brain
CB2523,NA,LALa1_posterior,central_brain
CB1599,NA,LALa1_posterior,central_brain
CB1635,NA,LALa1_posterior,central_brain
CB1654,NA,LALa1_posterior,central_brain
CB1747,NA,LALa1_posterior,central_brain
CB2192,NA,LALa1_posterior,central_brain
CB2227,NA,LALa1_posterior,central_brain
CB2236,LAL064,LALa1_posterior,central_brain
CB2236,WEDPN7C,LALa1_posterior,central_brain
CB2246,NA,LALa1_posterior,central_brain
CB2267_a,WEDPN17_a,LALa1_posterior,central_brain
CB2267_b,WEDPN17_b,LALa1_posterior,central_brain
CB2320,PLP063,LALa1_posterior,central_brain
CB2368,WEDPN7C,LALa1_posterior,central_brain
CB2414,WEDPN17_a,LALa1_posterior,central_brain
CB2713,NA,LALa1_posterior,central_brain
CB2778,WEDPN7A,LALa1_posterior,central_brain
CB2855,NA,LALa1_posterior,central_brain
CB2865,WEDPN7A,LALa1_posterior,central_brain
CB2950,NA,LALa1_posterior,central_brain
CB2924,WEDPN7A,LALa1_posterior,central_brain
CB2925,WEDPN7A,LALa1_posterior,central_brain
CB2963,NA,LALa1_posterior,central_brain
CB3102,NA,LALa1_posterior,central_brain
CB3209,NA,LALa1_posterior,central_brain
CB3540,NA,LALa1_posterior,central_brain
CB3648,NA,LALa1_posterior,central_brain
WED020_b,LAL064,LALa1_posterior,central_brain
WED010,NA,LALa1_posterior,central_brain
LALa1_posterior__0,NA,LALa1_posterior,central_brain
WED010,WED010,LALa1_posterior,central_brain
WED011,WED011,LALa1_posterior,central_brain
WED016,WED016,LALa1_posterior,central_brain
WED017,WED017,LALa1_posterior,central_brain
WED018,WED018,LALa1_posterior,central_brain
WED044,WED044,LALa1_posterior,central_brain
WEDPN7B,WEDPN7B,LALa1_posterior,central_brain
WEDPN7C,WEDPN7C,LALa1_posterior,central_brain
FB1A,FB1A,LALv1_dorsal,central_brain
FB1A,FB1F,LALv1_dorsal,central_brain
FB1B,FB1B,LALv1_dorsal,central_brain
FB1F,FB1B,LALv1_dorsal,central_brain
FB2L,FB2L,LALv1_dorsal,central_brain
FB2K,FB2K,LALv1_dorsal,central_brain
FB2C,FB2C,LALv1_dorsal,central_brain
FB2C,FB2K,LALv1_dorsal,central_brain
FB2D,FB2D,LALv1_dorsal,central_brain
FB3A,FB3A,LALv1_dorsal,central_brain
FB4A,FB4A,LALv1_dorsal,central_brain
FB4E,FB4E,LALv1_dorsal,central_brain
FB4G,FB4E,LALv1_dorsal,central_brain
"FB4F_a,FB4F_b,FB4F_c",FB4J,LALv1_dorsal,central_brain
FB4J,FB4J,LALv1_dorsal,central_brain
FB4I,FB4J,LALv1_dorsal,central_brain
FB4H,FB4A,LALv1_dorsal,central_brain
FB4H,FB4D,LALv1_dorsal,central_brain
FB4H,FB4E,LALv1_dorsal,central_brain
FB4H,FB4F,LALv1_dorsal,central_brain
FB4H,FB4G,LALv1_dorsal,central_brain
FB4H,FB4H,LALv1_dorsal,central_brain
FB4H,FB4I,LALv1_dorsal,central_brain
FB4H,FB4J,LALv1_dorsal,central_brain
FB4C,FB4C,LALv1_dorsal,central_brain
FB4D,FB4D,LALv1_dorsal,central_brain
FB3D,FB3D,LALv1_dorsal,central_brain
FB5W,FB5W,LALv1_dorsal,central_brain
FB5L,FB5W,LALv1_dorsal,central_brain
FB5J,FB5J,LALv1_dorsal,central_brain
FB4A,FB5J,LALv1_dorsal,central_brain
FB5L,FB5K,LALv1_dorsal,central_brain
FB5L,FB5L,LALv1_dorsal,central_brain
FB5K,FB5K,LALv1_dorsal,central_brain
FB5W,FB5K,LALv1_dorsal,central_brain
FB5W,FB5L,LALv1_dorsal,central_brain
FB5N,FB5M,LALv1_dorsal,central_brain
FB5M,FB5M,LALv1_dorsal,central_brain
FB6P,FB6P,LALv1_dorsal,central_brain
FB6N,FB6N,LALv1_dorsal,central_brain
FB6O,FB6O,LALv1_dorsal,central_brain
"FB1I,FB1J",FB1I,LALv1_dorsal,central_brain
"FB1I,FB1J",FB1J,LALv1_dorsal,central_brain
FB7H,FB7H,LALv1_dorsal,central_brain
SAF,SAF,LALv1_dorsal,central_brain
ExR4,ExR4,LALv1_dorsal,central_brain
ExR6,ExR6,LALv1_dorsal,central_brain
FB4F,FB4A,LALv1_dorsal,central_brain
FB4F,FB4D,LALv1_dorsal,central_brain
FB4F,FB4E,LALv1_dorsal,central_brain
FB4F,FB4F,LALv1_dorsal,central_brain
FB4F,FB4G,LALv1_dorsal,central_brain
FB4F,FB4H,LALv1_dorsal,central_brain
FB4F,FB4I,LALv1_dorsal,central_brain
FB4F,FB4J,LALv1_dorsal,central_brain
FB4_unclear,FB4A,LALv1_dorsal,central_brain
FB4_unclear,FB4D,LALv1_dorsal,central_brain
FB4_unclear,FB4E,LALv1_dorsal,central_brain
FB4_unclear,FB4F,LALv1_dorsal,central_brain
FB4_unclear,FB4G,LALv1_dorsal,central_brain
FB4_unclear,FB4H,LALv1_dorsal,central_brain
FB4_unclear,FB4I,LALv1_dorsal,central_brain
FB4_unclear,FB4J,LALv1_dorsal,central_brain
FB4E,FB5J,LALv1_dorsal,central_brain
FB4E,FB5K,LALv1_dorsal,central_brain
FB4E,FB5L,LALv1_dorsal,central_brain
FB4E,FB5M,LALv1_dorsal,central_brain
FB4E,FB5N,LALv1_dorsal,central_brain
FB4E,FB5W,LALv1_dorsal,central_brain
GLNO,GLNO,LALv1_dorsal,central_brain
LCNOp,LCNOp,LALv1_dorsal,central_brain
LCNOpm,LCNOpm,LALv1_dorsal,central_brain
LNO2,LNO2,LALv1_dorsal,central_brain
LNOa,LNOa,LALv1_dorsal,central_brain
SA1,SA1,LALv1_dorsal,central_brain
SA2,SA2,LALv1_dorsal,central_brain
SA3,SA3,LALv1_dorsal,central_brain
FB4E,FB4A,LALv1_dorsal,central_brain
FB4E,FB4D,LALv1_dorsal,central_brain
FB4E,FB4F,LALv1_dorsal,central_brain
FB4E,FB4G,LALv1_dorsal,central_brain
FB4E,FB4H,LALv1_dorsal,central_brain
FB4E,FB4I,LALv1_dorsal,central_brain
FB4E,FB4J,LALv1_dorsal,central_brain
FB5N,FB5N,LALv1_dorsal,central_brain
FB5W,FB5J,LALv1_dorsal,central_brain
FB5W,FB5M,LALv1_dorsal,central_brain
FB5W,FB5N,LALv1_dorsal,central_brain
FB4B,FB4B,LALv1_dorsal,central_brain
NA,NA,LALv1_dorsal,central_brain
FB4G,FB4J,LALv1_dorsal,central_brain
AVLP451a,AVLP451,LALv1_ventral,central_brain
AVLP451b,AVLP451,LALv1_ventral,central_brain
AVLP451c,AVLP451,LALv1_ventral,central_brain
AVLP454_a,AVLP454_a,LALv1_ventral,central_brain
AVLP454_b,AVLP454_b,LALv1_ventral,central_brain
AVLP455,AVLP455,LALv1_ventral,central_brain
AVLP457,AVLP457,LALv1_ventral,central_brain
AVLP458,AVLP458,LALv1_ventral,central_brain
AVLP459,AVLP459,LALv1_ventral,central_brain
CB0080,NA,LALv1_ventral,central_brain
CB0391,NA,LALv1_ventral,central_brain
CB0675,hb1622138907,LALv1_ventral,central_brain
CB0990,NA,LALv1_ventral,central_brain
CB1010,NA,LALv1_ventral,central_brain
CB1042,PS077,LALv1_ventral,central_brain
CB1342,NA,LALv1_ventral,central_brain
CB1421,NA,LALv1_ventral,central_brain
CB1498,NA,LALv1_ventral,central_brain
CB1693,NA,LALv1_ventral,central_brain
CB1785,NA,LALv1_ventral,central_brain
CB1792,NA,LALv1_ventral,central_brain
CB2132,NA,LALv1_ventral,central_brain
CB2207,NA,LALv1_ventral,central_brain
CB2473,NA,LALv1_ventral,central_brain
CB2624,NA,LALv1_ventral,central_brain
CB2640,NA,LALv1_ventral,central_brain
CB2674,NA,LALv1_ventral,central_brain
CB2697,PS077,LALv1_ventral,central_brain
CB2697,NA,LALv1_ventral,central_brain
CB3177,NA,LALv1_ventral,central_brain
CB3404,NA,LALv1_ventral,central_brain
CB3560,NA,LALv1_ventral,central_brain
LAL081,LAL081,LALv1_ventral,central_brain
LAL200,LAL200,LALv1_ventral,central_brain
CB3956,NA,LALv1_ventral,central_brain
AVLP455,NA,LALv1_ventral,central_brain
OCC01a,OCG06,LALv1_ventral,central_brain
OCC01b,OCG05,LALv1_ventral,central_brain
PLP071,PLP071,LALv1_ventral,central_brain
PLP073,PLP073,LALv1_ventral,central_brain
PS068,PS068,LALv1_ventral,central_brain
PS074,PS074,LALv1_ventral,central_brain
PS076,PS076,LALv1_ventral,central_brain
PS078,PS078,LALv1_ventral,central_brain
PVLP089,PVLP089,LALv1_ventral,central_brain
PVLP090,PVLP090,LALv1_ventral,central_brain
PVLP092,PVLP092,LALv1_ventral,central_brain
SAD044,SAD044,LALv1_ventral,central_brain
"SAD045,SAD046",SAD045,LALv1_ventral,central_brain
"SAD045,SAD046",SAD046,LALv1_ventral,central_brain
SMP168,SMP168,LALv1_ventral,central_brain
WED070,WED070,LALv1_ventral,central_brain
SMP169,SMP169,LALv1_ventral,central_brain
cMLLP01,PS064,LALv1_ventral,central_brain
CB3899,NA,LB0_anterior,central_brain
CB3905,NA,LB0_anterior,central_brain
CB3920,NA,LB0_anterior,central_brain
CB3904,NA,LB0_anterior,central_brain
CB3897,NA,LB0_anterior,central_brain
CB3875,NA,LB0_anterior,central_brain
CB3876,NA,LB0_anterior,central_brain
CB3877,NA,LB0_anterior,central_brain
CB3878,NA,LB0_anterior,central_brain
CB3880,NA,LB0_anterior,central_brain
CB3881,NA,LB0_anterior,central_brain
CB3882,NA,LB0_anterior,central_brain
DNge138,NA,LB0_anterior,central_brain
DNge149,NA,LB0_anterior,central_brain
CB3913,NA,LB0_anterior,central_brain
CB3914,NA,LB0_anterior,central_brain
CB3919,NA,LB0_anterior,central_brain
CB3923,NA,LB0_anterior,central_brain
CB3922,NA,LB0_anterior,central_brain
CB3903,NA,LB0_anterior,central_brain
CB3915,NA,LB0_anterior,central_brain
CB4045,NA,LB0_anterior,central_brain
CB3918,NA,LB0_anterior,central_brain
CB3902,NA,LB0_anterior,central_brain
CB3924,NA,LB0_anterior,central_brain
CB3917,NA,LB0_anterior,central_brain
CB3925,NA,LB0_anterior,central_brain
CB3921,NA,LB0_anterior,central_brain
CB4161,NA,LB0_anterior,central_brain
CB3916,NA,LB0_anterior,central_brain
CB3898,NA,LB0_anterior,central_brain
CB3885,NA,LB0_anterior,central_brain
CB3911,NA,LB0_anterior,central_brain
CB3883,NA,LB0_anterior,central_brain
CB3886,NA,LB0_anterior,central_brain
DNg66,NA,LB0_posterior,central_brain
DNge150,NA,LB0_posterior,central_brain
DNge151,NA,LB0_posterior,central_brain
DNge152,NA,LB0_posterior,central_brain
DNad005,NA,LB0_posterior,central_brain
CB0231,NA,LB11,central_brain
CB3714,NA,LB11,central_brain
CB0030,NA,LB11,central_brain
CB0239,NA,LB11,central_brain
CB0468,NA,LB11,central_brain
CB0625,hb1848277193,LB11,central_brain
DNg69,NA,LB11,central_brain
DNge006,NA,LB11,central_brain
DNge013,NA,LB11,central_brain
DNg16,NA,LB11__prim,central_brain
DNg02_a,NA,LB12,central_brain
DNg04,NA,LB12,central_brain
DNg05_b,NA,LB12,central_brain
DNg06,NA,LB12,central_brain
DNg110,NA,LB12,central_brain
DNg82,NA,LB12,central_brain
DNg92_b,NA,LB12,central_brain
DNge015,NA,LB12,central_brain
DNge016,NA,LB12,central_brain
DNge030,NA,LB12,central_brain
DNg02_h,NA,LB12,central_brain
DNg01,NA,LB12,central_brain
DNg02_b,NA,LB12,central_brain
DNg02_c,NA,LB12,central_brain
DNg02_d,NA,LB12,central_brain
DNg02_e,NA,LB12,central_brain
DNg02_f,NA,LB12,central_brain
DNg02_g,NA,LB12,central_brain
DNg03,NA,LB12,central_brain
DNg05_a,NA,LB12,central_brain
DNg92_a,NA,LB12,central_brain
DNge014,NA,LB12,central_brain
DNge017,NA,LB12,central_brain
DNge175,NA,LB12,central_brain
DNut050,NA,LB12,central_brain
DNut043,NA,LB12,central_brain
DNut047,NA,LB12,central_brain
DNg05,NA,LB12,central_brain
DNxn100,NA,LB12,central_brain
DNut053,NA,LB12,central_brain
DNlt010,NA,LB12,central_brain
DNg92,NA,LB12,central_brain
DNut058,NA,LB12,central_brain
DNg02,NA,LB12,central_brain
DNut051,NA,LB12,central_brain
"CvN1,CvN2",NA,LB12__prim,central_brain
CB0122,NA,LB12__prim,central_brain
DNg88,NA,LB12__prim,central_brain
CB0126,NA,LB19,central_brain
CB0300,NA,LB19,central_brain
CB0306,NA,LB19,central_brain
CB0601,NA,LB19,central_brain
CB0957,NA,LB19,central_brain
CB1350,NA,LB19,central_brain
CB1422,NA,LB19,central_brain
CB1435,NA,LB19,central_brain
CB1728,NA,LB19,central_brain
CB1825,NA,LB19,central_brain
CB2195,NA,LB19,central_brain
CB2266,NA,LB19,central_brain
CB2392,NA,LB19,central_brain
CB2415,NA,LB19,central_brain
CB2774,NA,LB19,central_brain
CB2821,NA,LB19,central_brain
CB2941,NA,LB19,central_brain
CB3150,NA,LB19,central_brain
CB3158,NA,LB19,central_brain
CB3372,NA,LB19,central_brain
CB3792,NA,LB19,central_brain
CB0108,NA,LB19,central_brain
CB0319,NA,LB19,central_brain
CB0430,NA,LB19,central_brain
CB1091,NA,LB19,central_brain
CB2304,NA,LB19,central_brain
CB3395,NA,LB19,central_brain
CB3793,NA,LB19,central_brain
DNg53,NA,LB19,central_brain
CB0040,NA,LB19,central_brain
CB0186,NA,LB19,central_brain
DNg50,NA,LB19__prim,central_brain
DNg76,NA,LB19__prim,central_brain
DNge073,NA,LB19__prim,central_brain
CB0988,NA,LB23,central_brain
CB1740,NA,LB23,central_brain
CB2039,NA,LB23,central_brain
CB2115,NA,LB23,central_brain
CB2282,NA,LB23,central_brain
CB2820,NA,LB23,central_brain
DNg84,NA,LB23,central_brain
CB1475,NA,LB23,central_brain
CB1779,NA,LB23,central_brain
CB2014,NA,LB23,central_brain
CB2607,NA,LB23,central_brain
CB3126,NA,LB23,central_brain
CB3129,NA,LB23,central_brain
DNg57,NA,LB23,central_brain
DNg85,NA,LB23,central_brain
DNxn129,NA,LB23,central_brain
DNge130,NA,LB23__prim,central_brain
CB0958,NA,LB3,central_brain
CB2804,NA,LB3,central_brain
CB0961,NA,LB3,central_brain
CB0962,NA,LB3,central_brain
CB0982,NA,LB3,central_brain
CB0987,NA,LB3,central_brain
CB1023,NA,LB3,central_brain
CB1094,NA,LB3,central_brain
CB1229,NA,LB3,central_brain
CB1233,NA,LB3,central_brain
CB1331b,NA,LB3,central_brain
CB1424,NA,LB3,central_brain
CB1469,NA,LB3,central_brain
CB1479,NA,LB3,central_brain
CB1786,NA,LB3,central_brain
CB1482,NA,LB3,central_brain
CB1583,NA,LB3,central_brain
CB2621,NA,LB3,central_brain
CB1601,NA,LB3,central_brain
CB2728,NA,LB3,central_brain
CB1680,NA,LB3,central_brain
CB2024,NA,LB3,central_brain
CB1708,NA,LB3,central_brain
CB1830,NA,LB3,central_brain
CB1894,NA,LB3,central_brain
CB1918,NA,LB3,central_brain
CB1937,NA,LB3,central_brain
CB1996,NA,LB3,central_brain
CB2044,NA,LB3,central_brain
CB2351,NA,LB3,central_brain
CB2751,NA,LB3,central_brain
CB2891,NA,LB3,central_brain
CB2912,NA,LB3,central_brain
CB2949,NA,LB3,central_brain
CB3037,NA,LB3,central_brain
CB3794,NA,LB3,central_brain
CB0025,NA,LB3,central_brain
CB0179,NA,LB3,central_brain
CB0374,NA,LB3,central_brain
CB0399,NA,LB3,central_brain
CB1092,NA,LB3,central_brain
CB2690,NA,LB3,central_brain
CB1845,NA,LB3,central_brain
CB2944,NA,LB3,central_brain
CB1311,NA,LB3,central_brain
CB1331a,NA,LB3,central_brain
CB1438,NA,LB3,central_brain
CB1496,NA,LB3,central_brain
CB1786_a,NA,LB3,central_brain
CB1786_b,NA,LB3,central_brain
CB1872,NA,LB3,central_brain
CB2084,NA,LB3,central_brain
CB2101,NA,LB3,central_brain
CB2176,NA,LB3,central_brain
CB2235,NA,LB3,central_brain
CB2474,NA,LB3,central_brain
CB2792,NA,LB3,central_brain
CB2913,NA,LB3,central_brain
DNge045,NA,LB3,central_brain
CB0784,NA,LB3,central_brain
CB0229,NA,LB3,central_brain
DNnt018,NA,LB3,central_brain
CB0034,NA,LB3__prim,central_brain
CB0228,NA,LB3__prim,central_brain
CB0267,NA,LB3__prim,central_brain
CB0312,NA,LB3__prim,central_brain
CB0432,NA,LB3__prim,central_brain
CB0435,NA,LB3__prim,central_brain
CB0451,NA,LB3__prim,central_brain
CB0517,NA,LB3__prim,central_brain
CB0530,NA,LB3__prim,central_brain
CB0749,NA,LB3__prim,central_brain
CB0873,NA,LB3__prim,central_brain
DNg56,NA,LB3__prim,central_brain
DNge043,hb1499778528,LB3__prim,central_brain
DNge103,NA,LB3__prim,central_brain
CB0059,NA,LB5,central_brain
CB0351,NA,LB5,central_brain
CB0963,NA,LB5,central_brain
CB1049,NA,LB5,central_brain
CB1096,NA,LB5,central_brain
CB1228,NA,LB5,central_brain
CB1369,NA,LB5,central_brain
CB1814,NA,LB5,central_brain
CB1925,NA,LB5,central_brain
CB2468,NA,LB5,central_brain
CB2506,NA,LB5,central_brain
CB0270,NA,LB5,central_brain
CB0495,NA,LB5,central_brain
CB0555,NA,LB5,central_brain
CB0586,NA,LB5,central_brain
CB1022,NA,LB5,central_brain
CB1037,NA,LB5,central_brain
CB1095,NA,LB5,central_brain
CB1097,NA,LB5,central_brain
CB1230,NA,LB5,central_brain
CB1297,NA,LB5,central_brain
CB1344,NA,LB5,central_brain
CB1829,NA,LB5,central_brain
CB1974,NA,LB5,central_brain
CB2142,NA,LB5,central_brain
CB2231,NA,LB5,central_brain
CB2291,NA,LB5,central_brain
CB2299,NA,LB5,central_brain
CB2355,NA,LB5,central_brain
CB2573,NA,LB5,central_brain
CB2588,NA,LB5,central_brain
CB3485,NA,LB5,central_brain
CB3500,NA,LB5,central_brain
CB3502,NA,LB5,central_brain
CB3527,NA,LB5,central_brain
CB3658,NA,LB5,central_brain
CB3687,NA,LB5,central_brain
CB0095,NA,LB5,central_brain
CB0060,NA,LB5,central_brain
CB0066,NA,LB5,central_brain
CB0194,NA,LB5__prim,central_brain
CB0387,NA,LB5__prim,central_brain
CB0514,NA,LB5__prim,central_brain
DNg109,NA,LB5__prim,central_brain
DNge046,NA,LB5__prim,central_brain
DNge052,NA,LB5__prim,central_brain
CB0164,NA,LB6,central_brain
CB0402,NA,LB6,central_brain
CB0671,hb5813078116,LB6,central_brain
CB0981,NA,LB6,central_brain
CB2010,NA,LB6,central_brain
CB2103,NA,LB6,central_brain
CB2160,NA,LB6,central_brain
CB2872,NA,LB6,central_brain
DNg10,NA,LB6,central_brain
DNg91,hb1626948732,LB6,central_brain
DNge071,NA,LB6,central_brain
DNge072,NA,LB6,central_brain
NA,NA,LB6,central_brain
DNg11,NA,LB6,central_brain
DNg18_a,NA,LB6,central_brain
DNg18_b,NA,LB6,central_brain
DNge033,NA,LB6,central_brain
DNge070,DNb06,LB6,central_brain
DNge085,NA,LB6,central_brain
DNge086,NA,LB6,central_brain
DNge087,NA,LB6,central_brain
DNge117,NA,LB6,central_brain
LB6__0,NA,LB6,central_brain
DNge007,NA,LB6,central_brain
DNge010,NA,LB6,central_brain
DNg89,NA,LB6,central_brain
DNge008,NA,LB6,central_brain
DNg18,NA,LB6,central_brain
DNg91,NA,LB6,central_brain
DNml001,NA,LB6,central_brain
CB0083,NA,LB6__prim,central_brain
DNge023,NA,LB6__prim,central_brain
CB0215,NA,LB7,central_brain
CB0241,NA,LB7,central_brain
CB0415,NA,LB7,central_brain
CB0442,NA,LB7,central_brain
CB0523,NA,LB7,central_brain
DNg07,NA,LB7,central_brain
DNge089,NA,LB7,central_brain
DNge091,NA,LB7,central_brain
DNge094,NA,LB7,central_brain
CB0141,NA,LB7,central_brain
CB0188,NA,LB7,central_brain
CB0261,NA,LB7,central_brain
CB0341,NA,LB7,central_brain
CB1431,NA,LB7,central_brain
DNg09,NA,LB7,central_brain
DNg36_a,NA,LB7,central_brain
DNg36_b,NA,LB7,central_brain
DNg51,NA,LB7,central_brain
DNge090,NA,LB7,central_brain
DNge092,NA,LB7,central_brain
DNge093,NA,LB7,central_brain
DNge095,NA,LB7,central_brain
DNge108,NA,LB7,central_brain
DNge109,NA,LB7,central_brain
DNge110,NA,LB7,central_brain
DNge111,NA,LB7,central_brain
DNge112,NA,LB7,central_brain
DNge113,NA,LB7,central_brain
DNge114,NA,LB7,central_brain
DNge115,NA,LB7,central_brain
DNge116,NA,LB7,central_brain
DNge118,NA,LB7,central_brain
DNge126,NA,LB7,central_brain
DNge145,NA,LB7,central_brain
DNge154,NA,LB7,central_brain
DNge156,NA,LB7,central_brain
CB0453,NA,LB7,central_brain
DNit003,NA,LB7,central_brain
DNut054,NA,LB7,central_brain
DNg36,NA,LB7,central_brain
DNut036,NA,LB7,central_brain
DNxn117,NA,LB7,central_brain
DNxn107,NA,LB7,central_brain
CB0135,NA,LB7__prim,central_brain
CB0292,NA,LB7__prim,central_brain
DNg39,NA,LB7__prim,central_brain
DNg87,NA,LB7__prim,central_brain
DNge037,NA,LB7__prim,central_brain
DNge041,NA,LB7__prim,central_brain
CB0089,NA,LB7__prim,central_brain
CB0255,NA,LB7__prim,central_brain
CB0264,NA,LB7__prim,central_brain
CB0297,NA,LB7__prim,central_brain
CB0477,NA,LB7__prim,central_brain
CB0485,NA,LB7__prim,central_brain
CB0508,NA,LB7__prim,central_brain
CB0533,NA,LB7__prim,central_brain
CB1582,NA,LB7__prim,central_brain
DNg54,NA,LB7__prim,central_brain
DNge018,NA,LB7__prim,central_brain
DNge082,NA,LB7__prim,central_brain
DNge125,NA,LB7__prim,central_brain
DNge133,NA,LB7__prim,central_brain
CB0106,NA,LB7__prim,central_brain
CB0254,NA,LB7__prim,central_brain
CB2619,NA,LB7__prim,central_brain
DNge100,NA,LB7__prim,central_brain
DNxl014,NA,LB7__prim,central_brain
DNxn141,NA,LB7__prim,central_brain
DNfl013,NA,LB7__prim,central_brain
DNxn127,NA,LB7__prim,central_brain
CB0948,NA,LHa1,central_brain
CB0994,NA,LHa1,central_brain
CB1442,NA,LHa1,central_brain
CB1570,NA,LHa1,central_brain
CB1655,NA,LHa1,central_brain
CB1771,NA,LHa1,central_brain
CB1799,LHAV6a7,LHa1,central_brain
CB1811,NA,LHa1,central_brain
CB2011,NA,LHa1,central_brain
CB2097,:HAV6a4,LHa1,central_brain
CB2172,NA,LHa1,central_brain
CB2226,NA,LHa1,central_brain
CB2247,LHAV6b3,LHa1,central_brain
CB2532,SLP112,LHa1,central_brain
CB2532,SLP113,LHa1,central_brain
CB2687,LHAV6a10,LHa1,central_brain
CB2687,LHAV6f2,LHa1,central_brain
CB2687,LHAV6f1_b,LHa1,central_brain
CB2688,LHAV6a10,LHa1,central_brain
CB2688,LHAV6f2,LHa1,central_brain
CB2688,LHAV6f1_b,LHa1,central_brain
CB2693,NA,LHa1,central_brain
CB2699,NA,LHa1,central_brain
CB2701,NA,LHa1,central_brain
CB2714,LHAV6a10,LHa1,central_brain
CB2714,LHAV6f2,LHa1,central_brain
CB2714,LHAV6f1_b,LHa1,central_brain
CB2919,NA,LHa1,central_brain
CB2991,SLP113,LHa1,central_brain
CB3023,NA,LHa1,central_brain
CB3030,LHAV6a9,LHa1,central_brain
CB3085,LHAV6b3,LHa1,central_brain
CB3134a,LHAV6b3,LHa1,central_brain
CB3134b,LHAV6b3,LHa1,central_brain
CB3284,NA,LHa1,central_brain
CB3304,LHAV6a5,LHa1,central_brain
CB3319,LHAV6a9,LHa1,central_brain
CB3347,LHAV6a9,LHa1,central_brain
LHAV6a1,NA,LHa1,central_brain
LHAV6a3,NA,LHa1,central_brain
"SLP114,SLP115",SLP114,LHa1,central_brain
"SLP114,SLP115",SLP115,LHa1,central_brain
CB0947,NA,LHa2,central_brain
CB0997,LHAV2a2,LHa2,central_brain
CB1100,LHAV2h1,LHa2,central_brain
CB1102,NA,LHa2,central_brain
CB1103,NA,LHa2,central_brain
CB1104,NA,LHa2,central_brain
CB1106,LHAV2k9,LHa2,central_brain
CB1113,LHAV2k12_b,LHa2,central_brain
CB1114,NA,LHa2,central_brain
CB1237,NA,LHa2,central_brain
CB1238,NA,LHa2,central_brain
CB1241,NA,LHa2,central_brain
CB1272,SLP094,LHa2,central_brain
CB1276,NA,LHa2,central_brain
CB1305,LHAV2k9,LHa2,central_brain
CB1305,LHAV2k5,LHa2,central_brain
CB1306,SLP094,LHa2,central_brain
CB1328,NA,LHa2,central_brain
CB1354,LHAV2a5,LHa2,central_brain
CB1437,LHAV2k1,LHa2,central_brain
CB1448,NA,LHa2,central_brain
CB1513,NA,LHa2,central_brain
CB1531,LHAV2k12_a,LHa2,central_brain
CB1560,NA,LHa2,central_brain
CB1594,SLP094,LHa2,central_brain
CB1663,NA,LHa2,central_brain
CB1800,LHAV2h1,LHa2,central_brain
CB1992,LHAV2e4_b,LHa2,central_brain
CB2045,NA,LHa2,central_brain
CB2129,LHAV2i4,LHa2,central_brain
CB2133,NA,LHa2,central_brain
CB2215,LHAV2k12_a,LHa2,central_brain
CB2442,LHAV2h1,LHa2,central_brain
CB2650,LHAV2j1,LHa2,central_brain
CB2679,NA,LHa2,central_brain
CB2747,LHAV2a5,LHa2,central_brain
CB2749,NA,LHa2,central_brain
CB2805,LHAV2i5,LHa2,central_brain
CB2805,LHAV2k3,LHa2,central_brain
CB2918,NA,LHa2,central_brain
CB2938,NA,LHa2,central_brain
LHAV2a3a,LHAV2a3,LHa2,central_brain
LHAV2a3b,LHAV2a3,LHa2,central_brain
LHAV2a3c,LHAV2a3,LHa2,central_brain
LHAV2k10,LHAV2k10,LHa2,central_brain
LHAV2k13,LHAV2k13,LHa2,central_brain
LHAV3g2,LHAV3g2,LHa2,central_brain
LHAV3k6,LHAV3k6,LHa2,central_brain
LHa2__0,NA,LHa2,central_brain
CB4193,NA,LHa2,central_brain
SLP048,SLP048,LHa2,central_brain
CB0934,LHAV3b1,LHa3,central_brain
CB0996,NA,LHa3,central_brain
CB1181,NA,LHa3,central_brain
CB1184,LHAV3b2_c,LHa3,central_brain
CB1188,NA,LHa3,central_brain
CB1240,LHAV3b13,LHa3,central_brain
CB1279,NA,LHa3,central_brain
CB1307,NA,LHa3,central_brain
CB1333,NA,LHa3,central_brain
CB1441,NA,LHa3,central_brain
CB1512,LHAV3b6_b,LHa3,central_brain
CB1595,NA,LHa3,central_brain
CB1665,LHAV3b1,LHa3,central_brain
CB1887,NA,LHa3,central_brain
CB2007,NA,LHa3,central_brain
CB2240,LHAV3b8,LHa3,central_brain
CB2249,NA,LHa3,central_brain
CB2336,LHAV3n1,LHa3,central_brain
CB2360,NA,LHa3,central_brain
CB2446,NA,LHa3,central_brain
CB2467,NA,LHa3,central_brain
CB2743,NA,LHa3,central_brain
CB2759,LHAV3b2_a,LHa3,central_brain
CB2803,NA,LHa3,central_brain
CB2856,NA,LHa3,central_brain
CB2879,LHAV3n1,LHa3,central_brain
CB2887,LHAV3b2_b,LHa3,central_brain
CB2895,NA,LHa3,central_brain
CB2899,LHAV3n1,LHa3,central_brain
CB2907,NA,LHa3,central_brain
CB2911,NA,LHa3,central_brain
CB2927,NA,LHa3,central_brain
CB2969,NA,LHa3,central_brain
CB3021,NA,LHa3,central_brain
CB3087,LHAV3n1,LHa3,central_brain
CB3251,LHAV3b8,LHa3,central_brain
CB3274,NA,LHa3,central_brain
CB3467,LHAV3b13,LHa3,central_brain
LHAV3a1,NA,LHa3,central_brain
LHAV3g1,LHAV3g1,LHa3,central_brain
LHAV3h1,LHAV3h1,LHa3,central_brain
LHAV3k4,LHAV3k4,LHa3,central_brain
LHAV3o1,LHAV3o1,LHa3,central_brain
SLP047,SLP047,LHa3,central_brain
NA,NA,LHa3,central_brain
LHAV3b12,LHAV3b12,LHa3,central_brain
CB1665,NA,LHa3,central_brain
LHAV3c1,LHAV3c1,LHa3,central_brain
CB1020,NA,LHd1,central_brain
CB1033,NA,LHd1,central_brain
CB4141,NA,LHd1,central_brain
CB1263,NA,LHd1,central_brain
CB2279,LHAD3e1_a,LHd1,central_brain
CB2934,NA,LHd1,central_brain
CB2980,LHAD3b1_a,LHd1,central_brain
CB3124,NA,LHd1,central_brain
CB3208,NA,LHd1,central_brain
CB3345,LHAD3f1_a,LHd1,central_brain
CB3374,NA,LHd1,central_brain
CB3608,NA,LHd1,central_brain
LHAD3a10,LHAD3a10,LHd1,central_brain
LHAD3a8,LHAD3a8,LHd1,central_brain
SLP152,SLP152,LHd1,central_brain
CB1574,NA,LHd1,central_brain
CB1864,LHAD3d5,LHd1,central_brain
CB1924,NA,LHd1,central_brain
CB2019,LHAD3a1,LHd1,central_brain
CB2046,LHAD3a1,LHd1,central_brain
CB2174,NA,LHd1,central_brain
CB2184,NA,LHd1,central_brain
CB2552,LHAD3f1_b,LHd1,central_brain
CB2892,NA,LHd1,central_brain
CB3048,NA,LHd1,central_brain
CB3280,NA,LHd1,central_brain
CB3299,LHAD3f1_a,LHd1,central_brain
CB3340,NA,LHd1,central_brain
CB3448,LHAD3f1_a,LHd1,central_brain
CB3570,NA,LHd1,central_brain
LHAD3d4,LHAD3d4,LHd1,central_brain
SLP149,SLP149,LHd1,central_brain
SLP151,SLP151,LHd1,central_brain
"SLP261,SLP262",LHAD3a10,LHd1,central_brain
CB0286,LHPD3a2_a,LHd2,central_brain
CB0311,LHPD3a2_b,LHd2,central_brain
CB0394,NA,LHd2,central_brain
CB1057,NA,LHd2,central_brain
CB1058,LHPD3a3_b,LHd2,central_brain
CB1058,LHPD3a3_c,LHd2,central_brain
CB1154,SLP317,LHd2,central_brain
CB1154,SLP318,LHd2,central_brain
CB1160,NA,LHd2,central_brain
CB1286,NA,LHd2,central_brain
CB1757,LHPD3a2_a,LHd2,central_brain
CB1846,NA,LHd2,central_brain
CB1929,LHPD3a5,LHd2,central_brain
CB1939,LHPD3a4_c,LHd2,central_brain
CB1984,NA,LHd2,central_brain
CB2443,NA,LHd2,central_brain
CB2554,LHPD3a3_b,LHd2,central_brain
CB2554,LHPD3a3_c,LHd2,central_brain
CB2600,NA,LHd2,central_brain
CB2629,NA,LHd2,central_brain
CB2648,NA,LHd2,central_brain
CB2677,LHPD3a2_c,LHd2,central_brain
CB2739,LHPD3a2_b,LHd2,central_brain
CB2765,LHPD3a2_a,LHd2,central_brain
CB2914,LHPD3a4_b,LHd2,central_brain
CB2920,NA,LHd2,central_brain
CB2984,LHPD3a4_b,LHd2,central_brain
CB3088,SLP320,LHd2,central_brain
CB3155,SLP320,LHd2,central_brain
CB3163,SLP311,LHd2,central_brain
CB3180,SLP320,LHd2,central_brain
CB3361,NA,LHd2,central_brain
CL132,CL132,LHd2,central_brain
LHPD3a2,LHPD3a2_b,LHd2,central_brain
LHPD3a5,LHPD3a5,LHd2,central_brain
LHPD3c1,LHPD3c1,LHd2,central_brain
SLP305,SLP305,LHd2,central_brain
SLP308a,SLP308,LHd2,central_brain
SLP308b,SLP308,LHd2,central_brain
SLP312,SLP312,LHd2,central_brain
SLP313,SLP313,LHd2,central_brain
SLP314,SLP314,LHd2,central_brain
SLP319,SLP319,LHd2,central_brain
CB2970,NA,LHd2,central_brain
LHd2__2,NA,LHd2,central_brain
CB1059,SLP436,LHd2,central_brain
CB1059,SLP445,LHd2,central_brain
CB3088,NA,LHd2,central_brain
CB3698,SLP315,LHd2,central_brain
AVLP006a,AVLP006,LHl1,central_brain
AVLP006b,AVLP006,LHl1,central_brain
AVLP008,AVLP008,LHl1,central_brain
AVLP009,AVLP009,LHl1,central_brain
CB1002,AVLP003,LHl1,central_brain
CB1003,LHAV4e1_b,LHl1,central_brain
CB1117,NA,LHl1,central_brain
CB1293,LHAV4d4,LHl1,central_brain
CB1385,AVLP007,LHl1,central_brain
CB1399,AVLP004,LHl1,central_brain
CB1401,LHAV4d5,LHl1,central_brain
CB1432,LHAV4a3_a,LHl1,central_brain
CB1614,NA,LHl1,central_brain
CB1630,LHAV4a7,LHl1,central_brain
CB1647,AVLP004,LHl1,central_brain
CB1722,LHAV4d1,LHl1,central_brain
CB1860,LHAV4a7,LHl1,central_brain
CB2038,NA,LHl1,central_brain
CB2114,NA,LHl1,central_brain
CB2253,NA,LHl1,central_brain
CB2364,NA,LHl1,central_brain
CB2480,NA,LHl1,central_brain
CB2612,AVLP003,LHl1,central_brain
CB2639,AVLP002,LHl1,central_brain
CB2763,NA,LHl1,central_brain
CB2764,LHAV4a3_a,LHl1,central_brain
CB2773,NA,LHl1,central_brain
CB2798,LHAV4a1_a,LHl1,central_brain
CB2854,LHAV4a5,LHl1,central_brain
CB2861,LHAV4a3_a,LHl1,central_brain
CB2978,AVLP004,LHl1,central_brain
CB3036,NA,LHl1,central_brain
CB3094,LHAV4e4,LHl1,central_brain
CB3149,LHAV4e4,LHl1,central_brain
CB3393,NA,LHl1,central_brain
CB3730,NA,LHl1,central_brain
CB3732,NA,LHl1,central_brain
CB3761,SLP058,LHl1,central_brain
LHAV4a1_b,LHAV4a1_b,LHl1,central_brain
LHAV4a6,LHAV4a6,LHl1,central_brain
LHAV4c2,LHAV4c2,LHl1,central_brain
CB1385,LHAV4c2,LHl1,central_brain
LHAV4d1,LHAV4d1,LHl1,central_brain
LHAV4e1_a,LHAV4e1,LHl1,central_brain
LHAV4e4,LHAV4e4,LHl1,central_brain
LHAV4j1,LHAV4j1,LHl1,central_brain
AVLP009,aSP8,LHl1,central_brain
LHAV4a1_b,LHAV4a1_b,LHl1__prim,central_brain
CB1244,LHAD1b2,LHl2_dorsal,central_brain
CB1245,LHAD1b2,LHl2_dorsal,central_brain
CB1289,NA,LHl2_dorsal,central_brain
CB1870,LHAD1b2,LHl2_dorsal,central_brain
CB2667,NA,LHl2_dorsal,central_brain
CB3244,NA,LHl2_dorsal,central_brain
CB3369,LHAD1b2,LHl2_dorsal,central_brain
CB3507,NA,LHl2_dorsal,central_brain
CB3780,LHAD1b2,LHl2_dorsal,central_brain
CRE001,CRE001,LHl2_dorsal,central_brain
LHAD1b1_b,LHAD1b1_b,LHl2_dorsal,central_brain
"LHAD1b2_a,LHAD1b2_c",LHAD1b2_a,LHl2_dorsal,central_brain
"LHAD1b2_a,LHAD1b2_c",LHAD1b2_c,LHl2_dorsal,central_brain
LHAD1b3,LHAD1b3,LHl2_dorsal,central_brain
LHAD1b4,LHAD1b4,LHl2_dorsal,central_brain
LHAD1b5,LHAD1b5,LHl2_dorsal,central_brain
LHAD1c2a,LHAD1c2,LHl2_dorsal,central_brain
LHAD1c2b,LHAD1c2,LHl2_dorsal,central_brain
LHAD1c2c,LHAD1c2,LHl2_dorsal,central_brain
LHAD1d1,LHAD1d1,LHl2_dorsal,central_brain
LHAD1d2,LHAD1d2,LHl2_dorsal,central_brain
SLP129_c,SLP129_c,LHl2_dorsal,central_brain
"SMP003,SMP005",SMP003,LHl2_dorsal,central_brain
"SMP003,SMP005",SMP005,LHl2_dorsal,central_brain
SMP031,SMP031,LHl2_dorsal,central_brain
CB1308,NA,LHl2_dorsal,central_brain
CB3212,NA,LHl2_dorsal,central_brain
CB3357,NA,LHl2_dorsal,central_brain
CB3515,SMP032,LHl2_dorsal,central_brain
SLP128,SLP128,LHl2_dorsal,central_brain
CB1697,NA,LHl2_dorsal,central_brain
CB3392,NA,LHl2_dorsal,central_brain
SMP030,SMP030,LHl2_dorsal,central_brain
AVLP022,AVLP022,LHl2_ventral,central_brain
AVLP059,AVLP059,LHl2_ventral,central_brain
AVLP069,AVLP069,LHl2_ventral,central_brain
CB2342,AVLP069,LHl2_ventral,central_brain
CB1005,AVLP065,LHl2_ventral,central_brain
CB1116,NA,LHl2_ventral,central_brain
CB1657,AVLP064,LHl2_ventral,central_brain
CB1911,NA,LHl2_ventral,central_brain
CB2140,AVLP062,LHl2_ventral,central_brain
CB2193,NA,LHl2_ventral,central_brain
CB2342,NA,LHl2_ventral,central_brain
CB2402,AVLP067,LHl2_ventral,central_brain
CB2402,AVLP062,LHl2_ventral,central_brain
CB2645,AVLP063,LHl2_ventral,central_brain
CB3439,NA,LHl2_ventral,central_brain
CB3512,NA,LHl2_ventral,central_brain
CB3532,AVLP065,LHl2_ventral,central_brain
CB3569,NA,LHl2_ventral,central_brain
CB3606,NA,LHl2_ventral,central_brain
CB3629,NA,LHl2_ventral,central_brain
CB3635,NA,LHl2_ventral,central_brain
CB3660,AVLP057,LHl2_ventral,central_brain
CB3660,AVLP058,LHl2_ventral,central_brain
CB3666,NA,LHl2_ventral,central_brain
CB3630,AVLP057,LHl2_ventral,central_brain
CB3630,AVLP058,LHl2_ventral,central_brain
CB2140,NA,LHl2_ventral,central_brain
LHAV2m1,LHAV2m1,LHl3,central_brain
LHAV3d1,LHAV3d1,LHl3,central_brain
LHAV3k2,LHAV3k2,LHl3,central_brain
LHAV3k3,LHAV3k3,LHl3,central_brain
LTe37,PLP011,LHl3,optic_lobe
LTe37,SLP339,LHl3,optic_lobe
SLP206,SLP206,LHl3,central_brain
SLP207,SLP207,LHl3,central_brain
SLP209,SLP209,LHl3,central_brain
SLP210,SLP210,LHl3,central_brain
LHAV3m1,LHAV3m1,LHl3,central_brain
CL027,CL027,LHl3,central_brain
CL028,CL028,LHl3,central_brain
CB0279,NA,LHl4_dorsal,central_brain
CB0373,NA,LHl4_dorsal,central_brain
CB1217,LHAV4g7_a,LHl4_dorsal,central_brain
CB1246,NA,LHl4_dorsal,central_brain
CB1275,NA,LHl4_dorsal,central_brain
CB1381,LHAV4g12,LHl4_dorsal,central_brain
CB1402,NA,LHl4_dorsal,central_brain
CB1483,NA,LHl4_dorsal,central_brain
CB2387,LHAV4g4_b,LHl4_dorsal,central_brain
CB1509,NA,LHl4_dorsal,central_brain
CB1619,NA,LHl4_dorsal,central_brain
CB1664,LHAV4b4,LHl4_dorsal,central_brain
CB1725,NA,LHl4_dorsal,central_brain
CB1797,LHAV4g14,LHl4_dorsal,central_brain
CB1927,NA,LHl4_dorsal,central_brain
CB1943,LHAV4g13,LHl4_dorsal,central_brain
CB1943,LHAV4g12,LHl4_dorsal,central_brain
CB2107,NA,LHl4_dorsal,central_brain
CB2463,NA,LHl4_dorsal,central_brain
CB2678,NA,LHl4_dorsal,central_brain
CB2691,NA,LHl4_dorsal,central_brain
CB2729,NA,LHl4_dorsal,central_brain
CB2731,LHAV4g6_a,LHl4_dorsal,central_brain
CB2755,NA,LHl4_dorsal,central_brain
CB2757,LHAV4g7_b,LHl4_dorsal,central_brain
CB2770,NA,LHl4_dorsal,central_brain
CB2812,NA,LHl4_dorsal,central_brain
CB2831,NA,LHl4_dorsal,central_brain
CB2851,NA,LHl4_dorsal,central_brain
CB2880,NA,LHl4_dorsal,central_brain
CB2889,NA,LHl4_dorsal,central_brain
CB2906,NA,LHl4_dorsal,central_brain
CB2958,NA,LHl4_dorsal,central_brain
CB3016,NA,LHl4_dorsal,central_brain
CB3051,NA,LHl4_dorsal,central_brain
CB3109,NA,LHl4_dorsal,central_brain
CB3727,NA,LHl4_dorsal,central_brain
CB3728,NA,LHl4_dorsal,central_brain
CB3729,NA,LHl4_dorsal,central_brain
CB3733,NA,LHl4_dorsal,central_brain
LHAV4b1,NA,LHl4_dorsal,central_brain
LHAV4b2,LHAV4b2,LHl4_dorsal,central_brain
LHAV4g17,LHAV4g17,LHl4_dorsal,central_brain
LHAV4g1a,LHAV4g1_a,LHl4_dorsal,central_brain
LHAV4g1b,LHAV4g1_a,LHl4_dorsal,central_brain
LHAV4g1c,LHAV4g1_b,LHl4_dorsal,central_brain
LHCENT13_d,LHCENT13,LHl4_dorsal,central_brain
LHCENT13_a,LHCENT13,LHl4_dorsal,central_brain
LHCENT13_b,LHCENT13,LHl4_dorsal,central_brain
LHCENT13_c,LHCENT13,LHl4_dorsal,central_brain
SLP065,SLP065,LHl4_dorsal,central_brain
CB1793,LHAV4g13,LHl4_dorsal,central_brain
CB1381,NA,LHl4_dorsal,central_brain
CB2183,NA,LHl4_posterior,central_brain
CB2331,NA,LHl4_posterior,central_brain
CB2494,PLP107,LHl4_posterior,central_brain
CB2494,PLP110,LHl4_posterior,central_brain
CB3734,NA,LHl4_posterior,central_brain
LC35,LC35,LHl4_posterior,optic_lobe
LHPV2i1a,LHPV2i1,LHl4_posterior,central_brain
LHPV2i1b,LHPV2i1,LHl4_posterior,central_brain
LHPV2i2a,LHPV2i2,LHl4_posterior,central_brain
LHPV2i2b,LHPV2i2,LHl4_posterior,central_brain
"LT53,PLP098",LT53,LHl4_posterior,optic_lobe
"LT53,PLP098",PLP098,LHl4_posterior,optic_lobe
LT82,LT82a,LHl4_posterior,optic_lobe
LT82,LT82b,LHl4_posterior,optic_lobe
LT86,LT86,LHl4_posterior,optic_lobe
LTe42a,VES044,LHl4_posterior,optic_lobe
LTe42b,VES044,LHl4_posterior,optic_lobe
LTe42c,VES044,LHl4_posterior,optic_lobe
LTe51,PLP091,LHl4_posterior,optic_lobe
LTe64,NA,LHl4_posterior,optic_lobe
LTe64,PS105,LHl4_posterior,optic_lobe
PLP095,PLP095,LHl4_posterior,central_brain
PLP096,PLP096,LHl4_posterior,central_brain
PLP099,PLP099,LHl4_posterior,central_brain
"PLP101,PLP102",PLP101,LHl4_posterior,central_brain
"PLP101,PLP102",PLP102,LHl4_posterior,central_brain
PLP103a,PLP103,LHl4_posterior,central_brain
PLP103b,PLP103,LHl4_posterior,central_brain
PLP103c,PLP103,LHl4_posterior,central_brain
PLP104,PLP104,LHl4_posterior,central_brain
PLP106,PLP106,LHl4_posterior,central_brain
PLP108,PLP108,LHl4_posterior,central_brain
"PLP109,PLP112",PLP109,LHl4_posterior,central_brain
"PLP109,PLP112",PLP112,LHl4_posterior,central_brain
PLP108,PLP113,LHl4_posterior,central_brain
PLP113,PLP113,LHl4_posterior,central_brain
PLP114,PLP114,LHl4_posterior,central_brain
PLP115_a,PLP115_a,LHl4_posterior,central_brain
PLP115_b,PLP115_b,LHl4_posterior,central_brain
LT79,LT79,LHl4_posterior,optic_lobe
LT87,LT87,LHl4_posterior,optic_lobe
LTe64,PLP105,LHl4_posterior,optic_lobe
PLP100,PLP100,LHl4_posterior,central_brain
LHPV2h1,LHPV2h1,LHl4_posterior,central_brain
LT63,LT63,LHl4_posterior,optic_lobe
LT64,LT64,LHl4_posterior,optic_lobe
CB1219,NA,LHp1,central_brain
CB1247,NA,LHp1,central_brain
CB1334,NA,LHp1,central_brain
CB1405,NA,LHp1,central_brain
CB1503,LHPV4a4,LHp1,central_brain
CB1518,LHPV4j2,LHp1,central_brain
CB1577,NA,LHp1,central_brain
CB1661,LHPV4d10,LHp1,central_brain
CB1726,NA,LHp1,central_brain
CB1755,NA,LHp1,central_brain
CB1850,NA,LHp1,central_brain
CB1981,NA,LHp1,central_brain
CB2026,NA,LHp1,central_brain
CB2029,NA,LHp1,central_brain
CB2064,LHPV4a4,LHp1,central_brain
CB2111,NA,LHp1,central_brain
CB2135,LHPV4i1,LHp1,central_brain
CB2211,LHPV4i3,LHp1,central_brain
CB2243,LHPV4a5,LHp1,central_brain
CB2290,NA,LHp1,central_brain
CB2482,NA,LHp1,central_brain
CB2692,LHPV4i3,LHp1,central_brain
CB2707,LHPV4a5,LHp1,central_brain
CB2725,NA,LHp1,central_brain
CB2733,NA,LHp1,central_brain
CB2767,LHPV4d10,LHp1,central_brain
CB2782,NA,LHp1,central_brain
CB2786,NA,LHp1,central_brain
CB2790,NA,LHp1,central_brain
CB2813,NA,LHp1,central_brain
CB2904,NA,LHp1,central_brain
CB3012,NA,LHp1,central_brain
CB3073,LHPV4d4,LHp1,central_brain
CB3131,LHPV4a7_d,LHp1,central_brain
CB3278,NA,LHp1,central_brain
CB3288,NA,LHp1,central_brain
CB3341,LHPV4i4,LHp1,central_brain
LHPV4j4,LHPV4j4,LHp1,central_brain
"LHPV4a1,LHPV4a2",LHPV4a1,LHp1,central_brain
"LHPV4a1,LHPV4a2",LHPV4a2,LHp1,central_brain
LHPV4a1,LHPV4a1,LHp1,central_brain
LHPV4a1,LHPV4a2,LHp1,central_brain
LHPV4a2,LHPV4a1,LHp1,central_brain
LHPV4a2,LHPV4a2,LHp1,central_brain
LHPV4a10,LHPV4a10,LHp1,central_brain
LHPV4a11,LHPV4a11,LHp1,central_brain
LHPV4a2,LHPV4a3,LHp1,central_brain
"LHPV4a5, LHPV4k1",LHPV4a5,LHp1,central_brain
"LHPV4a5, LHPV4k1",LHPV4k1,LHp1,central_brain
LHPV4a7a,NA,LHp1,central_brain
LHPV4a7b,NA,LHp1,central_brain
LHPV4a8,LHPV4a8,LHp1,central_brain
LHPV4a9,LHPV4a9,LHp1,central_brain
LHPV4d3,LHPV4d3,LHp1,central_brain
LHPV4h1,LHPV4h1,LHp1,central_brain
LHPV4h3,LHPV4h3,LHp1,central_brain
LHPV4j3,LHPV4j3,LHp1,central_brain
LHPV4i3,LHPV4i3,LHp1,central_brain
AVLP470a,AVLP470,LHp2,central_brain
AVLP470b,AVLP470,LHp2,central_brain
CB0946,SLP324,LHp2,central_brain
CB0972,NA,LHp2,central_brain
CB1156,NA,LHp2,central_brain
CB1159,NA,LHp2,central_brain
CB1201,NA,LHp2,central_brain
CB1387,NA,LHp2,central_brain
CB1495,NA,LHp2,central_brain
CB1675,WED093,LHp2,central_brain
CB1737,LHPV6a9_b,LHp2,central_brain
CB1744,NA,LHp2,central_brain
CB1744,SMP243,LHp2,central_brain
CB1752,NA,LHp2,central_brain
CB1781,SMP243,LHp2,central_brain
CB1782,NA,LHp2,central_brain
CB1818,NA,LHp2,central_brain
CB1921,LHPV6a1,LHp2,central_brain
CB1947,NA,LHp2,central_brain
CB1953,LHPV6h3,LHp2,central_brain
CB1953,SLP276,LHp2,central_brain
CB2015,NA,LHp2,central_brain
CB2076,LHPV6f4_b,LHp2,central_brain
CB2076,LHPV6f3_e,LHp2,central_brain
CB2124,NA,LHp2,central_brain
CB2199,LHPV6a1,LHp2,central_brain
CB2206,NA,LHp2,central_brain
CB3075,NA,LHp2,central_brain
CB2208,NA,LHp2,central_brain
CB2224,NA,LHp2,central_brain
CB2384,NA,LHp2,central_brain
CB2470,LHPV6a1,LHp2,central_brain
CB2563,NA,LHp2,central_brain
CB2575,NA,LHp2,central_brain
CB3737,NA,LHp2,central_brain
CB2870,NA,LHp2,central_brain
CB2976,NA,LHp2,central_brain
CB3054,SLP322,LHp2,central_brain
CB3735,LHPV6f5,LHp2,central_brain
CB3055,NA,LHp2,central_brain
CB3081,NA,LHp2,central_brain
CB3107,NA,LHp2,central_brain
CB3117,LHPV6a1,LHp2,central_brain
CB3119,LHPV6f3_b,LHp2,central_brain
CB3119,LHPV6f4_b,LHp2,central_brain
CB3119,LHPV6f3_e,LHp2,central_brain
CB3133,NA,LHp2,central_brain
CB3173,NA,LHp2,central_brain
CB3174,LHPV6f4_b,LHp2,central_brain
CB3174,LHPV6f3_e,LHp2,central_brain
CB3224,NA,LHp2,central_brain
CB3248,LHPV6h1_b,LHp2,central_brain
CB3260,LHPV6i1_a,LHp2,central_brain
CB3293,NA,LHp2,central_brain
CB3308,NA,LHp2,central_brain
CB3318,NA,LHp2,central_brain
CB3504,NA,LHp2,central_brain
CB3510,NA,LHp2,central_brain
CB3548,NA,LHp2,central_brain
CB3556,NA,LHp2,central_brain
CB3584,NA,LHp2,central_brain
CB3592,NA,LHp2,central_brain
CB3617,NA,LHp2,central_brain
CB3665,LHAV6i2_b,LHp2,central_brain
CB3678,SLP271,LHp2,central_brain
CB3723,LHPV6i1_a,LHp2,central_brain
CB3781,NA,LHp2,central_brain
IB015,IB015,LHp2,central_brain
LHPV6a1,NA,LHp2,central_brain
LHPV6a3,LHPV6a3,LHp2,central_brain
LHPV6d1,LHPV6d1,LHp2,central_brain
LHPV6f1,LHPV6f1,LHp2,central_brain
LHPV6h1,NA,LHp2,central_brain
LHPV6h2,LHPV6h2,LHp2,central_brain
LHPV6r1,NA,LHp2,central_brain
"LHPV6h3,SLP276",LHPV6h3,LHp2,central_brain
"LHPV6h3,SLP276",SLP276,LHp2,central_brain
PLP123,PLP123,LHp2,central_brain
SLP269,SLP269,LHp2,central_brain
SLP273,SLP273,LHp2,central_brain
SLP274,SLP274,LHp2,central_brain
SLP275,SLP275,LHp2,central_brain
WED089,WED089,LHp2,central_brain
WED091,WED092,LHp2,central_brain
WED092b,WED092,LHp2,central_brain
WED092d,WED092,LHp2,central_brain
CB1533,NA,LHp2,central_brain
CB1675,NA,LHp2,central_brain
CB3424,NA,LHp2,central_brain
LHPV6a10,LHPV6a10,LHp2,central_brain
LHPV6c1,LHPV6c1,LHp2,central_brain
WED092c,WED092,LHp2,central_brain
WED092e,WED092,LHp2,central_brain
CB2555,NA,LHp2,central_brain
CB2669,NA,LHp2,central_brain
LHPV6c2,LHPV6c2,LHp2,central_brain
CB1243,NA,LHp2,central_brain
CB2377,NA,LHp2,central_brain
CB3203,SLP322,LHp2,central_brain
LHp2__1,NA,LHp2,central_brain
CB0939,NA,LHp3,central_brain
CB1326,NA,LHp3,central_brain
CB1348,LHPV5h2,LHp3,central_brain
CB1413,NA,LHp3,central_brain
CB1471,ATL020,LHp3,central_brain
CB1500,NA,LHp3,central_brain
CB1644,ATL019,LHp3,central_brain
CB1704,LHPV5h4,LHp3,central_brain
CB1879,NA,LHp3,central_brain
CB1901,LHPV5h3,LHp3,central_brain
CB1901,LHPV5j4,LHp3,central_brain
CB2079,LHPV5j1,LHp3,central_brain
CB2079,NA,LHp3,central_brain
CB2092,NA,LHp3,central_brain
CB2148,NA,LHp3,central_brain
CB2159,LHPV5h4,LHp3,central_brain
CB2810,LHPV5m1,LHp3,central_brain
CB3008,NA,LHp3,central_brain
CB3148,LHPV5h2,LHp3,central_brain
CB3240,NA,LHp3,central_brain
CB3418,LHPV5h2,LHp3,central_brain
CB3468,LHPV5h2,LHp3,central_brain
KCab,KCab-s,MBp1,central_brain
KCab,KCab-c,MBp1,central_brain
KCab,KCab-m,MBp1,central_brain
KCab-p,KCab-p,MBp1,central_brain
KCapbp-ap1,KCa'b'-ap1,MBp1,central_brain
KCapbp-ap2,KCa'b'-ap2,MBp1,central_brain
KCapbp-m,KCa'b'-m,MBp1,central_brain
KCg-d,KCg-d,MBp1,central_brain
KCg-m,KCg-m,MBp1,central_brain
KCg-s3,KCg-s3,MBp1,central_brain
NA,NA,MBp1,central_brain
KCab,KCab-c,MBp2,central_brain
KCab,KCab-m,MBp2,central_brain
KCab,KCab-s,MBp2,central_brain
KCab-p,KCab-p,MBp2,central_brain
KCapbp-ap1,KCa'b'-ap1,MBp2,central_brain
KCapbp-ap2,KCa'b'-ap2,MBp2,central_brain
KCapbp-m,KCa'b'-m,MBp2,central_brain
KCg-d,KCg-d,MBp2,central_brain
KCg-m,KCg-m,MBp2,central_brain
KCab,KCab-m,MBp3,central_brain
KCab,KCab-c,MBp3,central_brain
KCab,KCab-s,MBp3,central_brain
KCab-p,KCab-p,MBp3,central_brain
KCapbp-ap1,KCa'b'-ap1,MBp3,central_brain
KCapbp-ap2,KCa'b'-ap2,MBp3,central_brain
KCapbp-m,KCa'b'-m,MBp3,central_brain
KCg-d,KCg-d,MBp3,central_brain
KCg-m,KCg-m,MBp3,central_brain
KCab,KCab-s,MBp4,central_brain
KCab,KCab-m,MBp4,central_brain
KCab,KCab-c,MBp4,central_brain
KCab-p,KCab-p,MBp4,central_brain
KCapbp-ap1,KCa'b'-ap1,MBp4,central_brain
KCa'b'-ap1,KCapbp-ap1,MBp4,central_brain
KCapbp-ap2,KCa'b'-ap2,MBp4,central_brain
KCapbp-m,KCa'b'-m,MBp4,central_brain
KCg-d,KCg-d,MBp4,central_brain
KCg-m,KCg-m,MBp4,central_brain
KCg-s1,KCg-s1,MBp4,central_brain
KCg-s2,KCg-s2,MBp4,central_brain
DNg55,NA,MD0__prim,central_brain
OA-VUMa2,OA-VUMa2,MD0__prim,central_brain
OA-VUMa3,NA,MD0__prim,central_brain
OA-VUMa4,NA,MD0__prim,central_brain
OA-VUMa6,OA-VUMa6,MD0__prim,central_brain
CB4203,NA,MD0__prim,central_brain
CB4204,NA,MD0__prim,central_brain
OA-VUMa5,OA-VUMa5,MD0__prim,central_brain
OA-VUMa1,OA-VUMa1,MD0__prim,central_brain
CB4068,NA,MD3,central_brain
CB0977,NA,MD3,central_brain
CB0978,NA,MD3,central_brain
CB0979,NA,MD3,central_brain
CB0980,NA,MD3,central_brain
CB0986,NA,MD3,central_brain
CB0989,NA,MD3,central_brain
CB1038,NA,MD3,central_brain
CB2067,NA,MD3,central_brain
CB1145,NA,MD3,central_brain
CB1427,NA,MD3,central_brain
CB1816,NA,MD3,central_brain
CB1978,NA,MD3,central_brain
CB2191,NA,MD3,central_brain
CB3200,NA,MD3,central_brain
CB3200b,NA,MD3,central_brain
CB3320,NA,MD3,central_brain
CB3480,NA,MD3,central_brain
CB3486,NA,MD3,central_brain
CB3371,NA,MD3,central_brain
CB3642,NA,MD3,central_brain
CB3720,NA,MD3,central_brain
DNg60,NA,MD3,central_brain
DNge032,NA,MD3,central_brain
DNge101,NA,MD3,central_brain
DNge107,NA,MD3,central_brain
DNg79,NA,MD3,central_brain
CB0049,NA,MD3,central_brain
CB0072,NA,MD3,central_brain
CB0225,NA,MD3,central_brain
CB0344,NA,MD3,central_brain
CB0469,NA,MD3,central_brain
CB4240,NA,MD3,central_brain
CB3912,NA,MD3,central_brain
CB1439,NA,MD3,central_brain
CB1662,NA,MD3,central_brain
CB1826,NA,MD3,central_brain
CB2139,NA,MD3,central_brain
CB2162,NA,MD3,central_brain
CB2322,NA,MD3,central_brain
CB2380,NA,MD3,central_brain
CB3207,NA,MD3,central_brain
CB3275,NA,MD3,central_brain
CB4238,NA,MD3,central_brain
CB3381,NA,MD3,central_brain
CB3715,NA,MD3,central_brain
DNg24,NA,MD3,central_brain
DNg31,NA,MD3,central_brain
DNg52,NA,MD3,central_brain
DNg59,NA,MD3,central_brain
DNg64,NA,MD3,central_brain
DNg71,NA,MD3,central_brain
DNg99,NA,MD3,central_brain
DNge040,NA,MD3,central_brain
DNge096,NA,MD3,central_brain
DNge097,NA,MD3,central_brain
DNge098,NA,MD3,central_brain
DNge127,NA,MD3,central_brain
DNge129,NA,MD3,central_brain
DNge135,NA,MD3,central_brain
DNge142,NA,MD3,central_brain
AMMC028,NA,MD3,central_brain
DNxl108,NA,MD3,central_brain
DNxl120,NA,MD3,central_brain
DNxl111,NA,MD3,central_brain
DNxn172,NA,MD3,central_brain
DNfl027,NA,MD3,central_brain
DNxn143,NA,MD3,central_brain
DNxn125,NA,MD3,central_brain
CB0825,NA,MD_SA1,central_brain
CB1563,NA,MD_SA1,central_brain
CB1579,NA,MD_SA1,central_brain
CB1703,NA,MD_SA1,central_brain
CB2242,NA,MD_SA1,central_brain
CB2553,NA,MD_SA1,central_brain
CB3004,NA,MD_SA1,central_brain
CB1470,NA,MD_SA1,central_brain
CB1659,NA,MD_SA1,central_brain
CB2071,NA,MD_SA1,central_brain
CB2353,NA,MD_SA1,central_brain
CB3385,NA,MD_SA1,central_brain
CB3472,NA,MD_SA1,central_brain
CB1039,NA,MD_SA1,central_brain
CB0038,NA,MD_SA1__prim,central_brain
CB0811,NA,MD_SA1__prim,central_brain
CB0844,NA,MD_SA1__prim,central_brain
CB0251,NA,MD_SA1__prim,central_brain
CB0623,hb1416796844,MX0__prim,central_brain
DNg26,NA,MX0__prim,central_brain
OA-VUMa2,OA-VUMa2,MX0__prim,central_brain
OA-VUMa8,hb1041666949,MX0__prim,central_brain
CB2177,NA,MX0__prim,central_brain
CB2748,NA,MX0__prim,central_brain
CB3884,NA,MX0__prim,central_brain
OA-VUMa1,OA-VUMa1,MX0__prim,central_brain
OA-VUMa3,NA,MX0__prim,central_brain
OA-VUMa4,NA,MX0__prim,central_brain
OA-VUMa5,OA-VUMa5,MX0__prim,central_brain
OA-VUMa6,OA-VUMa7,MX0__prim,central_brain
CB4202,NA,MX0__prim,central_brain
CB3901,NA,MX0__prim,central_brain
DNg12_a,NA,MX12,central_brain
DNg12_b,NA,MX12,central_brain
DNg12_e,NA,MX12,central_brain
DNge019,NA,MX12,central_brain
DNge020,NA,MX12,central_brain
DNge021,NA,MX12,central_brain
DNge024,NA,MX12,central_brain
CB0362,NA,MX12,central_brain
DNg12_c,NA,MX12,central_brain
DNg12_d,NA,MX12,central_brain
DNg95,NA,MX12,central_brain
DNge001,NA,MX12,central_brain
DNge009,NA,MX12,central_brain
DNge025,NA,MX12,central_brain
DNge028,NA,MX12,central_brain
DNge105,NA,MX12,central_brain
DNge106,NA,MX12,central_brain
DNge147,NA,MX12,central_brain
DNg12,NA,MX12,central_brain
DNfl014,NA,MX12,central_brain
DNfl031,NA,MX12,central_brain
DNnt008,NA,MX12,central_brain
DNxl097,NA,MX12,central_brain
DNnt013,NA,MX12,central_brain
DNnt007,NA,MX12,central_brain
DNxn108,NA,MX12,central_brain
DNfl024,NA,MX12,central_brain
DNfl019,NA,MX12,central_brain
DNnt009,NA,MX12,central_brain
DNfl035,NA,MX12,central_brain
DNxn188,NA,MX12,central_brain
DNfl028,NA,MX12,central_brain
DNfl030,NA,MX12,central_brain
CB0595,NA,MX12__prim,central_brain
CB0596,NA,MX12__prim,central_brain
CB0597,NA,MX12__prim,central_brain
DNg13,hb1696530677,MX12__prim,central_brain
DNg21,NA,MX12__prim,central_brain
DNge029,NA,MX12__prim,central_brain
DNge078,NA,MX12__prim,central_brain
DNge123,NA,MX12__prim,central_brain
DNg44,NA,MX12__prim,central_brain
DNg62,NA,MX12__prim,central_brain
DNge173,NA,MX12__prim,central_brain
CB0180,NA,MX12__prim,central_brain
CB0603,NA,MX12__prim,central_brain
CB0605,NA,MX12__prim,central_brain
"VCvN1,VCvN2",NA,MX12__prim,central_brain
CB0919,NA,MX12__prim,central_brain
CB3797,NA,MX12__prim,central_brain
DNg111,hb1573072464,MX12__prim,central_brain
DNg33,NA,MX12__prim,central_brain
DNg68,NA,MX12__prim,central_brain
DNge034,NA,MX12__prim,central_brain
DNge069,NA,MX12__prim,central_brain
DNge174,NA,MX12__prim,central_brain
VCvN3,NA,MX12__prim,central_brain
DNxl072,NA,MX12__prim,central_brain
DNxn166,NA,MX12__prim,central_brain
DNg111,NA,MX12__prim,central_brain
DNg13,NA,MX12__prim,central_brain
CB0420,NA,MX3,central_brain
CB0598,NA,MX3,central_brain
CB0599,NA,MX3,central_brain
CB0600,NA,MX3,central_brain
CB0610,NA,MX3,central_brain
CB0695,NA,MX3,central_brain
CB1265,NA,MX3,central_brain
CB2389,NA,MX3,central_brain
CB2431,NA,MX3,central_brain
CB2440,NA,MX3,central_brain
CB2825,NA,MX3,central_brain
CB3063,NA,MX3,central_brain
CB3103,NA,MX3,central_brain
CB3738,NA,MX3,central_brain
CB3739,NA,MX3,central_brain
CB3740,NA,MX3,central_brain
CB3741,NA,MX3,central_brain
CB3742,NA,MX3,central_brain
CB3743,NA,MX3,central_brain
CB3744,NA,MX3,central_brain
CB3745,NA,MX3,central_brain
CB3746,NA,MX3,central_brain
CB3747,NA,MX3,central_brain
CB3748,NA,MX3,central_brain
CB3749,NA,MX3,central_brain
CB3750,NA,MX3,central_brain
CB3796,NA,MX3,central_brain
CB3799,NA,MX3,central_brain
CB3802,NA,MX3,central_brain
CB3803,NA,MX3,central_brain
DNg08_a,NA,MX3,central_brain
DNg08_b,NA,MX3,central_brain
DNg52,NA,MX3,central_brain
DNge136,NA,MX3,central_brain
DNge172,NA,MX3,central_brain
DNg106,NA,MX3,central_brain
DNg40,hb5813056435,MX3,central_brain
DNg74_a,NA,MX3,central_brain
DNg90,NA,MX3,central_brain
DNge088,NA,MX3,central_brain
DNge099,NA,MX3,central_brain
DNge141,NA,MX3,central_brain
CB0076,NA,MX3,central_brain
CB0091,NA,MX3,central_brain
CB0157,NA,MX3,central_brain
CB0397,NA,MX3,central_brain
CB0460,NA,MX3,central_brain
CB0565,NA,MX3,central_brain
CB0606,NA,MX3,central_brain
CB0607,NA,MX3,central_brain
CB0608,NA,MX3,central_brain
CB0609,NA,MX3,central_brain
CB0611,NA,MX3,central_brain
CB2566,NA,MX3,central_brain
CB2859,NA,MX3,central_brain
CB2893,NA,MX3,central_brain
CB3183,NA,MX3,central_brain
CB3784,NA,MX3,central_brain
CB3798,NA,MX3,central_brain
CB3800,NA,MX3,central_brain
CB3801,NA,MX3,central_brain
CB3804,NA,MX3,central_brain
DNg105,NA,MX3,central_brain
DNg20,NA,MX3,central_brain
DNg32,NA,MX3,central_brain
DNg42,NA,MX3,central_brain
DNg70,NA,MX3,central_brain
DNg74_b,NA,MX3,central_brain
DNg96,NA,MX3,central_brain
DNg97,NA,MX3,central_brain
DNg98,NA,MX3,central_brain
DNge104,NA,MX3,central_brain
DNge120,NA,MX3,central_brain
DNge122,NA,MX3,central_brain
DNge140,NA,MX3,central_brain
MX3__5,NA,MX3,central_brain
cL09,NA,MX3,central_brain
DNg46,NA,MX3,central_brain
CB0619,NA,MX3,central_brain
CB3640,NA,MX3,central_brain
DNg65,NA,MX3,central_brain
DNg83,NA,MX3,central_brain
DNge131,NA,MX3,central_brain
DNg08,NA,MX3,central_brain
DNxn110,NA,MX3,central_brain
DNxl115,NA,MX3,central_brain
DNxn179,NA,MX3,central_brain
DNit007,NA,MX3,central_brain
DNxn154,NA,MX3,central_brain
DNxn185,NA,MX3,central_brain
DNxn152,NA,MX3,central_brain
DNad006,NA,MX3,central_brain
DNg40,NA,MX3,central_brain
DNg74,NA,MX3,central_brain
CB0318,NA,MX7,central_brain
CB1264,NA,MX7,central_brain
CB1450,NA,MX7,central_brain
CB2085,NA,MX7,central_brain
CB2169,NA,MX7,central_brain
CB2197,NA,MX7,central_brain
CB2209,NA,MX7,central_brain
CB2313,NA,MX7,central_brain
CB2461,NA,MX7,central_brain
CB3111,NA,MX7,central_brain
CB3238,NA,MX7,central_brain
cL01,NA,MX7,central_brain
CB0327,NA,MX7,central_brain
CB0983,NA,MX7,central_brain
CB1021,NA,MX7,central_brain
CB1144,NA,MX7,central_brain
CB1291,NA,MX7,central_brain
CB1609,NA,MX7,central_brain
CB1772,NA,MX7,central_brain
CB2308,NA,MX7,central_brain
CB2580,NA,MX7,central_brain
CB3235,NA,MX7,central_brain
CB3524,NA,MX7,central_brain
CB3805,NA,MX7,central_brain
CB3952,NA,MX7,central_brain
CB0073,NA,MX7__prim,central_brain
CB0230,NA,MX7__prim,central_brain
CB0237,NA,MX7__prim,central_brain
CB0238,NA,MX7__prim,central_brain
CB0333,NA,MX7__prim,central_brain
CB0561,NA,MX7__prim,central_brain
DNg29,NA,MX7__prim,central_brain
DNg43,NA,MX7__prim,central_brain
DNg72,NA,MX7__prim,central_brain
DNge139,NA,MX7__prim,central_brain
CB0131,NA,MX7__prim,central_brain
Delta7,Delta7,PBp1,central_brain
P6-8P9,P6-8P9,PBp1,central_brain
SpsP,SpsP,PBp1,central_brain
Delta7,P1-9,PBp1,central_brain
AVLP461,AVLP460,PSa1,central_brain
AVLP460,AVLP460,PSa1,central_brain
AVLP462a,AVLP462,PSa1,central_brain
AVLP462b,AVLP462,PSa1,central_brain
CB2338,CL117,PSa1,central_brain
CB3321,CL117,PSa1,central_brain
CL116,CL116,PSa1,central_brain
CL118,CL118,PSa1,central_brain
CL120a,CL120,PSa1,central_brain
CL120b,CL120,PSa1,central_brain
CL121_a,CL121,PSa1,central_brain
CL121_a,CL122,PSa1,central_brain
CL122_a,CL121,PSa1,central_brain
CL122_a,CL122,PSa1,central_brain
CB3978,CL121,PSa1,central_brain
CB3978,CL122,PSa1,central_brain
PS090b,PS090,PSa1,central_brain
PS091,PS091,PSa1,central_brain
PS092,PS092,PSa1,central_brain
PS093,PS093,PSa1,central_brain
PS094a,PS094,PSa1,central_brain
PS094b,PS094,PSa1,central_brain
PS095,PS095,PSa1,central_brain
PS096,PS096,PSa1,central_brain
PS097,PS097,PSa1,central_brain
AVLP461,AVLP461,PSa1,central_brain
VES019,VES019,PSa1,central_brain
VES020,VES020,PSa1,central_brain
VES021,VES021,PSa1,central_brain
VES024b,VES021,PSa1,central_brain
VES022b,VES022,PSa1,central_brain
VES022a,VES022,PSa1,central_brain
VES023,VES023,PSa1,central_brain
VES024a,VES024,PSa1,central_brain
PS090a,PS090,PSa1,central_brain
VES024b,VES024,PSa1,central_brain
CB0206,NA,PSp1,central_brain
CB1958,NA,PSp1,central_brain
CB2953,NA,PSp1,central_brain
LAL147a,LAL147,PSp1,central_brain
LAL147b,LAL147,PSp1,central_brain
LAL147c,LAL147,PSp1,central_brain
LAL148,LAL148,PSp1,central_brain
LAL149,LAL149,PSp1,central_brain
LAL150a,LAL150,PSp1,central_brain
LAL150b,LAL150,PSp1,central_brain
LAL151,LAL151,PSp1,central_brain
PS187,PS187,PSp1,central_brain
PS188a,PS188,PSp1,central_brain
PS188b,PS188,PSp1,central_brain
PS188c,PS188,PSp1,central_brain
PS191a,PS191,PSp1,central_brain
PS191b,PS191,PSp1,central_brain
PS192,PS192,PSp1,central_brain
PS193a,PS193,PSp1,central_brain
PS193b,PS193,PSp1,central_brain
PS193c,PS193,PSp1,central_brain
PS194,PS194,PSp1,central_brain
CB0266,NA,PSp2,central_brain
CB0285,NA,PSp2,central_brain
CB0324,NA,PSp2,central_brain
CB0382,NA,PSp2,central_brain
CB0742,NA,PSp2,central_brain
CB1053,NA,PSp2,central_brain
CB1222,NA,PSp2,central_brain
CB1960,NA,PSp2,central_brain
CB2000,NA,PSp2,central_brain
CB2093,NA,PSp2,central_brain
CB2270,NA,PSp2,central_brain
CB2347,NA,PSp2,central_brain
CB2366,NA,PSp2,central_brain
CB2698,NA,PSp2,central_brain
CB2800,NA,PSp2,central_brain
DNp102,PS212,PSp2,central_brain
DNp104,CL324,PSp2,central_brain
DNp13,DNp13,PSp2,central_brain
DNp16,DNp16,PSp2,central_brain
DNp17,DNp17,PSp2,central_brain
DNp17,DNp16/17,PSp2,central_brain
DNp38,NA,PSp2,central_brain
DNpe008,PS228,PSp2,central_brain
DNpe008,PS225,PSp2,central_brain
DNpe008,PS226,PSp2,central_brain
DNpe008,PS224,PSp2,central_brain
DNpe009,PS226,PSp2,central_brain
DNpe009,PS222,PSp2,central_brain
DNpe011,PS227,PSp2,central_brain
DNpe011,DNp16,PSp2,central_brain
DNpe012,PS227,PSp2,central_brain
DNpe012,DNp16,PSp2,central_brain
DNpe012,PS221,PSp2,central_brain
DNpe015,NA,PSp2,central_brain
DNpe016,PS211,PSp2,central_brain
DNpe018,hb1436667616,PSp2,central_brain
DNpe024,CL325,PSp2,central_brain
DNpe054,DNp16/17,PSp2,central_brain
PS220,PS220,PSp2,central_brain
PS221,PS221,PSp2,central_brain
PS224,PS224,PSp2,central_brain
PS221,NA,PSp2,central_brain
VES076,VES076,PSp2,central_brain
VES077,VES077,PSp2,central_brain
DNp17,NA,PSp2,central_brain
DNut046,NA,PSp2,central_brain
DNxn174,NA,PSp2,central_brain
DNut045,NA,PSp2,central_brain
DNht001,NA,PSp2,central_brain
DNxn128,NA,PSp2,central_brain
DNxn153,NA,PSp2,central_brain
DNxn104,NA,PSp2,central_brain
DNp16,NA,PSp2,central_brain
DNxn114,NA,PSp2,central_brain
DNnt012,NA,PSp2,central_brain
DNp13,NA,PSp2,central_brain
DNxn134,NA,PSp2,central_brain
DNxn176,NA,PSp2,central_brain
CB0151,PVLP147,PSp3,central_brain
CB1269,CL297,PSp3,central_brain
CB1468,NA,PSp3,central_brain
CB1790,NA,PSp3,central_brain
CB1876,NA,PSp3,central_brain
CB2173,NA,PSp3,central_brain
CB2200,NA,PSp3,central_brain
CB2319,CL297,PSp3,central_brain
CB2354,NA,PSp3,central_brain
CB2439,IB054,PSp3,central_brain
CB2502,IB057,PSp3,central_brain
CB2502,IB087,PSp3,central_brain
CB2708,IB054,PSp3,central_brain
CB2737,NA,PSp3,central_brain
CB2752,NA,PSp3,central_brain
CB2817,SMP581,PSp3,central_brain
CB2836,IB054,PSp3,central_brain
CB2867,NA,PSp3,central_brain
CB2896,NA,PSp3,central_brain
CB2897,IB057,PSp3,central_brain
CB2897,IB087,PSp3,central_brain
CB2975,NA,PSp3,central_brain
CB3015,NA,PSp3,central_brain
CB3866,NA,PSp3,central_brain
"CL301,CL302",CL301,PSp3,central_brain
"CL301,CL302",CL302,PSp3,central_brain
IB051,IB051,PSp3,central_brain
LC46,LC46a,PSp3,optic_lobe
LC46,LC46b,PSp3,optic_lobe
LTe49a,IB085,PSp3,optic_lobe
LTe49b,IB088,PSp3,optic_lobe
LTe49c,IB089,PSp3,optic_lobe
LTe49d,IB090,PSp3,optic_lobe
LTe49e,IB091,PSp3,optic_lobe
LTe61,PLP240,PSp3,optic_lobe
LTe66,PS273,PSp3,optic_lobe
PLP239,PLP239,PSp3,central_brain
PLP241,PLP241,PSp3,central_brain
PS183,PS183,PSp3,central_brain
PS199,PS199,PSp3,central_brain
"IB057,IB087",IB057,PSp3,central_brain
"IB057,IB087",IB087,PSp3,central_brain
IB054,IB054,PSp3,central_brain
PSp3__1,NA,PSp3,central_brain
CB2708,NA,PSp3,central_brain
CL294,CL294,PSp3,central_brain
DNp08,PS271,PSp3,central_brain
DNp42,DNp42,PSp3,central_brain
DNp49,DNp49,PSp3,central_brain
DNpe006,CL330,PSp3,central_brain
DNpe010,PS275,PSp3,central_brain
DNpe022,PS271,PSp3,central_brain
LTe65,PS179,PSp3,optic_lobe
LTe65,PS273,PSp3,optic_lobe
PSp3__0,NA,PSp3,central_brain
LTe49f,NA,PSp3,optic_lobe
DNxl105,NA,PSp3,central_brain
DNp42,NA,PSp3,central_brain
DNp08,NA,PSp3,central_brain
DNp49,NA,PSp3,central_brain
DNxl102,NA,PSp3,central_brain
ATL001,ATL001,SIPa1_dorsal,central_brain
ATL002,ATL002,SIPa1_dorsal,central_brain
ATL003,ATL003,SIPa1_dorsal,central_brain
ATL004,ATL004,SIPa1_dorsal,central_brain
CB0937,NA,SIPa1_ventral,central_brain
CB1337,NA,SIPa1_ventral,central_brain
CB1361,NA,SIPa1_ventral,central_brain
CB1391,NA,SIPa1_ventral,central_brain
CB1434,NA,SIPa1_ventral,central_brain
CB1621,NA,SIPa1_ventral,central_brain
CB1679,NA,SIPa1_ventral,central_brain
CB1837,SIP011,SIPa1_ventral,central_brain
CB1946,NA,SIPa1_ventral,central_brain
CB1972,NA,SIPa1_ventral,central_brain
CB2230,SIP011,SIPa1_ventral,central_brain
CB2262,SIP012,SIPa1_ventral,central_brain
CB2363,NA,SIPa1_ventral,central_brain
CB2399,NA,SIPa1_ventral,central_brain
CB2492,NA,SIPa1_ventral,central_brain
CB2577,NA,SIPa1_ventral,central_brain
CB2662,SIP011,SIPa1_ventral,central_brain
CB2716,NA,SIPa1_ventral,central_brain
CB2999,SIP012,SIPa1_ventral,central_brain
CB3249,NA,SIPa1_ventral,central_brain
CB3360,NA,SIPa1_ventral,central_brain
CB3408,LHAV6a8,SIPa1_ventral,central_brain
CB3410,NA,SIPa1_ventral,central_brain
CB3428,NA,SIPa1_ventral,central_brain
CL018a,CL018,SIPa1_ventral,central_brain
CL018b,CL018,SIPa1_ventral,central_brain
CL024a,CL024,SIPa1_ventral,central_brain
CL024b,CL024,SIPa1_ventral,central_brain
LHAV6c1a,LHAV6c1,SIPa1_ventral,central_brain
LHAV6c1b,LHAV6c1,SIPa1_ventral,central_brain
SIP006,SIP006,SIPa1_ventral,central_brain
SIP013a,SIP013,SIPa1_ventral,central_brain
SIP013b,SIP013,SIPa1_ventral,central_brain
CB3968,NA,SIPa1_ventral,central_brain
SIPa1_ventral__2,NA,SIPa1_ventral,central_brain
SLP074,SLP074,SIPa1_ventral,central_brain
"SLP098,SLP133",SLP098,SIPa1_ventral,central_brain
"SLP098,SLP133",SLP133,SIPa1_ventral,central_brain
SLP101,SLP101,SIPa1_ventral,central_brain
SLP102,SLP102,SIPa1_ventral,central_brain
SLP103,SLP103,SIPa1_ventral,central_brain
"SLP104,SLP205",SLP104,SIPa1_ventral,central_brain
"SLP104,SLP205",SLP205,SIPa1_ventral,central_brain
SLP106,SLP106,SIPa1_ventral,central_brain
SLP134,SLP134,SIPa1_ventral,central_brain
SLP136,SLP136,SIPa1_ventral,central_brain
SLP202,SLP202,SIPa1_ventral,central_brain
SMP022a,SMP022,SIPa1_ventral,central_brain
SMP022b,SMP022,SIPa1_ventral,central_brain
SMP025a,SMP025,SIPa1_ventral,central_brain
SMP025b,SMP025,SIPa1_ventral,central_brain
SMP025c,SMP025,SIPa1_ventral,central_brain
SMP034,SMP034,SIPa1_ventral,central_brain
FB5B,FB5B,SIPp1,central_brain
FB6R,FB6R,SIPp1,central_brain
FB6T,FB6T,SIPp1,central_brain
FB6Q,FB7F,SIPp1,central_brain
FB6Q,FB8F,SIPp1,central_brain
FB6Y,FB6Y,SIPp1,central_brain
FB6Q,FB6Q,SIPp1,central_brain
FB5B,FB6Q,SIPp1,central_brain
FB7F,FB7F,SIPp1,central_brain
FB7F,FB8F,SIPp1,central_brain
FB6S,FB6S,SIPp1,central_brain
FB7M,FB7F,SIPp1,central_brain
FB7M,FB8F,SIPp1,central_brain
FB7C,FB7F,SIPp1,central_brain
FB7C,FB8F,SIPp1,central_brain
FB7M,FB8D,SIPp1,central_brain
FB8F_a,FB7F,SIPp1,central_brain
FB8F_a,FB8F,SIPp1,central_brain
FB8F_b,FB7F,SIPp1,central_brain
FB8F_b,FB8F,SIPp1,central_brain
FB8D,FB8D,SIPp1,central_brain
FB9C,FB9A,SIPp1,central_brain
FB9C,FB9C,SIPp1,central_brain
FB9A,FB9A,SIPp1,central_brain
FB9A,FB9C,SIPp1,central_brain
SIP065,SIP065,SIPp1,central_brain
SIP066,SIP066,SIPp1,central_brain
SMP541,SMP541,SIPp1,central_brain
AVLP212,AVLP212,SLPa&l1_anterior,central_brain
AVLP214,AVLP214,SLPa&l1_anterior,central_brain
CB3871,CL090_d,SLPa&l1_anterior,central_brain
CB3872,CL090_d,SLPa&l1_anterior,central_brain
CL090_c,CL090_c,SLPa&l1_anterior,central_brain
CL080,CL080,SLPa&l1_anterior,central_brain
CL067,CL067,SLPa&l1_anterior,central_brain
CL069,CL069,SLPa&l1_anterior,central_brain
CL070b,CL070,SLPa&l1_anterior,central_brain
CL071b,CL071,SLPa&l1_anterior,central_brain
CL072,CL072,SLPa&l1_anterior,central_brain
CL075a,CL075,SLPa&l1_anterior,central_brain
CL075b,CL075,SLPa&l1_anterior,central_brain
CL077,CL077,SLPa&l1_anterior,central_brain
CL078a,CL078,SLPa&l1_anterior,central_brain
CL081,CL081,SLPa&l1_anterior,central_brain
CL083,CL083,SLPa&l1_anterior,central_brain
"CL086_a,CL086_d",CL086_a,SLPa&l1_anterior,central_brain
"CL086_a,CL086_d",CL086_d,SLPa&l1_anterior,central_brain
CL086_b,CL086_b,SLPa&l1_anterior,central_brain
CL086_c,CL086_c,SLPa&l1_anterior,central_brain
CL086_e,CL086_e,SLPa&l1_anterior,central_brain
CL089_a,CL089_a,SLPa&l1_anterior,central_brain
CL089_b,CL089_b,SLPa&l1_anterior,central_brain
CL089_c,CL089_c,SLPa&l1_anterior,central_brain
CL090_a,CL090_a,SLPa&l1_anterior,central_brain
CL090_b,CL090_b,SLPa&l1_anterior,central_brain
CL090_e,CL090_e,SLPa&l1_anterior,central_brain
CL091,CL091,SLPa&l1_anterior,central_brain
PLP052,PLP052,SLPa&l1_anterior,central_brain
CL080,PLP053,SLPa&l1_anterior,central_brain
PLP053b,PLP053,SLPa&l1_anterior,central_brain
PLP054,PLP054,SLPa&l1_anterior,central_brain
PLP055,PLP055,SLPa&l1_anterior,central_brain
PLP057a,PLP057,SLPa&l1_anterior,central_brain
PLP057b,PLP057,SLPa&l1_anterior,central_brain
CB3908,NA,SLPa&l1_anterior,central_brain
CL085_b,NA,SLPa&l1_anterior,central_brain
CB3936,NA,SLPa&l1_anterior,central_brain
CB3937,NA,SLPa&l1_anterior,central_brain
CB3951,NA,SLPa&l1_anterior,central_brain
CL085_a,NA,SLPa&l1_anterior,central_brain
SLPa&l1_anterior__0,NA,SLPa&l1_anterior,central_brain
CB3931,NA,SLPa&l1_anterior,central_brain
CB3906,NA,SLPa&l1_anterior,central_brain
CB3907,NA,SLPa&l1_anterior,central_brain
CB3930,NA,SLPa&l1_anterior,central_brain
CB3896,NA,SLPa&l1_anterior,central_brain
CL070a,CL070,SLPa&l1_anterior,central_brain
AVLP211,AVLP211,SLPa&l1_anterior,central_brain
CL078b,CL078,SLPa&l1_anterior,central_brain
PLP053a,PLP053,SLPa&l1_anterior,central_brain
CB3932,NA,SLPa&l1_anterior,central_brain
CL087,CL087,SLPa&l1_anterior,central_brain
CL071a,CL071,SLPa&l1_anterior,central_brain
AVLP210,AVLP210,SLPa&l1_anterior,central_brain
CL073,CL073,SLPa&l1_anterior,central_brain
CL074,CL074,SLPa&l1_anterior,central_brain
CL097,CL097,SLPa&l1_anterior,central_brain
CB1176,NA,SLPa&l1_lateral,central_brain
CB1504,NA,SLPa&l1_lateral,central_brain
CB2190,NA,SLPa&l1_lateral,central_brain
CB2881,PLP40,SLPa&l1_lateral,central_brain
CB2881,PLP050,SLPa&l1_lateral,central_brain
CB3753,NA,SLPa&l1_lateral,central_brain
CB3754,PLP40,SLPa&l1_lateral,central_brain
CB3754,PLP050,SLPa&l1_lateral,central_brain
CB3755,NA,SLPa&l1_lateral,central_brain
CB3758,NA,SLPa&l1_lateral,central_brain
CB3759,NA,SLPa&l1_lateral,central_brain
CB3760,NA,SLPa&l1_lateral,central_brain
LC33,LC33a,SLPa&l1_lateral,optic_lobe
LC33,LC33b,SLPa&l1_lateral,optic_lobe
PLP036,PLP036,SLPa&l1_lateral,central_brain
PLP037a,PLP037,SLPa&l1_lateral,central_brain
PLP037b,PLP037,SLPa&l1_lateral,central_brain
PLP038,PLP038,SLPa&l1_lateral,central_brain
PLP039,PLP039,SLPa&l1_lateral,central_brain
"PLP041,PLP043",PLP041,SLPa&l1_lateral,central_brain
"PLP041,PLP043",PLP043,SLPa&l1_lateral,central_brain
PLP042a,PLP042,SLPa&l1_lateral,central_brain
PLP042b,PLP042,SLPa&l1_lateral,central_brain
PLP042c,PLP042,SLPa&l1_lateral,central_brain
PLP044,PLP044,SLPa&l1_lateral,central_brain
PLP046a,PLP046,SLPa&l1_lateral,central_brain
PLP046b,PLP046,SLPa&l1_lateral,central_brain
PLP048,PLP048,SLPa&l1_lateral,central_brain
"WED034,WED035",WED034,SLPa&l1_lateral,central_brain
"WED034,WED035",WED035,SLPa&l1_lateral,central_brain
WED037,WED037,SLPa&l1_lateral,central_brain
WED038b,WED038,SLPa&l1_lateral,central_brain
WED039,WED039,SLPa&l1_lateral,central_brain
WED040,WED040,SLPa&l1_lateral,central_brain
WED041a,WED041,SLPa&l1_lateral,central_brain
WED041b,WED041,SLPa&l1_lateral,central_brain
CB2873,NA,SLPa&l1_lateral,central_brain
CB3754,NA,SLPa&l1_lateral,central_brain
LC33,LT51,SLPa&l1_lateral,optic_lobe
LTe32,NA,SLPa&l1_lateral,optic_lobe
PLP046c,PLP046,SLPa&l1_lateral,central_brain
WED038a,WED038,SLPa&l1_lateral,central_brain
LAL055,LAL055,SLPa&l1_lateral,central_brain
CB2285,NA,SLPad1_anterior,central_brain
CB2560,NA,SLPad1_anterior,central_brain
CB3130,SLP164,SLPad1_anterior,central_brain
CB3142,SLP168,SLPad1_anterior,central_brain
CB3142,SLP125,SLPad1_anterior,central_brain
CB3179,NA,SLPad1_anterior,central_brain
CB3218,NA,SLPad1_anterior,central_brain
CB3255,NA,SLPad1_anterior,central_brain
CB3496,NA,SLPad1_anterior,central_brain
CB3605,NA,SLPad1_anterior,central_brain
CB3664,NA,SLPad1_anterior,central_brain
CB3672,NA,SLPad1_anterior,central_brain
CB3697,NA,SLPad1_anterior,central_brain
CB3791,NA,SLPad1_anterior,central_brain
PVLP009,PVLP009,SLPad1_anterior,central_brain
SLP118,SLP118,SLPad1_anterior,central_brain
SLP119,SLP119,SLPad1_anterior,central_brain
SLP120,SLP120,SLPad1_anterior,central_brain
SLP122,SLP122,SLPad1_anterior,central_brain
SLP153,SLP153,SLPad1_anterior,central_brain
SLP158,SLP158,SLPad1_anterior,central_brain
CB4220,SLP159,SLPad1_anterior,central_brain
SLP162c,SLP162,SLPad1_anterior,central_brain
SLP467a,SLP467,SLPad1_anterior,central_brain
SLP467b,SLP467,SLPad1_anterior,central_brain
"aSP-f1A,aSP-f1B,aSP-f2",aSP-f1A,SLPad1_anterior,central_brain
"aSP-f1A,aSP-f1B,aSP-f2",aSP-f1B,SLPad1_anterior,central_brain
"aSP-f1A,aSP-f1B,aSP-f2",aSP-f2,SLPad1_anterior,central_brain
aSP-f3,aSP-f3,SLPad1_anterior,central_brain
aSP-f4,aSP-f4,SLPad1_anterior,central_brain
CB4220,NA,SLPad1_anterior,central_brain
SLP157,SLP157,SLPad1_anterior,central_brain
SLP307,SLP307,SLPad1_anterior,central_brain
CB2032,NA,SLPad1_anterior,central_brain
CB3049,NA,SLPad1_anterior,central_brain
CB3226,NA,SLPad1_anterior,central_brain
CB3276,NA,SLPad1_anterior,central_brain
CB3342,NA,SLPad1_anterior,central_brain
SLP160,SLP160,SLPad1_anterior,central_brain
SLP162a,SLP162,SLPad1_anterior,central_brain
SLP162b,SLP162,SLPad1_anterior,central_brain
CB2598,NA,SLPad1_anterior,central_brain
CB3253,NA,SLPad1_anterior,central_brain
CB0968,NA,SLPad1_anterior,central_brain
CB2656,SLP466,SLPad1_anterior,central_brain
CB3454,SLP164,SLPad1_anterior,central_brain
CB3603,NA,SLPad1_anterior,central_brain
SLP155,SLP155,SLPad1_anterior,central_brain
CB4220,SLP169,SLPad1_anterior,central_brain
CB1006,NA,SLPad1_posterior,central_brain
CB1126,NA,SLPad1_posterior,central_brain
CB1148,NA,SLPad1_posterior,central_brain
CB1149,NA,SLPad1_posterior,central_brain
CB1151,NA,SLPad1_posterior,central_brain
CB1168,NA,SLPad1_posterior,central_brain
CB1169,NA,SLPad1_posterior,central_brain
CB1171,NA,SLPad1_posterior,central_brain
CB1172,NA,SLPad1_posterior,central_brain
CB1173,LHPD2a6,SLPad1_posterior,central_brain
CB1197,SIP045,SLPad1_posterior,central_brain
CB1197,SMP209,SLPad1_posterior,central_brain
CB1220,NA,SLPad1_posterior,central_brain
CB1316,NA,SLPad1_posterior,central_brain
CB1393,NA,SLPad1_posterior,central_brain
CB1457,NA,SLPad1_posterior,central_brain
CB1683,NA,SLPad1_posterior,central_brain
CB1699,NA,SLPad1_posterior,central_brain
CB2116,NA,SLPad1_posterior,central_brain
CB2146,NA,SLPad1_posterior,central_brain
CB2194,NA,SLPad1_posterior,central_brain
CB2244,LHPD2c6,SLPad1_posterior,central_brain
CB2584,NA,SLPad1_posterior,central_brain
CB2736,NA,SLPad1_posterior,central_brain
CB2819,LHPD2a6,SLPad1_posterior,central_brain
CB2929,NA,SLPad1_posterior,central_brain
CB2932,NA,SLPad1_posterior,central_brain
CB2937,NA,SLPad1_posterior,central_brain
CB2945,LHPD2a6,SLPad1_posterior,central_brain
CB3056,NA,SLPad1_posterior,central_brain
CB3185,NA,SLPad1_posterior,central_brain
CB3391,NA,SLPad1_posterior,central_brain
CB3396,NA,SLPad1_posterior,central_brain
CB3399,NA,SLPad1_posterior,central_brain
SIP033,SIP033,SLPad1_posterior,central_brain
SIP034,SIP034,SLPad1_posterior,central_brain
SIP041,SIP041,SLPad1_posterior,central_brain
SMP207,SMP207,SLPad1_posterior,central_brain
SMP208,SMP208,SLPad1_posterior,central_brain
SMP210,SMP210,SLPad1_posterior,central_brain
SMP213,SMP213,SLPad1_posterior,central_brain
SMP213,SMP214,SLPad1_posterior,central_brain
"SMP213,SMP214",SMP213,SLPad1_posterior,central_brain
"SMP213,SMP214",SMP214,SLPad1_posterior,central_brain
CB0971,NA,SLPal1,central_brain
CB1150,SLP015_c,SLPal1,central_brain
CB1150,SLP015_e,SLPal1,central_brain
CB1371,NA,SLPal1,central_brain
CB1392,NA,SLPal1,central_brain
CB1593,SLP015_c,SLPal1,central_brain
CB1593,SLP015_e,SLPal1,central_brain
CB1991,NA,SLPal1,central_brain
CB1991,SLP015_c,SLPal1,central_brain
CB2273,SLP018,SLPal1,central_brain
CB2335,SLP015_b,SLPal1,central_brain
CB2335,NA,SLPal1,central_brain
CB2358,SLP015_a,SLPal1,central_brain
CB2358,SLP015_d,SLPal1,central_brain
CB3145,SLP018,SLPal1,central_brain
CB3522,NA,SLPal1,central_brain
CB3782,NA,SLPal1,central_brain
CB3787,SLP015_a,SLPal1,central_brain
CB3787,SLP015_d,SLPal1,central_brain
CB3788,NA,SLPal1,central_brain
CB3789,NA,SLPal1,central_brain
LHAD1f1a,LHAD1f1,SLPal1,central_brain
LHAD1f1b,LHAD1f1,SLPal1,central_brain
LHAD1f3a,LHAD1f3_a,SLPal1,central_brain
LHAD1f3b,LHAD1f3_a,SLPal1,central_brain
LHAD1f3c,LHAD1f3_b,SLPal1,central_brain
LHAD1f3d,LHAD1f3_b,SLPal1,central_brain
LHAD1f4a,LHAD1f4,SLPal1,central_brain
LHAD1f4b,LHAD1f4,SLPal1,central_brain
LHAD1f4c,LHAD1f4,SLPal1,central_brain
PLP006,PLP006,SLPal1,central_brain
PLP007,PLP007,SLPal1,central_brain
SLP006,SLP006,SLPal1,central_brain
SLP007a,SLP007,SLPal1,central_brain
SLP007b,SLP007,SLPal1,central_brain
SLP008,SLP008,SLPal1,central_brain
SLP011,SLP011,SLPal1,central_brain
SLP012,SLP012,SLPal1,central_brain
SLP017,SLP017,SLPal1,central_brain
SLP024b,SLP024,SLPal1,central_brain
SLP024c,SLP024,SLPal1,central_brain
SLP024d,SLP024,SLPal1,central_brain
SLP025a,SLP025,SLPal1,central_brain
SLP026,SLP026,SLPal1,central_brain
SLP027,SLP027,SLPal1,central_brain
SLP028a,SLP028,SLPal1,central_brain
SLP028b,SLP028,SLPal1,central_brain
SLP028c,SLP028,SLPal1,central_brain
SLP030,SLP030,SLPal1,central_brain
SLPal1__0,NA,SLPal1,central_brain
SLP012b,NA,SLPal1,central_brain
CB2421,SLP018,SLPal1,central_brain
CB3354,NA,SLPal1,central_brain
CB3506,NA,SLPal1,central_brain
CB3553,NA,SLPal1,central_brain
CL004,CL004,SLPal1,central_brain
SLP024a,SLP024,SLPal1,central_brain
CB3966,NA,SLPal1,central_brain
SLP016,SLP016,SLPal1,central_brain
SLP019,SLP019,SLPal1,central_brain
SLP025b,SLP025,SLPal1,central_brain
AVLP026,AVLP026,SLPal2,central_brain
AVLP028,AVLP028,SLPal2,central_brain
AVLP027,AVLP028,SLPal2,central_brain
CB0938,LHAD1i2_b,SLPal2,central_brain
CB0969,SLP042,SLPal2,central_brain
CB1419,LHAD1i2_a,SLPal2,central_brain
CB1419,SLP046,SLPal2,central_brain
CB1462,SLP043,SLPal2,central_brain
CB1494,SLP043,SLPal2,central_brain
CB1604,SLP037,SLPal2,central_brain
CB1604,SLP039,SLPal2,central_brain
CB1990,SLP044_a,SLPal2,central_brain
CB1637,SLP038,SLPal2,central_brain
CB1759,SLP044_b,SLPal2,central_brain
CB1759,SLP044_c,SLPal2,central_brain
CB1759,SLP044_e,SLPal2,central_brain
CB1759,LHAD1i1,SLPal2,central_brain
CB1923,NA,SLPal2,central_brain
CB1979,SLP040,SLPal2,central_brain
CB2013,NA,SLPal2,central_brain
SLP041,SLP041,SLPal2,central_brain
CB2637,SLP037,SLPal2,central_brain
CB2637,SLP039,SLPal2,central_brain
SLP036,SLP036,SLPal2,central_brain
CB2797,SLP044_b,SLPal2,central_brain
CB2797,SLP044_c,SLPal2,central_brain
CB2797,SLP044_e,SLPal2,central_brain
CB3210,SLP042,SLPal2,central_brain
CB3291,LHAD1i2_b,SLPal2,central_brain
LHAD1a1,LHAD1a1,SLPal2,central_brain
SLP035,LHAD1a2,SLPal2,central_brain
LHAD1a2,LHAD1a2,SLPal2,central_brain
"LHAD1a3,LHAD1f5",LHAD1a3,SLPal2,central_brain
"LHAD1a3,LHAD1f5",LHAD1f5,SLPal2,central_brain
LHAD1a4a,LHAD1a4,SLPal2,central_brain
LHAD1a4b,LHAD1a4,SLPal2,central_brain
LHAD1a4c,LHAD1a4,SLPal2,central_brain
LHAD1c3,LHAD1c3,SLPal2,central_brain
aSP-g1,aSP-g1,SLPal2,central_brain
aSP-g2,aSP-g2,SLPal2,central_brain
aSP-g3B,aSP-g3B,SLPal2,central_brain
CB3380,SLP042,SLPal2,central_brain
CB1419,LHAD1a4,SLPal2,central_brain
SLP044_d,SLP044_d,SLPal2,central_brain
aSP-g2,aSP-g1,SLPal2,central_brain
CB1152,NA,SLPal3_and_SLPal4_dorsal,central_brain
CB1153,NA,SLPal3_and_SLPal4_dorsal,central_brain
CB1155,SLP179_a,SLPal3_and_SLPal4_dorsal,central_brain
CB1170,SLP176,SLPal3_and_SLPal4_dorsal,central_brain
CB1174,NA,SLPal3_and_SLPal4_dorsal,central_brain
CB1175,NA,SLPal3_and_SLPal4_dorsal,central_brain
CB1179,NA,SLPal3_and_SLPal4_dorsal,central_brain
CB1254,NA,SLPal3_and_SLPal4_dorsal,central_brain
CB1309,NA,SLPal3_and_SLPal4_dorsal,central_brain
CB1310,NA,SLPal3_and_SLPal4_dorsal,central_brain
CB1440,SLP199,SLPal3_and_SLPal4_dorsal,central_brain
CB1567,NA,SLPal3_and_SLPal4_dorsal,central_brain
CB1608,NA,SLPal3_and_SLPal4_dorsal,central_brain
CB1653,NA,SLPal3_and_SLPal4_dorsal,central_brain
CB1670,NA,SLPal3_and_SLPal4_dorsal,central_brain
CB1698,NA,SLPal3_and_SLPal4_dorsal,central_brain
CB1820,NA,SLPal3_and_SLPal4_dorsal,central_brain
CB1861,SLP179_b,SLPal3_and_SLPal4_dorsal,central_brain
CB1905,NA,SLPal3_and_SLPal4_dorsal,central_brain
CB1928,SLP179_a,SLPal3_and_SLPal4_dorsal,central_brain
CB1931,NA,SLPal3_and_SLPal4_dorsal,central_brain
CB2112,NA,SLPal3_and_SLPal4_dorsal,central_brain
CB2154,NA,SLPal3_and_SLPal4_dorsal,central_brain
CB2166,NA,SLPal3_and_SLPal4_dorsal,central_brain
CB2232,NA,SLPal3_and_SLPal4_dorsal,central_brain
CB2302,NA,SLPal3_and_SLPal4_dorsal,central_brain
CB2393,NA,SLPal3_and_SLPal4_dorsal,central_brain
CB2437,NA,SLPal3_and_SLPal4_dorsal,central_brain
CB2466,NA,SLPal3_and_SLPal4_dorsal,central_brain
CB2505,NA,SLPal3_and_SLPal4_dorsal,central_brain
CB2541,SLP176,SLPal3_and_SLPal4_dorsal,central_brain
CB2726,SLP183,SLPal3_and_SLPal4_dorsal,central_brain
CB2756,NA,SLPal3_and_SLPal4_dorsal,central_brain
CB2915,NA,SLPal3_and_SLPal4_dorsal,central_brain
CB2948,NA,SLPal3_and_SLPal4_dorsal,central_brain
CB2952,NA,SLPal3_and_SLPal4_dorsal,central_brain
CB2955,SLP200,SLPal3_and_SLPal4_dorsal,central_brain
CB2955,SLP201,SLPal3_and_SLPal4_dorsal,central_brain
CB2992,NA,SLPal3_and_SLPal4_dorsal,central_brain
CB3005,NA,SLPal3_and_SLPal4_dorsal,central_brain
CB3157,SLP199,SLPal3_and_SLPal4_dorsal,central_brain
CB3168,NA,SLPal3_and_SLPal4_dorsal,central_brain
CB3175,NA,SLPal3_and_SLPal4_dorsal,central_brain
CB3193,NA,SLPal3_and_SLPal4_dorsal,central_brain
CB3236,NA,SLPal3_and_SLPal4_dorsal,central_brain
CB3285,NA,SLPal3_and_SLPal4_dorsal,central_brain
LHAV6g1,LHAV6g1,SLPal3_and_SLPal4_dorsal,central_brain
SLP204,SLP204,SLPal3_and_SLPal4_dorsal,central_brain
CB0993,NA,SLPal5,central_brain
CB1359,NA,SLPal5,central_brain
CB1365,NA,SLPal5,central_brain
CB1539,NA,SLPal5,central_brain
CB1559,SLP138,SLPal5,central_brain
CB1590,NA,SLPal5,central_brain
CB1868,NA,SLPal5,central_brain
CB2277,NA,SLPal5,central_brain
CB2280,NA,SLPal5,central_brain
CB2315,NA,SLPal5,central_brain
CB2427,NA,SLPal5,central_brain
CB2507,NA,SLPal5,central_brain
CB2530,NA,SLPal5,central_brain
CB2746,NA,SLPal5,central_brain
CB3336,NA,SLPal5,central_brain
CB3566,NA,SLPal5,central_brain
SIP005,SIP005,SLPal5,central_brain
"SLP109,SLP143",SLP109,SLPal5,central_brain
"SLP109,SLP143",SLP143,SLPal5,central_brain
SLP137,SLP137,SLPal5,central_brain
"SLP141,SLP142",SLP141,SLPal5,central_brain
"SLP141,SLP142",SLP142,SLPal5,central_brain
SMP033,SMP033,SLPal5,central_brain
SMP035,SMP035,SLPal5,central_brain
SLP073,SLP073,SLPal5,central_brain
LNd_a,LNd,SLPav1_lateral,central_brain
LNd_b,LNd,SLPav1_lateral,central_brain
LNd_c,LNd,SLPav1_lateral,central_brain
AVLP312a,AVLP312,SLPav1_medial,central_brain
AVLP312b,AVLP312,SLPav1_medial,central_brain
AVLP313,AVLP313,SLPav1_medial,central_brain
CB1524,LHAV3e4_a,SLPav1_medial,central_brain
CB1950,NA,SLPav1_medial,central_brain
CB2048,NA,SLPav1_medial,central_brain
CB2311,SLP229,SLPav1_medial,central_brain
CB2311,NA,SLPav1_medial,central_brain
CB2419,LHAV3e5,SLPav1_medial,central_brain
CB2419,LHAV3e4_b,SLPav1_medial,central_brain
CB2436,LHAV3e1,SLPav1_medial,central_brain
CB3001,NA,SLPav1_medial,central_brain
CB3386,SLP229,SLPav1_medial,central_brain
CB3671,SLP229,SLPav1_medial,central_brain
CL099a,CL099,SLPav1_medial,central_brain
CL099b,CL099,SLPav1_medial,central_brain
CL099c,CL099,SLPav1_medial,central_brain
CL100,CL100,SLPav1_medial,central_brain
CL101,CL101,SLPav1_medial,central_brain
CL102,CL102,SLPav1_medial,central_brain
CL104,CL104,SLPav1_medial,central_brain
LHAV3e2,LHAV3e2,SLPav1_medial,central_brain
LHAV3e3a,LHAV3e3,SLPav1_medial,central_brain
LHAV3e3b,LHAV3e3,SLPav1_medial,central_brain
LT57,LT57,SLPav1_medial,optic_lobe
PLP064_a,PLP064_a,SLPav1_medial,central_brain
PLP064_b,PLP064_b,SLPav1_medial,central_brain
PLP065a,PLP065,SLPav1_medial,central_brain
PLP065b,PLP065,SLPav1_medial,central_brain
PLP067a,PLP067,SLPav1_medial,central_brain
PLP067b,PLP067,SLPav1_medial,central_brain
PLP068,PLP068,SLPav1_medial,central_brain
SLP222,SLP222,SLPav1_medial,central_brain
SLP223,SLP223,SLPav1_medial,central_brain
SLP224,SLP224,SLPav1_medial,central_brain
SLP226,SLP226,SLPav1_medial,central_brain
SLP227,SLP227,SLPav1_medial,central_brain
SLP228,SLP228,SLPav1_medial,central_brain
NA,NA,SLPav1_medial,central_brain
LHAV3e6,LHAV3e6,SLPav1_medial,central_brain
CB1467,NA,SLPav1_medial,central_brain
CL098,CL098,SLPav1_medial,central_brain
SLP221,SLP221,SLPav1_medial,central_brain
CB0376,CL015,SLPav2,central_brain
CB1212,NA,SLPav2,central_brain
CB1242,NA,SLPav2,central_brain
CB1318,SLP088,SLPav2,central_brain
CB1318,SLP095,SLPav2,central_brain
CB1352,NA,SLPav2,central_brain
CB1685,NA,SLPav2,central_brain
CB1720,NA,SLPav2,central_brain
CB1855,NA,SLPav2,central_brain
CB2012,SLP082,SLPav2,central_brain
"SLP088,SLP095",SLP088,SLPav2,central_brain
"SLP088,SLP095",SLP095,SLPav2,central_brain
CB2016,NA,SLPav2,central_brain
CB2078,SLP089,SLPav2,central_brain
CB2095,SLP081,SLPav2,central_brain
CB2136,NA,SLPav2,central_brain
CB2163,SLP082,SLPav2,central_brain
CB2179,SLP078,SLPav2,central_brain
CB2434,SLP081,SLPav2,central_brain
CB2531,SLP087,SLPav2,central_brain
CB2771,SLP085,SLPav2,central_brain
CB3034,SLP086,SLPav2,central_brain
CB3079,SLP086,SLPav2,central_brain
CL009,CL009,SLPav2,central_brain
CL010,CL010,SLPav2,central_brain
CL014,CL014,SLPav2,central_brain
CL016,CL016,SLPav2,central_brain
SLP082,CL016,SLPav2,central_brain
CL026,CL026,SLPav2,central_brain
LHAV5e1,LHAV5e1,SLPav2,central_brain
SLP001,SLP001,SLPav2,central_brain
SLP064,SLP064,SLPav2,central_brain
SLP076,SLP076,SLPav2,central_brain
SLP214,SLP214,SLPav2,central_brain
SMP010,SMP010,SLPav2,central_brain
SMP011a,SMP011,SLPav2,central_brain
SMP011b,SMP011,SLPav2,central_brain
SMP012,SMP012,SLPav2,central_brain
SMP044,SMP044,SLPav2,central_brain
SMP045,SMP045,SLPav2,central_brain
SMP046,SMP046,SLPav2,central_brain
SMP047,SMP047,SLPav2,central_brain
SLP083,SLP083,SLPav2,central_brain
CB1191,SLP088,SLPav2,central_brain
CB1191,SLP095,SLPav2,central_brain
CB1332,NA,SLPav2,central_brain
CB1370,NA,SLPav2,central_brain
CB1935,NA,SLPav2,central_brain
CB2106,SLP082,SLPav2,central_brain
CL008,CL008,SLPav2,central_brain
CL011,CL011,SLPav2,central_brain
CL013,CL013,SLPav2,central_brain
SLP077,SLP077,SLPav2,central_brain
CB0103,NA,SLPav2,central_brain
SLP079,SLP079,SLPav2,central_brain
CL012,CL012,SLPav2,central_brain
CL015,CL015,SLPav2,central_brain
SLP075,SLP075,SLPav2,central_brain
CB0999,SLP187,SLPav3,central_brain
CB1626,NA,SLPav3,central_brain
CB1821,NA,SLPav3,central_brain
CB1838,NA,SLPav3,central_brain
CB2036,SLP187,SLPav3,central_brain
CB2053,NA,SLPav3,central_brain
CB2087,NA,SLPav3,central_brain
CB2448,NA,SLPav3,central_brain
CB3283,NA,SLPav3,central_brain
CB3314,NA,SLPav3,central_brain
CB3590,SLP186,SLPav3,central_brain
CB3624,SLP186,SLPav3,central_brain
CB3762,NA,SLPav3,central_brain
LHAV2f2_b,LHAV2f2_b,SLPav3,central_brain
SLP188,SLP188,SLPav3,central_brain
SLP189,SLP189,SLPav3,central_brain
SLP208,SLP208,SLPav3,central_brain
LHAV2f2_a,LHAV2f2_a,SLPav3,central_brain
CB1210,LHPV4g2,SLPp&v1_posterior,central_brain
CB1218,LHPV4c1,SLPp&v1_posterior,central_brain
CB1511,LHPV4c1,SLPp&v1_posterior,central_brain
CB1515,LHPV4b4,SLPp&v1_posterior,central_brain
CB1646,LHPV4g2,SLPp&v1_posterior,central_brain
CB1874,LHPV4b6,SLPp&v1_posterior,central_brain
CB1874,LHPV4b8,SLPp&v1_posterior,central_brain
CB1899,SLP335,SLPp&v1_posterior,central_brain
CB1899,SLP336,SLPp&v1_posterior,central_brain
CB1976,NA,SLPp&v1_posterior,central_brain
CB2022,LHPV4c1_c,SLPp&v1_posterior,central_brain
CB2060,LHPV4b7,SLPp&v1_posterior,central_brain
CB2189,NA,SLPp&v1_posterior,central_brain
CB2297,SLP334,SLPp&v1_posterior,central_brain
CB2452,LHPV4c2,SLPp&v1_posterior,central_brain
CB2616,SLP337,SLPp&v1_posterior,central_brain
CB2657,CL134,SLPp&v1_posterior,central_brain
CB2923,LHPV4b2,SLPp&v1_posterior,central_brain
CB3045,LHPV4b6,SLPp&v1_posterior,central_brain
CB3045,LHPV4b8,SLPp&v1_posterior,central_brain
CB3047,LHPV4b5,SLPp&v1_posterior,central_brain
CB3190,LHPV4b4,SLPp&v1_posterior,central_brain
CB3221,NA,SLPp&v1_posterior,central_brain
CB3268,SLP335,SLPp&v1_posterior,central_brain
CB3268,SLP336,SLPp&v1_posterior,central_brain
CB3344,CL134,SLPp&v1_posterior,central_brain
CB3555,LHPV4c1_c,SLPp&v1_posterior,central_brain
CB3571,NA,SLPp&v1_posterior,central_brain
LHPV4c4,LHPV4c4,SLPp&v1_posterior,central_brain
CB3751,SLP337,SLPp&v1_posterior,central_brain
CL133,CL133,SLPp&v1_posterior,central_brain
LHPV4b1,LHPV4b1,SLPp&v1_posterior,central_brain
LHPV4g1,LHPV4g1,SLPp&v1_posterior,central_brain
LHPV4b3,LHPV4b3,SLPp&v1_posterior,central_brain
LHPV4b9,LHPV4b9,SLPp&v1_posterior,central_brain
CB2452,LHPV4c3,SLPp&v1_posterior,central_brain
CB2452,LHPV4c4,SLPp&v1_posterior,central_brain
"LHPV4c3, LHPV4c4",LHPV4c3,SLPp&v1_posterior,central_brain
"LHPV4c3, LHPV4c4",LHPV4c4,SLPp&v1_posterior,central_brain
NA,NA,SLPp&v1_posterior,central_brain
LHPV4b2,NA,SLPp&v1_posterior,central_brain
PLP081,PLP081,SLPp&v1_ventral,central_brain
WEDPN12,WEDPN12,SLPp&v1_ventral,central_brain
ATL021,ATL021,SLPp&v1_ventral,central_brain
CB0656,hb386829647,SLPp&v1_ventral,central_brain
vCal1,PLP127,SLPp&v1_ventral,optic_lobe
CL142,CL142,SLPp&v1_ventral,central_brain
LPT47_vCal2,NA,SLPp&v1_ventral,optic_lobe
PLP116,PLP116,SLPp&v1_ventral,central_brain
APDN3,PLP080,SLPpl1,central_brain
APDN3,SLP249,SLPpl1,central_brain
CB0965,NA,SLPpl1,central_brain
CB1011,NA,SLPpl1,central_brain
CB1011,SLP266,SLPpl1,central_brain
CB1338,SMP226,SLPpl1,central_brain
CB1709,SMP220,SLPpl1,central_brain
CB1770,SMP216,SLPpl1,central_brain
CB1791,SMP228,SLPpl1,central_brain
CB3118,SMP228,SLPpl1,central_brain
SMP217,SMP217,SLPpl1,central_brain
CB2438,SMP220,SLPpl1,central_brain
CB2568,SMP221,SLPpl1,central_brain
CB2587,SMP219,SLPpl1,central_brain
CB2901,SLP266,SLPpl1,central_brain
CB2961,SLP268,SLPpl1,central_brain
CB2989,SLP267,SLPpl1,central_brain
CB3095,NA,SLPpl1,central_brain
CB3118,NA,SLPpl1,central_brain
CB3169,NA,SLPpl1,central_brain
CB3192,NA,SLPpl1,central_brain
CB3223,NA,SLPpl1,central_brain
CB3252,NA,SLPpl1,central_brain
CB3449,SMP219,SLPpl1,central_brain
CB3508,NA,SLPpl1,central_brain
CB3551,NA,SLPpl1,central_brain
CB3612,NA,SLPpl1,central_brain
CB3626,SMP218,SLPpl1,central_brain
CB3763,SMP222,SLPpl1,central_brain
CB3763,SMP227,SLPpl1,central_brain
CB3764,NA,SLPpl1,central_brain
CB3765,SMP232,SLPpl1,central_brain
CB3766,SMP222,SLPpl1,central_brain
CB3766,SMP227,SLPpl1,central_brain
CB3767,SMP220,SLPpl1,central_brain
CB3808,SLP252,SLPpl1,central_brain
CB3811,SLP251,SLPpl1,central_brain
SIP046,SIP046,SLPpl1,central_brain
SMP215b,SMP215,SLPpl1,central_brain
SMP229,SMP229,SLPpl1,central_brain
CB1610,NA,SLPpl1,central_brain
CB2196,SLP261,SLPpl1,central_brain
CB2196,SLP262,SLPpl1,central_brain
CB3464,SLP261,SLPpl1,central_brain
CB3464,SLP262,SLPpl1,central_brain
CB3539,NA,SLPpl1,central_brain
CB1449,SMP222,SLPpl1,central_brain
CB1449,SMP227,SLPpl1,central_brain
CB1791,NA,SLPpl1,central_brain
CB2843,SMP222,SLPpl1,central_brain
CB2843,SMP227,SLPpl1,central_brain
LMTe01,CL125,SLPpl1,optic_lobe
SLP376,SLP376,SLPpl1,central_brain
SMP215c,SMP215,SLPpl1,central_brain
CB1658,SLP260,SLPpl1,central_brain
CB2888,SLP268,SLPpl1,central_brain
CB2003,NA,SLPpl1,central_brain
CB2298,NA,SLPpl1,central_brain
CB2529,SLP252,SLPpl1,central_brain
CB3181,NA,SLPpl1,central_brain
CB3686,SLP252,SLPpl1,central_brain
LTe71,SLP250,SLPpl1,optic_lobe
SLP257,SLP257,SLPpl1,central_brain
SLP258,SLP258,SLPpl1,central_brain
SLP265a,SLP265,SLPpl1,central_brain
SLP265b,SLP265,SLPpl1,central_brain
SMP215a,SMP215,SLPpl1,central_brain
CB1327,NA,SLPpl2,central_brain
CB1551,NA,SLPpl2,central_brain
CB2069,NA,SLPpl2,central_brain
CB3290,LHPV6k1,SLPpl2,central_brain
CB3717,SLP360,SLPpl2,central_brain
LHPV6k2,LHPV6k2,SLPpl2,central_brain
LHPV6o1,LHPV6o1,SLPpl2,central_brain
LTe35,hb852751415,SLPpl2,optic_lobe
LTe40,SLP357,SLPpl2,optic_lobe
LTe41,SLP357,SLPpl2,optic_lobe
LTe53,PLP118,SLPpl2,optic_lobe
LTe54,PLP125,SLPpl2,optic_lobe
SLP359,SLP359,SLPpl2,central_brain
SLP447,SLP447,SLPpl2,central_brain
SMP271,SMP271,SLPpl2,central_brain
"SMP579,SMP583",SMP579,SLPpl2,central_brain
"SMP579,SMP583",SMP583,SLPpl2,central_brain
CB1429,NA,SLPpl2,central_brain
CB2602,NA,SLPpl2,central_brain
CB2617,NA,SLPpl2,central_brain
CB3479,NA,SLPpl2,central_brain
CB3559,NA,SLPpl2,central_brain
CB3724,NA,SLPpl2,central_brain
PLP119,PLP119,SLPpl2,central_brain
SLP358,SLP358,SLPpl2,central_brain
SLP365,SLP365,SLPpl2,central_brain
LHPV6k1,LHPV6k1,SLPpl2,central_brain
CB2269,NA,SLPpl2,central_brain
CL141,CL141,SLPpl2,central_brain
LHPV6l1,LHPV6l1,SLPpl2,central_brain
LTe55,PLP126,SLPpl2,optic_lobe
CB0367,NA,SLPpl3,central_brain
CB1115,NA,SLPpl3,central_brain
CB1178,NA,SLPpl3,central_brain
CB1249,NA,SLPpl3,central_brain
CB1335,NA,SLPpl3,central_brain
CB1341,NA,SLPpl3,central_brain
CB1416,NA,SLPpl3,central_brain
CB1687,NA,SLPpl3,central_brain
CB1733,NA,SLPpl3,central_brain
CB1735,NA,SLPpl3,central_brain
CB1987,NA,SLPpl3,central_brain
CB2292,NA,SLPpl3,central_brain
CB2346,NA,SLPpl3,central_brain
CB2738,NA,SLPpl3,central_brain
CB2766,NA,SLPpl3,central_brain
CB3041,NA,SLPpl3,central_brain
CB3071,NA,SLPpl3,central_brain
CB3141,NA,SLPpl3,central_brain
CB3281,NA,SLPpl3,central_brain
LHAV3c1,LHAV3c1,SLPpl3,central_brain
LHAV3f1,LHAV3f1,SLPpl3,central_brain
SLP344,SLP344,SLPpl3,central_brain
SLP345,SLP345,SLPpl3,central_brain
SLPpl3__0,NA,SLPpl3,central_brain
LHAV3p1,LHAV3p1,SLPpl3,central_brain
SLP340,SLP340,SLPpl3,central_brain
CB2362,NA,SLPpl3,central_brain
CB3084,NA,SLPpl3,central_brain
SLP345b,NA,SLPpl3,central_brain
SMP250,SMP250,SLPpl3,central_brain
CB0973,NA,SLPpm1,central_brain
SLP286,SLP286,SLPpm1,central_brain
CB1015,NA,SLPpm1,central_brain
CB1032,SLP283,SLPpm1,central_brain
CB1032,SLP284,SLPpm1,central_brain
CB1035,NA,SLPpm1,central_brain
CB1134,NA,SLPpm1,central_brain
CB1281,NA,SLPpm1,central_brain
CB1501,NA,SLPpm1,central_brain
CB4130,SLP279,SLPpm1,central_brain
CB4130,SLP301,SLPpm1,central_brain
CB1880,NA,SLPpm1,central_brain
CB1945,LHPD4d2_a,SLPpm1,central_brain
CB1945,LHPD4d2_b,SLPpm1,central_brain
CB2145,SLP283,SLPpm1,central_brain
CB2145,SLP284,SLPpm1,central_brain
CB2850,NA,SLPpm1,central_brain
CB3038,NA,SLPpm1,central_brain
CB3182,NA,SLPpm1,central_brain
CB3191,LHPD4e1_b,SLPpm1,central_brain
LHCENT12a,LHCENT12,SLPpm1,central_brain
LHCENT12b,LHCENT12,SLPpm1,central_brain
LHPD4a1,LHPD4a1,SLPpm1,central_brain
LHPD4b1a,LHPD4b1,SLPpm1,central_brain
LHPD4b1b,LHPD4b1,SLPpm1,central_brain
LHPD4d1,LHPD4d1,SLPpm1,central_brain
SLP285,SLP285,SLPpm1,central_brain
SLP287,SLP287,SLPpm1,central_brain
SLP288a,SLP288,SLPpm1,central_brain
SLP288b,SLP288,SLPpm1,central_brain
SLP288c,SLP288,SLPpm1,central_brain
SLP289,SLP289,SLPpm1,central_brain
SLP290,SLP290,SLPpm1,central_brain
SLP291,SLP291,SLPpm1,central_brain
SLP295a,SLP295,SLPpm1,central_brain
SLP295b,SLP295,SLPpm1,central_brain
SLP298,SLP298,SLPpm1,central_brain
SLP300a,SLP300,SLPpm1,central_brain
SLP302a,SLP302,SLPpm1,central_brain
SLP302b,SLP302,SLPpm1,central_brain
CB3477,NA,SLPpm1,central_brain
SLP286,NA,SLPpm1,central_brain
SLP300b,SLP300,SLPpm1,central_brain
CB1134,LHPD4a2,SLPpm1,central_brain
CB1406,NA,SLPpm2,central_brain
CB2517,NA,SLPpm2,central_brain
CB2814,NA,SLPpm2,central_brain
CB1617,NA,SLPpm2,central_brain
CB1884,NA,SLPpm2,central_brain
CB2098,NA,SLPpm2,central_brain
CB1443,NA,SLPpm2,central_brain
CB2533,NA,SLPpm2,central_brain
CB2760,NA,SLPpm2,central_brain
CB2779,NA,SLPpm2,central_brain
CB2894,NA,SLPpm2,central_brain
CB1050,NA,SLPpm3,central_brain
CB1073,NA,SLPpm3,central_brain
CB1089,NA,SLPpm3,central_brain
CB1589,NA,SLPpm3,central_brain
CB1628,NA,SLPpm3,central_brain
CB2040,NA,SLPpm3,central_brain
CB2105,NA,SLPpm3,central_brain
CB2479,NA,SLPpm3,central_brain
CB2592,NA,SLPpm3,central_brain
CB2876,NA,SLPpm3,central_brain
CB2928,NA,SLPpm3,central_brain
CB3043,NA,SLPpm3,central_brain
CB3120,NA,SLPpm3,central_brain
CB3121,NA,SLPpm3,central_brain
CB3498,NA,SLPpm3,central_brain
CB3519,NA,SLPpm3,central_brain
CB3546,NA,SLPpm3,central_brain
CB3557,NA,SLPpm3,central_brain
SLP421,SLP421,SLPpm3,central_brain
SLP433,SLP433,SLPpm3,central_brain
SLPpm3_P02,SLP442,SLPpm3,central_brain
SLPpm3_P03,SLP439,SLPpm3,central_brain
SLPpm3_P04,SMP548,SLPpm3,central_brain
SLPpm3_S01,SLP441,SLPpm3,central_brain
SLPpm3_H01,SMP551,SLPpm3,central_brain
SLPpm3_H02,SLP440,SLPpm3,central_brain
SLPpm3_P01,LHPD5b1,SLPpm3,central_brain
SLP438,SLP438,SLPpm4,central_brain
CB0710,SMP082,SMPad1,central_brain
CB1226,NA,SMPad1,central_brain
SMP098_a,SMP098_a,SMPad1,central_brain
CB1456,SMP097,SMPad1,central_brain
CB1456,SMP098_b,SMPad1,central_brain
CB2317,SMP099,SMPad1,central_brain
CB2317,SMP100,SMPad1,central_brain
CB2317,SMP101,SMPad1,central_brain
SMP081,SMP081,SMPad1,central_brain
SMP083,SMP083,SMPad1,central_brain
SMP084,SMP084,SMPad1,central_brain
SMP085,SMP085,SMPad1,central_brain
SMP087,SMP087,SMPad1,central_brain
SMP090,SMP090,SMPad1,central_brain
SMP092,SMP092,SMPad1,central_brain
SMP093,SMP093,SMPad1,central_brain
SMP095,SMP095,SMPad1,central_brain
SMP096,SMP096,SMPad1,central_brain
SMP102,SMP102,SMPad1,central_brain
SMP103,SMP103,SMPad1,central_brain
SMP105_b,SMP104,SMPad1,central_brain
SMP105_b,SMP105,SMPad1,central_brain
SMP105_b,SMP107,SMPad1,central_brain
SMP107,SMP104,SMPad1,central_brain
SMP107,SMP105,SMPad1,central_brain
SMP107,SMP107,SMPad1,central_brain
SMP105_a,SMP104,SMPad1,central_brain
SMP105_a,SMP105,SMPad1,central_brain
SMP105_a,SMP107,SMPad1,central_brain
SMP106,SMP106,SMPad1,central_brain
"SMP602,SMP094",SMP602,SMPad1,central_brain
"SMP602,SMP094",SMP094,SMPad1,central_brain
CB1696,SLP217,SMPad1,central_brain
CB2628,NA,SMPad1,central_brain
SMP103,SMP104,SMPad1,central_brain
SMP103,SMP105,SMPad1,central_brain
SMP103,SMP107,SMPad1,central_brain
SMP105_b,SMP106,SMPad1,central_brain
SMP107,SMP106,SMPad1,central_brain
SMP105_b,SMP105_b,SMPad1,central_brain
CB0931,NA,SMPad2,central_brain
CB1250,NA,SMPad2,central_brain
CB1353,NA,SMPad2,central_brain
CB1368,NA,SMPad2,central_brain
CB1420,NA,SMPad2,central_brain
CB1648,IB004,SMPad2,central_brain
CB1833,NA,SMPad2,central_brain
CB1851,NA,SMPad2,central_brain
CB1975,NA,SMPad2,central_brain
CB2074,NA,SMPad2,central_brain
CB2250,NA,SMPad2,central_brain
CB2259,IB004,SMPad2,central_brain
CB2312,NA,SMPad2,central_brain
CB2411,NA,SMPad2,central_brain
CB2611,NA,SMPad2,central_brain
CB2785,NA,SMPad2,central_brain
CB2795,NA,SMPad2,central_brain
CB2884,NA,SMPad2,central_brain
CB3143,NA,SMPad2,central_brain
CB3639,NA,SMPad2,central_brain
CL048,CL048,SMPad2,central_brain
PS002,PS002,SMPad2,central_brain
PS004a,PS004,SMPad2,central_brain
PS004b,PS004,SMPad2,central_brain
PS005_a,PS005,SMPad2,central_brain
PS005,PS005,SMPad2,central_brain
PS005_f,PS005,SMPad2,central_brain
PS008,PS008,SMPad2,central_brain
SIP020,SIP020,SMPad2,central_brain
"PS003,PS006",SIP020,SMPad2,central_brain
SMP057,SMP057,SMPad2,central_brain
"SMP061,SMP062",SMP061,SMPad2,central_brain
"SMP061,SMP062",SMP062,SMPad2,central_brain
SMP065,SMP065,SMPad2,central_brain
SMP066,SMP066,SMPad2,central_brain
SMP067,SMP067,SMPad2,central_brain
SMP068,SMP068,SMPad2,central_brain
"SMP074,CL040",SMP074,SMPad2,central_brain
"SMP074,CL040",CL040,SMPad2,central_brain
SMP091,SMP091,SMPad2,central_brain
CL038,CL038,SMPad2,central_brain
CL042,CL042,SMPad2,central_brain
PS007,PS007,SMPad2,central_brain
"PS003,PS006",PS007,SMPad2,central_brain
SMP055,SMP055,SMPad2,central_brain
"SMP063,SMP064",SMP063,SMPad2,central_brain
"SMP063,SMP064",SMP064,SMPad2,central_brain
SMP069,SMP069,SMPad2,central_brain
CB0314,NA,SMPad2,central_brain
CB2413,SMP052,SMPad2,central_brain
CB2673,NA,SMPad2,central_brain
CB3080,NA,SMPad2,central_brain
CB3387,NA,SMPad2,central_brain
SMP051,SMP051,SMPad2,central_brain
SMP079,SMP079,SMPad2,central_brain
SMP157,SMP157,SMPad2,central_brain
SMP056,SMP056,SMPad2,central_brain
SMP158,SMP158,SMPad2,central_brain
SMP080,SMP080,SMPad2,central_brain
SMP138,SMP138,SMPad3,central_brain
CB0950,NA,SMPad3,central_brain
CB0951,NA,SMPad3,central_brain
CB1061,CRE030,SMPad3,central_brain
CB1062,NA,SMPad3,central_brain
CB1063,CRE037,SMPad3,central_brain
CB1064,NA,SMPad3,central_brain
CB1478,NA,SMPad3,central_brain
CB1871,NA,SMPad3,central_brain
CB0933,NA,SMPad3,central_brain
CB2369,NA,SMPad3,central_brain
CB1967,NA,SMPad3,central_brain
CB2615,NA,SMPad3,central_brain
CB2943,CRE039,SMPad3,central_brain
CB3135,NA,SMPad3,central_brain
CB3770,CRE038,SMPad3,central_brain
CRE027,CRE027,SMPad3,central_brain
SMP114,SMP114,SMPad3,central_brain
SMP115,SMP115,SMPad3,central_brain
SMP116,SMP116,SMPad3,central_brain
SMP120a,SMP120,SMPad3,central_brain
SMP120b,SMP120,SMPad3,central_brain
SMP121,SMP121,SMPad3,central_brain
SMP123a,SMP123,SMPad3,central_brain
SMP128,SMP128,SMPad3,central_brain
CB3574,NA,SMPad3,central_brain
SMP123b,SMP123,SMPad3,central_brain
SMP124,SMP124,SMPad3,central_brain
CB0313,NA,SMPad3,central_brain
CB0932,NA,SMPad3,central_brain
CB1251,CRE039,SMPad3,central_brain
CB1287,NA,SMPad3,central_brain
CB1970,CRE030,SMPad3,central_brain
CRE035,CRE035,SMPad3,central_brain
CB2328,CRE039,SMPad3,central_brain
CB3362,NA,SMPad3,central_brain
CB3706,NA,SMPad3,central_brain
"MBON25,MBON34",MBON25,SMPad3,central_brain
"MBON25,MBON34",MBON34,SMPad3,central_brain
SMP119,SMP119,SMPad3,central_brain
SMP122,SMP122,SMPad3,central_brain
CB4159,NA,SMPad3,central_brain
SMP120a,NA,SMPad3,central_brain
CB2329,NA,SMPad3,central_brain
CB3052,NA,SMPad3,central_brain
CB3520,NA,SMPad3,central_brain
SMPad3__0,NA,SMPad3,central_brain
CB0084,NA,SMPp&v1_posterior,central_brain
CB0386,NA,SMPp&v1_posterior,central_brain
CB0976,NA,SMPp&v1_posterior,central_brain
CB1262,CL190,SMPp&v1_posterior,central_brain
CB1325,CL185,SMPp&v1_posterior,central_brain
CB1451,CL188,SMPp&v1_posterior,central_brain
CB1451,CL189,SMPp&v1_posterior,central_brain
CB1603,NA,SMPp&v1_posterior,central_brain
CB1636,NA,SMPp&v1_posterior,central_brain
CB1815,SMP453,SMPp&v1_posterior,central_brain
CB1823,NA,SMPp&v1_posterior,central_brain
CB1957,SMP450,SMPp&v1_posterior,central_brain
CB2082,CL191,SMPp&v1_posterior,central_brain
CB2401,NA,SMPp&v1_posterior,central_brain
CB2451,SMP453,SMPp&v1_posterior,central_brain
CB2500,NA,SMPp&v1_posterior,central_brain
CB2808,CL191,SMPp&v1_posterior,central_brain
CB2816,NA,SMPp&v1_posterior,central_brain
CB2885,CL184,SMPp&v1_posterior,central_brain
CB2967,NA,SMPp&v1_posterior,central_brain
CB3018,CL185,SMPp&v1_posterior,central_brain
CB3187,NA,SMPp&v1_posterior,central_brain
CB3309,SMP453,SMPp&v1_posterior,central_brain
CL176,CL176,SMPp&v1_posterior,central_brain
CL177,CL177,SMPp&v1_posterior,central_brain
CL179,CL179,SMPp&v1_posterior,central_brain
CL180,CL180,SMPp&v1_posterior,central_brain
CL182,CL182,SMPp&v1_posterior,central_brain
CL186,CL186,SMPp&v1_posterior,central_brain
CL187,CL187,SMPp&v1_posterior,central_brain
CL195,CL195,SMPp&v1_posterior,central_brain
CL196a,CL196,SMPp&v1_posterior,central_brain
CL196b,CL196,SMPp&v1_posterior,central_brain
CRE079,CRE079,SMPp&v1_posterior,central_brain
SMP344a,SMP344,SMPp&v1_posterior,central_brain
SMP344b,SMP344,SMPp&v1_posterior,central_brain
SMP441,SMP441,SMPp&v1_posterior,central_brain
SMP446a,SMP446,SMPp&v1_posterior,central_brain
SMP446b,SMP446,SMPp&v1_posterior,central_brain
SMP447,SMP447,SMPp&v1_posterior,central_brain
SMP448,SMP448,SMPp&v1_posterior,central_brain
SMP451b,SMP451,SMPp&v1_posterior,central_brain
SMP452,SMP452,SMPp&v1_posterior,central_brain
SMPp&v1A_P03,LHPD5f1,SMPp&v1_posterior,central_brain
SMPp&v1A_S03,SMP336,SMPp&v1_posterior,central_brain
CB1396,NA,SMPp&v1_posterior,central_brain
CB1808,NA,SMPp&v1_posterior,central_brain
CB3564,SMP449,SMPp&v1_posterior,central_brain
SMP451a,SMP451,SMPp&v1_posterior,central_brain
SMPp&v1A_H01,PS111,SMPp&v1_posterior,central_brain
SMPp&v1A_S02,SMP443,SMPp&v1_posterior,central_brain
CB2671,NA,SMPp&v1_posterior,central_brain
SMPp&v1_posterior__0,NA,SMPp&v1_posterior,central_brain
CB1262,NA,SMPp&v1_posterior,central_brain
CB1865,SMP453,SMPp&v1_posterior,central_brain
CB2809,SMP453,SMPp&v1_posterior,central_brain
CB2988,NA,SMPp&v1_posterior,central_brain
SMP450,SMP450,SMPp&v1_posterior,central_brain
CB1408,CL191,SMPp&v1_posterior,central_brain
CB1926,SMP453,SMPp&v1_posterior,central_brain
CB2954,NA,SMPp&v1_posterior,central_brain
CB3003,NA,SMPp&v1_posterior,central_brain
CL175,CL175,SMPp&v1_posterior,central_brain
CL178,CL178,SMPp&v1_posterior,central_brain
CL183,CL183,SMPp&v1_posterior,central_brain
PS112,PS112,SMPp&v1_posterior,central_brain
PVLP107,PVLP107,SMPp&v1_posterior,central_brain
SMP444,SMP444,SMPp&v1_posterior,central_brain
SMP445,SMP445,SMPp&v1_posterior,central_brain
SMP549,SMP549,SMPp&v1_posterior,central_brain
SMP453,SMP453,SMPp&v1_posterior,central_brain
SMP592,SMP592,SMPp&v1_ventral,central_brain
SMP591,SMP591,SMPp&v1_ventral,central_brain
SMP588,SMP588,SMPp&v1_ventral,central_brain
SMPp&v1B_M02,SMP587,SMPp&v1_ventral,central_brain
SMP590,SMP590,SMPp&v1_ventral,central_brain
cM03,NA,SMPp&v1_ventral,central_brain
CB1775,SMP591,SMPp&v1_ventral,central_brain
IB110,IB110,SMPp&v1_ventral,central_brain
SMPp&v1B_M01,IB109,SMPp&v1_ventral,central_brain
SMPp&v1B_H01,CL357,SMPp&v1_ventral,central_brain
cLM01,CL358,SMPp&v1_ventral,central_brain
CB1051,SMP358,SMPpd1,central_brain
CB1445,SMP347,SMPpd1,central_brain
CB1529,SMP363,SMPpd1,central_brain
CB1529,SMP364,SMPpd1,central_brain
CB1627,SMP363,SMPpd1,central_brain
CB1627,SMP364,SMPpd1,central_brain
CB1712,SMP352,SMPpd1,central_brain
CB1784,SMP359,SMPpd1,central_brain
CB1895,NA,SMPpd1,central_brain
CB2572,SMP349,SMPpd1,central_brain
CB2572,SMP351,SMPpd1,central_brain
CB2720,SMP365,SMPpd1,central_brain
CB2720,SMP366,SMPpd1,central_brain
CB2754,SMP349,SMPpd1,central_brain
CB2754,SMP351,SMPpd1,central_brain
CB2844,NA,SMPpd1,central_brain
CB3093,SMP363,SMPpd1,central_brain
CB3093,SMP364,SMPpd1,central_brain
CB3112,NA,SMPpd1,central_brain
CB3261,NA,SMPpd1,central_brain
CB3310,NA,SMPpd1,central_brain
CB3501,SMP350,SMPpd1,central_brain
CB3572,SMP350,SMPpd1,central_brain
CB3768,SMP363,SMPpd1,central_brain
CB3768,SMP364,SMPpd1,central_brain
CB3771,NA,SMPpd1,central_brain
CB3772,NA,SMPpd1,central_brain
CB3773,SLP394,SMPpd1,central_brain
CB3779,NA,SMPpd1,central_brain
SLP390,SLP390,SMPpd1,central_brain
SLP391,SLP391,SMPpd1,central_brain
SLP392,SLP392,SMPpd1,central_brain
SLP396,SLP396,SMPpd1,central_brain
SLP397,SLP397,SMPpd1,central_brain
SLP398a,SLP398,SMPpd1,central_brain
SMP356,SLP398,SMPpd1,central_brain
SLP398b,SLP398,SMPpd1,central_brain
SLP400a,SLP400,SMPpd1,central_brain
SLP400b,SLP400,SMPpd1,central_brain
SMP339,SMP339,SMPpd1,central_brain
SMP340,SMP340,SMPpd1,central_brain
SMP341,SMP341,SMPpd1,central_brain
SMP346,SMP346,SMPpd1,central_brain
SMP348a,SMP348,SMPpd1,central_brain
SMP348b,SMP348,SMPpd1,central_brain
SMP353,SMP353,SMPpd1,central_brain
SMP355,SMP355,SMPpd1,central_brain
SMP357,SMP357,SMPpd1,central_brain
SMP360,SMP360,SMPpd1,central_brain
SMP361a,SMP361,SMPpd1,central_brain
SMP361b,SMP361,SMPpd1,central_brain
SMP362,SMP362,SMPpd1,central_brain
SMP496,SMP496,SMPpd1,central_brain
SMP334,SMP334,SMPpd1,central_brain
SMP359,SMP359,SMPpd1,central_brain
SMP333,SMP333,SMPpd1,central_brain
"SMP338,SMP534",SMP534,SMPpd2,central_brain
"SMP538,SMP599",SMP538,SMPpd2,central_brain
"SMP538,SMP599",SMP599,SMPpd2,central_brain
SMP535,SMP535,SMPpd2,central_brain
SMP540,SMP540,SMPpd2,central_brain
SMP537,SMP537,SMPpd2,central_brain
SMP532a,SMP532,SMPpd2,central_brain
SMP532b,SMP532,SMPpd2,central_brain
SMP539,SMP539,SMPpd2,central_brain
CB0943,NA,SMPpm1,central_brain
CB4233,NA,SMPpm1,central_brain
CB2080,NA,SMPpm1,central_brain
CB1729,SMP463,SMPpm1,central_brain
CB1729,SMP464,SMPpm1,central_brain
CB1729,NA,SMPpm1,central_brain
CB2123,SMP463,SMPpm1,central_brain
CB2123,SMP464,SMPpm1,central_brain
CB2993,SMP463,SMPpm1,central_brain
CB2993,SMP464,SMPpm1,central_brain
CB3017,NA,SMPpm1,central_brain
CB3300,NA,SMPpm1,central_brain
CL203,CL203,SMPpm1,central_brain
CL204,CL204,SMPpm1,central_brain
CL205,CL205,SMPpm1,central_brain
CL208,CL208,SMPpm1,central_brain
CL209,CL209,SMPpm1,central_brain
CL210_a,CL210,SMPpm1,central_brain
CL210,CL210,SMPpm1,central_brain
DNp46,CL206,SMPpm1,central_brain
DNp48,SMP462,SMPpm1,central_brain
DNp63,PS113,SMPpm1,central_brain
DNpe043,CL207,SMPpm1,central_brain
LAL128,LAL128,SMPpm1,central_brain
PPM1205,PPM1205,SMPpm1,central_brain
SLP406,SLP406,SMPpm1,central_brain
SMP455,SMP455,SMPpm1,central_brain
SMP456,SMP456,SMPpm1,central_brain
SMP457,SMP457,SMPpm1,central_brain
SMP459,SMP459,SMPpm1,central_brain
SMP460,SMP460,SMPpm1,central_brain
SMP461,SMP461,SMPpm1,central_brain
SMP469a,SMP469,SMPpm1,central_brain
SMP469b,SMP469,SMPpm1,central_brain
SMP469c,SMP469,SMPpm1,central_brain
CB4187,NA,SMPpm1,central_brain
SMPpm1__0,NA,SMPpm1,central_brain
DNp48,NA,SMPpm1,central_brain
DNxn159,NA,SMPpm1,central_brain
DNp63,NA,SMPpm1,central_brain
DNp46,NA,SMPpm1,central_brain
CB0647,hb1914171250,SMPpv1,central_brain
CB0975,NA,SMPpv1,central_brain
CB1379,NA,SMPpv1,central_brain
CB1390,SMP484,SMPpv1,central_brain
CB1508,NA,SMPpv1,central_brain
CB1586,SMP487,SMPpv1,central_brain
CB1671,NA,SMPpv1,central_brain
CB1930,SMP486_a,SMPpv1,central_brain
CB2021,NA,SMPpv1,central_brain
CB2138,NA,SMPpv1,central_brain
CB2274,NA,SMPpv1,central_brain
CB2284,SMP483,SMPpv1,central_brain
CB2349,NA,SMPpv1,central_brain
CB2422,SMP483,SMPpv1,central_brain
CB2423,SMP484,SMPpv1,central_brain
CB2520,NA,SMPpv1,central_brain
CB2610,NA,SMPpv1,central_brain
CB3106,NA,SMPpv1,central_brain
CB3270,SMP484,SMPpv1,central_brain
CB3529,SMP484,SMPpv1,central_brain
CL155,CL155,SMPpv1,central_brain
CL216,CL216,SMPpv1,central_brain
DNpe034,SMP486_b,SMPpv1,central_brain
DNpe035,SMP601,SMPpv1,central_brain
DNpe038,SLP410,SMPpv1,central_brain
DNpe044,SMP479,SMPpv1,central_brain
DNpe046,LHPV11a1,SMPpv1,central_brain
DNpe047,SMP478,SMPpv1,central_brain
DNpe048,SMP367,SMPpv1,central_brain
LHPV11a1,LHPV11a1,SMPpv1,central_brain
SMP482,SMP482,SMPpv1,central_brain
oviDNa_a,oviDNa,SMPpv1,central_brain
oviDNa_b,SLP410,SMPpv1,central_brain
oviDNb,oviDNb,SMPpv1,central_brain
AVLP473,AVLP473,SMPpv2_dorsal,central_brain
CB0128,NA,SMPpv2_dorsal,central_brain
CB1215,NA,SMPpv2_dorsal,central_brain
CL143,CL143,SMPpv2_dorsal,central_brain
CL144,CL144,SMPpv2_dorsal,central_brain
DNp23,DNp23,SMPpv2_dorsal,central_brain
DNp58,hb1791391565,SMPpv2_dorsal,central_brain
DNp60,CL139,SMPpv2_dorsal,central_brain
DNp64,CL137,SMPpv2_dorsal,central_brain
DNp67,CL139,SMPpv2_dorsal,central_brain
DNp68,CL138,SMPpv2_dorsal,central_brain
DNpe036,NA,SMPpv2_dorsal,central_brain
DNpe045,DNp23,SMPpv2_dorsal,central_brain
PV7c11,NA,SMPpv2_dorsal,central_brain
SIP052,SIP052,SMPpv2_dorsal,central_brain
SIP053a,SIP053,SMPpv2_dorsal,central_brain
SIP053b,SIP053,SMPpv2_dorsal,central_brain
SLP355,SLP355,SMPpv2_dorsal,central_brain
SLP368,SLP368,SMPpv2_dorsal,central_brain
SMP252,SMP252,SMPpv2_dorsal,central_brain
SMP253,SMP253,SMPpv2_dorsal,central_brain
SMP254,SMP254,SMPpv2_dorsal,central_brain
SMP255,SMP255,SMPpv2_dorsal,central_brain
CB4243,SMP258,SMPpv2_dorsal,central_brain
CB4243,SMP259,SMPpv2_dorsal,central_brain
CB4243,SMP260,SMPpv2_dorsal,central_brain
CB4243,SMP263,SMPpv2_dorsal,central_brain
CB4243,SMP264,SMPpv2_dorsal,central_brain
CB4243,SMP265,SMPpv2_dorsal,central_brain
CB4242,SMP258,SMPpv2_dorsal,central_brain
CB4242,SMP259,SMPpv2_dorsal,central_brain
CB4242,SMP260,SMPpv2_dorsal,central_brain
CB4242,SMP263,SMPpv2_dorsal,central_brain
CB4242,SMP264,SMPpv2_dorsal,central_brain
CB4242,SMP265,SMPpv2_dorsal,central_brain
SMP258,SMP258,SMPpv2_dorsal,central_brain
SMP258,SMP259,SMPpv2_dorsal,central_brain
SMP258,SMP260,SMPpv2_dorsal,central_brain
SMP258,SMP263,SMPpv2_dorsal,central_brain
SMP258,SMP264,SMPpv2_dorsal,central_brain
SMP258,SMP265,SMPpv2_dorsal,central_brain
SMP261,SMP261,SMPpv2_dorsal,central_brain
SMP262,SMP262,SMPpv2_dorsal,central_brain
SMP272,SMP272,SMPpv2_dorsal,central_brain
SMP276,SMP276,SMPpv2_dorsal,central_brain
SMP582,SMP582,SMPpv2_dorsal,central_brain
SMP251,SMP251,SMPpv2_dorsal,central_brain
SMP273,SMP273,SMPpv2_dorsal,central_brain
SMP262,SMP261,SMPpv2_dorsal,central_brain
DNxn140,NA,SMPpv2_dorsal,central_brain
DNp68,NA,SMPpv2_dorsal,central_brain
DNxn161,NA,SMPpv2_dorsal,central_brain
DNp58,NA,SMPpv2_dorsal,central_brain
DNp23,NA,SMPpv2_dorsal,central_brain
DNp60,NA,SMPpv2_dorsal,central_brain
DNp64,NA,SMPpv2_dorsal,central_brain
DNp67,NA,SMPpv2_dorsal,central_brain
AVLP563,AVLP563,SMPpv2_ventral,central_brain
LAL144a,LAL144,SMPpv2_ventral,central_brain
LAL144b,LAL144,SMPpv2_ventral,central_brain
PLP208,PLP208,SMPpv2_ventral,central_brain
PS180,PS180,SMPpv2_ventral,central_brain
AVLP562,AVLP562,SMPpv2_ventral,central_brain
CL308,CL308,SMPpv2_ventral,central_brain
CL310,CL310,SMPpv2_ventral,central_brain
CL311,CL311,SMPpv2_ventral,central_brain
DNp02,DNp02,SMPpv2_ventral,central_brain
DNp04,DNp04,SMPpv2_ventral,central_brain
DNp06,DNp06,SMPpv2_ventral,central_brain
DNp09,DNp09,SMPpv2_ventral,central_brain
DNp35,PVLP136,SMPpv2_ventral,central_brain
DNp69,CL304,SMPpv2_ventral,central_brain
DNp70,CL305,SMPpv2_ventral,central_brain
DNp71,DNp09,SMPpv2_ventral,central_brain
DNpe021,CL307,SMPpv2_ventral,central_brain
DNpe039,CL306,SMPpv2_ventral,central_brain
DNpe052,AVLP564,SMPpv2_ventral,central_brain
PLP209,PLP209,SMPpv2_ventral,central_brain
PS181,PS181,SMPpv2_ventral,central_brain
PS182,PS182,SMPpv2_ventral,central_brain
PVLP137,PVLP137,SMPpv2_ventral,central_brain
PVLP138,PVLP138,SMPpv2_ventral,central_brain
NA,NA,SMPpv2_ventral,central_brain
CL303,CL303,SMPpv2_ventral,central_brain
CL309,CL309,SMPpv2_ventral,central_brain
LAL143,LAL143,SMPpv2_ventral,central_brain
VES065,VES065,SMPpv2_ventral,central_brain
DNp70,NA,SMPpv2_ventral,central_brain
DNp09,NA,SMPpv2_ventral,central_brain
DNp71,NA,SMPpv2_ventral,central_brain
DNp06,NA,SMPpv2_ventral,central_brain
DNp02,NA,SMPpv2_ventral,central_brain
DNxl076,NA,SMPpv2_ventral,central_brain
DNp35,NA,SMPpv2_ventral,central_brain
DNp04,NA,SMPpv2_ventral,central_brain
DNxn163,NA,SMPpv2_ventral,central_brain
DNp69,NA,SMPpv2_ventral,central_brain
DNxn131,NA,SMPpv2_ventral,central_brain
INXXX464,NA,TBD,ventral_nerve_cord
MNhl02,NA,TBD,ventral_nerve_cord
INXXX466,NA,TBD,ventral_nerve_cord
MNhl66,NA,TBD,ventral_nerve_cord
INXXX053,NA,TBD,ventral_nerve_cord
Acc. tr flexor MN,NA,TBD,ventral_nerve_cord
MNhl62,NA,TBD,ventral_nerve_cord
MNhl61,NA,TBD,ventral_nerve_cord
MNhl64,NA,TBD,ventral_nerve_cord
Sternal adductor MN,NA,TBD,ventral_nerve_cord
MNhl70,NA,TBD,ventral_nerve_cord
MNhl69,NA,TBD,ventral_nerve_cord
MNhl60,NA,TBD,ventral_nerve_cord
Tr extensor MN,NA,TBD,ventral_nerve_cord
MNhl01,NA,TBD,ventral_nerve_cord
Ti extensor MN,NA,TBD,ventral_nerve_cord
ANXXX218,NA,TBD,ventral_nerve_cord
ANXXX255,NA,TBD,ventral_nerve_cord
Ta levator MN,NA,TBD,ventral_nerve_cord
NA,NA,TBD,ventral_nerve_cord
Fe reductor MN,NA,TBD,ventral_nerve_cord
Sternotrochanter MN,NA,TBD,ventral_nerve_cord
Tergotr. MN,NA,TBD,ventral_nerve_cord
INXXX468,NA,TBD,ventral_nerve_cord
MNhl75,NA,TBD,ventral_nerve_cord
MNml10,NA,TBD,ventral_nerve_cord
MNml84,NA,TBD,ventral_nerve_cord
MNml86,NA,TBD,ventral_nerve_cord
INXXX321,NA,TBD,ventral_nerve_cord
MNad22,NA,TBD,ventral_nerve_cord
ENXXX012,NA,TBD,ventral_nerve_cord
INXXX188,NA,TBD,ventral_nerve_cord
INXXX052,NA,TBD,ventral_nerve_cord
INXXX149,NA,TBD,ventral_nerve_cord
INXXX077,NA,TBD,ventral_nerve_cord
MNad17,NA,TBD,ventral_nerve_cord
MNad13,NA,TBD,ventral_nerve_cord
INXXX246,NA,TBD,ventral_nerve_cord
MNad12,NA,TBD,ventral_nerve_cord
MNad58,NA,TBD,ventral_nerve_cord
INXXX137,NA,TBD,ventral_nerve_cord
INXXX158,NA,TBD,ventral_nerve_cord
MNad57,NA,TBD,ventral_nerve_cord
INXXX167,NA,TBD,ventral_nerve_cord
MNad61,NA,TBD,ventral_nerve_cord
INXXX181,NA,TBD,ventral_nerve_cord
INXXX263,NA,TBD,ventral_nerve_cord
MNad09,NA,TBD,ventral_nerve_cord
INXXX197,NA,TBD,ventral_nerve_cord
MNad55,NA,TBD,ventral_nerve_cord
INXXX239,NA,TBD,ventral_nerve_cord
MNad53,NA,TBD,ventral_nerve_cord
MNad11,NA,TBD,ventral_nerve_cord
ENXXX286,NA,TBD,ventral_nerve_cord
INXXX297,NA,TBD,ventral_nerve_cord
INXXX184,NA,TBD,ventral_nerve_cord
INXXX290,NA,TBD,ventral_nerve_cord
INXXX332,NA,TBD,ventral_nerve_cord
INXXX405,NA,TBD,ventral_nerve_cord
INXXX322,NA,TBD,ventral_nerve_cord
INXXX211,NA,TBD,ventral_nerve_cord
INXXX293,NA,TBD,ventral_nerve_cord
MNad49,NA,TBD,ventral_nerve_cord
INXXX258,NA,TBD,ventral_nerve_cord
INXXX262,NA,TBD,ventral_nerve_cord
INXXX456,NA,TBD,ventral_nerve_cord
INXXX212,NA,TBD,ventral_nerve_cord
INXXX230,NA,TBD,ventral_nerve_cord
INXXX221,NA,TBD,ventral_nerve_cord
INXXX352,NA,TBD,ventral_nerve_cord
MNad52,NA,TBD,ventral_nerve_cord
INXXX320,NA,TBD,ventral_nerve_cord
INXXX416,NA,TBD,ventral_nerve_cord
INXXX351,NA,TBD,ventral_nerve_cord
INXXX228,NA,TBD,ventral_nerve_cord
INXXX350,NA,TBD,ventral_nerve_cord
INXXX287,NA,TBD,ventral_nerve_cord
MNad06,NA,TBD,ventral_nerve_cord
INXXX260,NA,TBD,ventral_nerve_cord
INXXX240,NA,TBD,ventral_nerve_cord
INXXX234,NA,TBD,ventral_nerve_cord
INXXX271,NA,TBD,ventral_nerve_cord
INXXX247,NA,TBD,ventral_nerve_cord
INXXX429,NA,TBD,ventral_nerve_cord
INXXX302,NA,TBD,ventral_nerve_cord
INXXX267,NA,TBD,ventral_nerve_cord
MNad08,NA,TBD,ventral_nerve_cord
INXXX225,NA,TBD,ventral_nerve_cord
INXXX397,NA,TBD,ventral_nerve_cord
INXXX268,NA,TBD,ventral_nerve_cord
INXXX265,NA,TBD,ventral_nerve_cord
INXXX257,NA,TBD,ventral_nerve_cord
INXXX396,NA,TBD,ventral_nerve_cord
INXXX305,NA,TBD,ventral_nerve_cord
INXXX440,NA,TBD,ventral_nerve_cord
INXXX275,NA,TBD,ventral_nerve_cord
INXXX279,NA,TBD,ventral_nerve_cord
INXXX285,NA,TBD,ventral_nerve_cord
MNad05,NA,TBD,ventral_nerve_cord
INXXX288,NA,TBD,ventral_nerve_cord
INXXX369,NA,TBD,ventral_nerve_cord
MNad04,NA,TBD,ventral_nerve_cord
MNad03,NA,TBD,ventral_nerve_cord
INXXX328,NA,TBD,ventral_nerve_cord
INXXX394,NA,TBD,ventral_nerve_cord
INXXX282,NA,TBD,ventral_nerve_cord
INXXX292,NA,TBD,ventral_nerve_cord
INXXX243,NA,TBD,ventral_nerve_cord
INXXX283,NA,TBD,ventral_nerve_cord
INXXX209,NA,TBD,ventral_nerve_cord
INXXX319,NA,TBD,ventral_nerve_cord
INXXX348,NA,TBD,ventral_nerve_cord
INXXX301,NA,TBD,ventral_nerve_cord
INXXX446,NA,TBD,ventral_nerve_cord
INXXX334,NA,TBD,ventral_nerve_cord
INXXX372,NA,TBD,ventral_nerve_cord
INXXX253,NA,TBD,ventral_nerve_cord
INXXX223,NA,TBD,ventral_nerve_cord
INXXX309,NA,TBD,ventral_nerve_cord
INXXX329,NA,TBD,ventral_nerve_cord
INXXX324,NA,TBD,ventral_nerve_cord
INXXX303,NA,TBD,ventral_nerve_cord
INXXX336,NA,TBD,ventral_nerve_cord
INXXX378,NA,TBD,ventral_nerve_cord
INXXX317,NA,TBD,ventral_nerve_cord
INXXX325,NA,TBD,ventral_nerve_cord
INXXX363,NA,TBD,ventral_nerve_cord
INXXX315,NA,TBD,ventral_nerve_cord
INXXX345,NA,TBD,ventral_nerve_cord
INXXX343,NA,TBD,ventral_nerve_cord
INXXX364,NA,TBD,ventral_nerve_cord
INXXX353,NA,TBD,ventral_nerve_cord
INXXX281,NA,TBD,ventral_nerve_cord
INXXX326,NA,TBD,ventral_nerve_cord
INXXX244,NA,TBD,ventral_nerve_cord
INXXX273,NA,TBD,ventral_nerve_cord
INXXX346,NA,TBD,ventral_nerve_cord
INXXX256,NA,TBD,ventral_nerve_cord
INXXX354,NA,TBD,ventral_nerve_cord
INXXX217,NA,TBD,ventral_nerve_cord
INXXX299,NA,TBD,ventral_nerve_cord
MNad01,NA,TBD,ventral_nerve_cord
INXXX385,NA,TBD,ventral_nerve_cord
INXXX366,NA,TBD,ventral_nerve_cord
INXXX374,NA,TBD,ventral_nerve_cord
MNad02,NA,TBD,ventral_nerve_cord
INXXX360,NA,TBD,ventral_nerve_cord
INXXX375,NA,TBD,ventral_nerve_cord
INXXX393,NA,TBD,ventral_nerve_cord
INXXX379,NA,TBD,ventral_nerve_cord
INXXX381,NA,TBD,ventral_nerve_cord
INXXX316,NA,TBD,ventral_nerve_cord
INXXX333,NA,TBD,ventral_nerve_cord
INXXX448,NA,TBD,ventral_nerve_cord
INXXX388,NA,TBD,ventral_nerve_cord
INXXX382,NA,TBD,ventral_nerve_cord
INXXX370,NA,TBD,ventral_nerve_cord
INXXX399,NA,TBD,ventral_nerve_cord
INXXX392,NA,TBD,ventral_nerve_cord
INXXX395,NA,TBD,ventral_nerve_cord
MNad16,NA,TBD,ventral_nerve_cord
INXXX421,NA,TBD,ventral_nerve_cord
INXXX373,NA,TBD,ventral_nerve_cord
INXXX407,NA,TBD,ventral_nerve_cord
INXXX400,NA,TBD,ventral_nerve_cord
INXXX409,NA,TBD,ventral_nerve_cord
INXXX331,NA,TBD,ventral_nerve_cord
INXXX417,NA,TBD,ventral_nerve_cord
INXXX295,NA,TBD,ventral_nerve_cord
INXXX418,NA,TBD,ventral_nerve_cord
INXXX406,NA,TBD,ventral_nerve_cord
INXXX415,NA,TBD,ventral_nerve_cord
INXXX349,NA,TBD,ventral_nerve_cord
INXXX386,NA,TBD,ventral_nerve_cord
INXXX424,NA,TBD,ventral_nerve_cord
INXXX426,NA,TBD,ventral_nerve_cord
INXXX414,NA,TBD,ventral_nerve_cord
INXXX431,NA,TBD,ventral_nerve_cord
INXXX427,NA,TBD,ventral_nerve_cord
INXXX401,NA,TBD,ventral_nerve_cord
INXXX411,NA,TBD,ventral_nerve_cord
INXXX428,NA,TBD,ventral_nerve_cord
INXXX403,NA,TBD,ventral_nerve_cord
INXXX430,NA,TBD,ventral_nerve_cord
INXXX442,NA,TBD,ventral_nerve_cord
INXXX377,NA,TBD,ventral_nerve_cord
INXXX436,NA,TBD,ventral_nerve_cord
INXXX402,NA,TBD,ventral_nerve_cord
INXXX444,NA,TBD,ventral_nerve_cord
INXXX438,NA,TBD,ventral_nerve_cord
INXXX441,NA,TBD,ventral_nerve_cord
INXXX443,NA,TBD,ventral_nerve_cord
INXXX450,NA,TBD,ventral_nerve_cord
INXXX454,NA,TBD,ventral_nerve_cord
INXXX452,NA,TBD,ventral_nerve_cord
INXXX460,NA,TBD,ventral_nerve_cord
INXXX439,NA,TBD,ventral_nerve_cord
INXXX451,NA,TBD,ventral_nerve_cord
INXXX449,NA,TBD,ventral_nerve_cord
INXXX447,NA,TBD,ventral_nerve_cord
INXXX459,NA,TBD,ventral_nerve_cord
INXXX458,NA,TBD,ventral_nerve_cord
INXXX455,NA,TBD,ventral_nerve_cord
INXXX457,NA,TBD,ventral_nerve_cord
INXXX398,NA,TBD,ventral_nerve_cord
INXXX357,NA,TBD,ventral_nerve_cord
MNfl10,NA,TBD,ventral_nerve_cord
INXXX100,NA,TBD,ventral_nerve_cord
INXXX213,NA,TBD,ventral_nerve_cord
INXXX087,NA,TBD,ventral_nerve_cord
INXXX231,NA,TBD,ventral_nerve_cord
INXXX269,NA,TBD,ventral_nerve_cord
INXXX215,NA,TBD,ventral_nerve_cord
INXXX227,NA,TBD,ventral_nerve_cord
INXXX306,NA,TBD,ventral_nerve_cord
INXXX307,NA,TBD,ventral_nerve_cord
INXXX365,NA,TBD,ventral_nerve_cord
INXXX341,NA,TBD,ventral_nerve_cord
INXXX420,NA,TBD,ventral_nerve_cord
INXXX124,NA,TBD,ventral_nerve_cord
INXXX058,NA,TBD,ventral_nerve_cord
INXXX019,NA,TBD,ventral_nerve_cord
INXXX220,NA,TBD,ventral_nerve_cord
INXXX232,NA,TBD,ventral_nerve_cord
INXXX391,NA,TBD,ventral_nerve_cord
INXXX412,NA,TBD,ventral_nerve_cord
ANXXX470,NA,TBD,ventral_nerve_cord
ANXXX462,NA,TBD,ventral_nerve_cord
Pleural remotor/abductor MN,NA,TBD,ventral_nerve_cord
ANXXX169,NA,TBD,ventral_nerve_cord
MNhl74,NA,TBD,ventral_nerve_cord
MNhl72,NA,TBD,ventral_nerve_cord
INXXX135,NA,TBD,ventral_nerve_cord
Tergopleural/Pleural promotor MN,NA,TBD,ventral_nerve_cord
Sternal anterior rotator MN,NA,TBD,ventral_nerve_cord
MNad54,NA,TBD,ventral_nerve_cord
INXXX032,NA,TBD,ventral_nerve_cord
INXXX204,NA,TBD,ventral_nerve_cord
INXXX110,NA,TBD,ventral_nerve_cord
INXXX027,NA,TBD,ventral_nerve_cord
INXXX007,NA,TBD,ventral_nerve_cord
INXXX138,NA,TBD,ventral_nerve_cord
INXXX159,NA,TBD,ventral_nerve_cord
INXXX119,NA,TBD,ventral_nerve_cord
MNad39,NA,TBD,ventral_nerve_cord
INXXX035,NA,TBD,ventral_nerve_cord
INXXX039,NA,TBD,ventral_nerve_cord
INXXX073,NA,TBD,ventral_nerve_cord
INXXX147,NA,TBD,ventral_nerve_cord
INXXX251,NA,TBD,ventral_nerve_cord
INXXX390,NA,TBD,ventral_nerve_cord
INXXX423,NA,TBD,ventral_nerve_cord
INXXX294,NA,TBD,ventral_nerve_cord
ANXXX049,NA,TBD,ventral_nerve_cord
ANXXX148,NA,TBD,ventral_nerve_cord
ANXXX098,NA,TBD,ventral_nerve_cord
INXXX045,NA,TBD,ventral_nerve_cord
ANXXX092,NA,TBD,ventral_nerve_cord
INXXX280,NA,TBD,ventral_nerve_cord
INXXX419,NA,TBD,ventral_nerve_cord
ANXXX433,NA,TBD,ventral_nerve_cord
ANXXX130,NA,TBD,ventral_nerve_cord
INXXX101,NA,TBD,ventral_nerve_cord
ENXXX226,NA,TBD,ventral_nerve_cord
ANXXX200,NA,TBD,ventral_nerve_cord
MNhl88,NA,TBD,ventral_nerve_cord
ANXXX002,NA,TBD,ventral_nerve_cord
INXXX261,NA,TBD,ventral_nerve_cord
INXXX022,NA,TBD,ventral_nerve_cord
INXXX008,NA,TBD,ventral_nerve_cord
INXXX192,NA,TBD,ventral_nerve_cord
INXXX206,NA,TBD,ventral_nerve_cord
INXXX387,NA,TBD,ventral_nerve_cord
ANXXX171,NA,TBD,ventral_nerve_cord
ANXXX072,NA,TBD,ventral_nerve_cord
INXXX078,NA,TBD,ventral_nerve_cord
ANXXX026,NA,TBD,ventral_nerve_cord
ANXXX202,NA,TBD,ventral_nerve_cord
ANXXX250,NA,TBD,ventral_nerve_cord
INXXX083,NA,TBD,ventral_nerve_cord
ANXXX027,NA,TBD,ventral_nerve_cord
ANXXX116,NA,TBD,ventral_nerve_cord
MNad21,NA,TBD,ventral_nerve_cord
INXXX194,NA,TBD,ventral_nerve_cord
MNad42,NA,TBD,ventral_nerve_cord
INXXX237,NA,TBD,ventral_nerve_cord
INXXX304,NA,TBD,ventral_nerve_cord
INXXX062,NA,TBD,ventral_nerve_cord
ANXXX019,NA,TBD,ventral_nerve_cord
INXXX173,NA,TBD,ventral_nerve_cord
ANXXX006,NA,TBD,ventral_nerve_cord
ANXXX145,NA,TBD,ventral_nerve_cord
ANXXX362,NA,TBD,ventral_nerve_cord
ANXXX170,NA,TBD,ventral_nerve_cord
MNad27,NA,TBD,ventral_nerve_cord
INXXX133,NA,TBD,ventral_nerve_cord
INXXX095,NA,TBD,ventral_nerve_cord
INXXX224,NA,TBD,ventral_nerve_cord
INXXX076,NA,TBD,ventral_nerve_cord
ANXXX144,NA,TBD,ventral_nerve_cord
ANXXX127,NA,TBD,ventral_nerve_cord
INXXX054,NA,TBD,ventral_nerve_cord
ANXXX157,NA,TBD,ventral_nerve_cord
ANXXX093,NA,TBD,ventral_nerve_cord
INXXX111,NA,TBD,ventral_nerve_cord
INXXX347,NA,TBD,ventral_nerve_cord
INXXX384,NA,TBD,ventral_nerve_cord
INXXX134,NA,TBD,ventral_nerve_cord
ANXXX178,NA,TBD,ventral_nerve_cord
INXXX003,NA,TBD,ventral_nerve_cord
INXXX300,NA,TBD,ventral_nerve_cord
INXXX126,NA,TBD,ventral_nerve_cord
INXXX096,NA,TBD,ventral_nerve_cord
INXXX161,NA,TBD,ventral_nerve_cord
MNad65,NA,TBD,ventral_nerve_cord
ANXXX024,NA,TBD,ventral_nerve_cord
INXXX029,NA,TBD,ventral_nerve_cord
INXXX469,NA,TBD,ventral_nerve_cord
INXXX063,NA,TBD,ventral_nerve_cord
ANXXX380,NA,TBD,ventral_nerve_cord
ANXXX191,NA,TBD,ventral_nerve_cord
ANXXX102,NA,TBD,ventral_nerve_cord
ANXXX174,NA,TBD,ventral_nerve_cord
ANXXX084,NA,TBD,ventral_nerve_cord
INXXX238,NA,TBD,ventral_nerve_cord
ANXXX074,NA,TBD,ventral_nerve_cord
INXXX129,NA,TBD,ventral_nerve_cord
MNad18,NA,TBD,ventral_nerve_cord
INXXX252,NA,TBD,ventral_nerve_cord
ANXXX120,NA,TBD,ventral_nerve_cord
ANXXX106,NA,TBD,ventral_nerve_cord
INXXX153,NA,TBD,ventral_nerve_cord
ANXXX090,NA,TBD,ventral_nerve_cord
ANXXX404,NA,TBD,ventral_nerve_cord
INXXX114,NA,TBD,ventral_nerve_cord
ANXXX005,NA,TBD,ventral_nerve_cord
ANXXX131,NA,TBD,ventral_nerve_cord
INXXX065,NA,TBD,ventral_nerve_cord
INXXX180,NA,TBD,ventral_nerve_cord
INXXX107,NA,TBD,ventral_nerve_cord
INXXX122,NA,TBD,ventral_nerve_cord
ANXXX043,NA,TBD,ventral_nerve_cord
ANXXX264,NA,TBD,ventral_nerve_cord
MNxm02,NA,TBD,ventral_nerve_cord
INXXX143,NA,TBD,ventral_nerve_cord
ANXXX308,NA,TBD,ventral_nerve_cord
STTMm,NA,TBD,ventral_nerve_cord
ANXXX150,NA,TBD,ventral_nerve_cord
INXXX064,NA,TBD,ventral_nerve_cord
INXXX121,NA,TBD,ventral_nerve_cord
INXXX140,NA,TBD,ventral_nerve_cord
INXXX235,NA,TBD,ventral_nerve_cord
INXXX276,NA,TBD,ventral_nerve_cord
INXXX337,NA,TBD,ventral_nerve_cord
INXXX355,NA,TBD,ventral_nerve_cord
INXXX437,NA,TBD,ventral_nerve_cord
ANXXX007,NA,TBD,ventral_nerve_cord
ANXXX033,NA,TBD,ventral_nerve_cord
INXXX042,NA,TBD,ventral_nerve_cord
INXXX089,NA,TBD,ventral_nerve_cord
ANXXX434,NA,TBD,ventral_nerve_cord
ANXXX013,NA,TBD,ventral_nerve_cord
INXXX056,NA,TBD,ventral_nerve_cord
ANXXX023,NA,TBD,ventral_nerve_cord
INXXX036,NA,TBD,ventral_nerve_cord
INXXX048,NA,TBD,ventral_nerve_cord
INXXX270,NA,TBD,ventral_nerve_cord
ANXXX050,NA,TBD,ventral_nerve_cord
MNad51,NA,TBD,ventral_nerve_cord
INXXX104,NA,TBD,ventral_nerve_cord
ANXXX445,NA,TBD,ventral_nerve_cord
ANXXX453,NA,TBD,ventral_nerve_cord
ANXXX068,NA,TBD,ventral_nerve_cord
ANXXX109,NA,TBD,ventral_nerve_cord
ANXXX055,NA,TBD,ventral_nerve_cord
INXXX091,NA,TBD,ventral_nerve_cord
INXXX242,NA,TBD,ventral_nerve_cord
ANXXX086,NA,TBD,ventral_nerve_cord
INXXX066,NA,TBD,ventral_nerve_cord
ANXXX071,NA,TBD,ventral_nerve_cord
ANXXX099,NA,TBD,ventral_nerve_cord
EAXXX079,NA,TBD,ventral_nerve_cord
INXXX339,NA,TBD,ventral_nerve_cord
INXXX179,NA,TBD,ventral_nerve_cord
INXXX199,NA,TBD,ventral_nerve_cord
MNad43,NA,TBD,ventral_nerve_cord
INXXX335,NA,TBD,ventral_nerve_cord
INXXX284,NA,TBD,ventral_nerve_cord
CvNA1,NA,TBD,ventral_nerve_cord
ANXXX030,NA,TBD,ventral_nerve_cord
MNad14,NA,TBD,ventral_nerve_cord
MNxm03,NA,TBD,ventral_nerve_cord
INXXX031,NA,TBD,ventral_nerve_cord
INXXX233,NA,TBD,ventral_nerve_cord
INXXX241,NA,TBD,ventral_nerve_cord
MNml81,NA,TBD,ventral_nerve_cord
MNad26,NA,TBD,ventral_nerve_cord
MNad25,NA,TBD,ventral_nerve_cord
INXXX038,NA,TBD,ventral_nerve_cord
INXXX112,NA,TBD,ventral_nerve_cord
MNad15,NA,TBD,ventral_nerve_cord
ANXXX139,NA,TBD,ventral_nerve_cord
INXXX034,NA,TBD,ventral_nerve_cord
ANXXX152,NA,TBD,ventral_nerve_cord
ANXXX368,NA,TBD,ventral_nerve_cord
INXXX115,NA,TBD,ventral_nerve_cord
INXXX376,NA,TBD,ventral_nerve_cord
INXXX340,NA,TBD,ventral_nerve_cord
INXXX359,NA,TBD,ventral_nerve_cord
INXXX383,NA,TBD,ventral_nerve_cord
MNad29,NA,TBD,ventral_nerve_cord
ANXXX082,NA,TBD,ventral_nerve_cord
ANXXX057,NA,TBD,ventral_nerve_cord
ANXXX410,NA,TBD,ventral_nerve_cord
MNad56,NA,TBD,ventral_nerve_cord
INXXX004,NA,TBD,ventral_nerve_cord
ANXXX214,NA,TBD,ventral_nerve_cord
ANXXX132,NA,TBD,ventral_nerve_cord
MNad23,NA,TBD,ventral_nerve_cord
MNad69,NA,TBD,ventral_nerve_cord
MNad68,NA,TBD,ventral_nerve_cord
MNad67,NA,TBD,ventral_nerve_cord
MNad66,NA,TBD,ventral_nerve_cord
MNad64,NA,TBD,ventral_nerve_cord
MNad20,NA,TBD,ventral_nerve_cord
MNad62,NA,TBD,ventral_nerve_cord
MNad50,NA,TBD,ventral_nerve_cord
MNad48,NA,TBD,ventral_nerve_cord
MNad46,NA,TBD,ventral_nerve_cord
MNhl71,NA,TBD,ventral_nerve_cord
CvNA2,NA,TBD,ventral_nerve_cord
ENXXX128,NA,TBD,ventral_nerve_cord
MNad38,NA,TBD,ventral_nerve_cord
INXXX245,NA,TBD,ventral_nerve_cord
INXXX408,NA,TBD,ventral_nerve_cord
INXXX084,NA,TBD,ventral_nerve_cord
ANXXX046,NA,TBD,ventral_nerve_cord
INXXX201,NA,TBD,ventral_nerve_cord
ANXXX094,NA,TBD,ventral_nerve_cord
MNhl59,NA,TBD,ventral_nerve_cord
INXXX193,NA,TBD,ventral_nerve_cord
ANXXX165,NA,TBD,ventral_nerve_cord
ANXXX108,NA,TBD,ventral_nerve_cord
INXXX216,NA,TBD,ventral_nerve_cord
MNad44,NA,TBD,ventral_nerve_cord
ANXXX313,NA,TBD,ventral_nerve_cord
ANXXX323,NA,TBD,ventral_nerve_cord
MNad37,NA,TBD,ventral_nerve_cord
INXXX198,NA,TBD,ventral_nerve_cord
ANXXX318,NA,TBD,ventral_nerve_cord
INXXX310,NA,TBD,ventral_nerve_cord
INXXX044,NA,TBD,ventral_nerve_cord
INXXX142,NA,TBD,ventral_nerve_cord
ANXXX008,NA,TBD,ventral_nerve_cord
INXXX266,NA,TBD,ventral_nerve_cord
ANXXX254,NA,TBD,ventral_nerve_cord
INXXX069,NA,TBD,ventral_nerve_cord
INXXX467,NA,TBD,ventral_nerve_cord
MNad63,NA,TBD,ventral_nerve_cord
MNad24,NA,TBD,ventral_nerve_cord
MNad30,NA,TBD,ventral_nerve_cord
ANXXX075,NA,TBD,ventral_nerve_cord
INXXX183,NA,TBD,ventral_nerve_cord
INXXX249,NA,TBD,ventral_nerve_cord
INXXX011,NA,TBD,ventral_nerve_cord
MNad59,NA,TBD,ventral_nerve_cord
ANXXX296,NA,TBD,ventral_nerve_cord
ANXXX136,NA,TBD,ventral_nerve_cord
INXXX146,NA,TBD,ventral_nerve_cord
INXXX025,NA,TBD,ventral_nerve_cord
ANXXX154,NA,TBD,ventral_nerve_cord
ANXXX041,NA,TBD,ventral_nerve_cord
INXXX425,NA,TBD,ventral_nerve_cord
ANXXX037,NA,TBD,ventral_nerve_cord
INXXX219,NA,TBD,ventral_nerve_cord
ANXXX151,NA,TBD,ventral_nerve_cord
INXXX023,NA,TBD,ventral_nerve_cord
ANXXX338,NA,TBD,ventral_nerve_cord
ANXXX196,NA,TBD,ventral_nerve_cord
CB0840,NA,TRdl_a,central_brain
CB1267,NA,TRdl_a,central_brain
CB1295,NA,TRdl_a,central_brain
CB1643,NA,TRdl_a,central_brain
CB1718,NA,TRdl_a,central_brain
CB2303,NA,TRdl_a,central_brain
CB3156,NA,TRdl_a,central_brain
CB3267,NA,TRdl_a,central_brain
CB3656,NA,TRdl_a,central_brain
CB3713,NA,TRdl_a,central_brain
CB3645,NA,TRdl_a__prim,central_brain
CB2551,NA,TRdl_b,central_brain
CB0184,NA,TRdl_b,central_brain
CB0512,NA,TRdl_b,central_brain
CB1040,NA,TRdl_b,central_brain
CB1043,NA,TRdl_b,central_brain
CB1376,NA,TRdl_b,central_brain
CB2128,NA,TRdl_b,central_brain
CB2455,NA,TRdl_b,central_brain
CB2780,NA,TRdl_b,central_brain
CB2811,NA,TRdl_b,central_brain
CB2921,NA,TRdl_b,central_brain
CB3146,NA,TRdl_b,central_brain
CB3239,NA,TRdl_b,central_brain
CB3474,NA,TRdl_b,central_brain
CB3669,NA,TRdl_b,central_brain
CB0546,NA,TRdl_b,central_brain
CB0736,NA,TRdl_b,central_brain
CB0883,NA,TRdl_b,central_brain
CB0902,NA,TRdl_b,central_brain
CB1898,NA,TRdl_b,central_brain
CB0117,NA,TRdl_b,central_brain
CB0323,NA,TRdl_b,central_brain
CB0328,NA,TRdl_b,central_brain
CB0349,NA,TRdl_b,central_brain
CB0437,NA,TRdl_b,central_brain
CB0518,NA,TRdl_b,central_brain
CB0907,NA,TRdl_b,central_brain
CB1120,NA,TRdl_b,central_brain
CB1199,NA,TRdl_b,central_brain
CB1203,NA,TRdl_b,central_brain
CB1232,NA,TRdl_b,central_brain
CB1568,NA,TRdl_b,central_brain
CB1597,NA,TRdl_b,central_brain
CB1741,NA,TRdl_b,central_brain
CB1822,NA,TRdl_b,central_brain
CB1985,NA,TRdl_b,central_brain
CB2065,NA,TRdl_b,central_brain
CB2265,NA,TRdl_b,central_brain
CB2526,NA,TRdl_b,central_brain
CB2647,NA,TRdl_b,central_brain
CB2702,NA,TRdl_b,central_brain
CB2864,NA,TRdl_b,central_brain
CB2926,NA,TRdl_b,central_brain
CB3211,NA,TRdl_b,central_brain
CB3254,NA,TRdl_b,central_brain
CB3256,NA,TRdl_b,central_brain
CB3429,NA,TRdl_b,central_brain
CB3465,NA,TRdl_b,central_brain
CB3493,NA,TRdl_b,central_brain
CB3674,NA,TRdl_b,central_brain
CB3699,NA,TRdl_b,central_brain
CB0246,NA,TRdl_b__prim,central_brain
CB0247,NA,TRdl_b__prim,central_brain
CB0560,NA,TRdl_b__prim,central_brain
CB0417,NA,TRdm,central_brain
CB0526,NA,TRdm,central_brain
CB0541,NA,TRdm,central_brain
CB0727,NA,TRdm,central_brain
CB0878,NA,TRdm,central_brain
CB1036,NA,TRdm,central_brain
CB1303,NA,TRdm,central_brain
CB1488,NA,TRdm,central_brain
CB1517,NA,TRdm,central_brain
CB1778,NA,TRdm,central_brain
CB2054,NA,TRdm,central_brain
CB2233,NA,TRdm,central_brain
CB2456,NA,TRdm,central_brain
CB2644,NA,TRdm,central_brain
CB2718,NA,TRdm,central_brain
CB2962,NA,TRdm,central_brain
CB2968,NA,TRdm,central_brain
CB3032,NA,TRdm,central_brain
CB3279,NA,TRdm,central_brain
CB3346,NA,TRdm,central_brain
CB3353,NA,TRdm,central_brain
CB3401,NA,TRdm,central_brain
CB3426,NA,TRdm,central_brain
CB3463,NA,TRdm,central_brain
CB3809,NA,TRdm,central_brain
CB0022,NA,TRdm,central_brain
CB0110,NA,TRdm,central_brain
CB0217,NA,TRdm,central_brain
CB0498,NA,TRdm,central_brain
CB1304,NA,TRdm,central_brain
CB2055,NA,TRdm,central_brain
CB2198,NA,TRdm,central_brain
CB2548,NA,TRdm,central_brain
CB3151,NA,TRdm,central_brain
CB3153,NA,TRdm,central_brain
CB3189,NA,TRdm,central_brain
CB3242,NA,TRdm,central_brain
CB3325,NA,TRdm,central_brain
CB3351,NA,TRdm,central_brain
CB3378,NA,TRdm,central_brain
CB3388,NA,TRdm,central_brain
CB3438,NA,TRdm,central_brain
CB3562,NA,TRdm,central_brain
CB3565,NA,TRdm,central_brain
CB3593,NA,TRdm,central_brain
CB3632,NA,TRdm,central_brain
CB3659,NA,TRdm,central_brain
CB3670,NA,TRdm,central_brain
CB0364,NA,TRdm,central_brain
CB2962a,NA,TRdm,central_brain
NA,NA,Unknown,ventral_nerve_cord
CB0249,NA,VESa1,central_brain
CB0309,NA,VESa1,central_brain
CB0550,NA,VESa1,central_brain
CB0627,hb702618710,VESa1,central_brain
CB0632,hb1815947603,VESa1,central_brain
CB0653,hb608166388,VESa1,central_brain
CB0984,NA,VESa1,central_brain
CB1122,NA,VESa1,central_brain
CB1452,NA,VESa1,central_brain
CB1319,NA,VESa1,central_brain
CB1418,NA,VESa1,central_brain
CB1941,NA,VESa1,central_brain
CB2126,hb5813078030,VESa1,central_brain
CB2391,NA,VESa1,central_brain
CB2420,NA,VESa1,central_brain
CB2630,NA,VESa1,central_brain
CB2663,NA,VESa1,central_brain
CB3323,NA,VESa1,central_brain
CB3419,NA,VESa1,central_brain
CB3547,NA,VESa1,central_brain
CB3587,NA,VESa1,central_brain
CB3599,NA,VESa1,central_brain
CB3643,NA,VESa1,central_brain
SAD074,SAD074,VESa1,central_brain
VESa1_P02,hb1663021115,VESa1,central_brain
CB0563,NA,VESa1,central_brain
CB3707,SAD073,VESa1,central_brain
SAD075,SAD075,VESa1,central_brain
CB1086,VES033,VESa2,central_brain
CB1087,NA,VESa2,central_brain
CB1414,VES031,VESa2,central_brain
CB1472,AVLP463,VESa2,central_brain
CB1580,NA,VESa2,central_brain
CB1584,VES031,VESa2,central_brain
CB1891,VES034_b,VESa2,central_brain
CB1936,AVLP463,VESa2,central_brain
CB2056,NA,VESa2,central_brain
CB2567,VES037,VESa2,central_brain
CB3196,VES033,VESa2,central_brain
H03,PLP076,VESa2,central_brain
VESa2_H04,SAD071,VESa2,central_brain
H01,IB014,VESa2,central_brain
VESa2_P01,SLP243,VESa2,central_brain
cL22a,IB013,VESa2,central_brain
CB1077,NA,VESa2,central_brain
CB2583,NA,VESa2,central_brain
CB2594,VES032,VESa2,central_brain
VESa2_H02,PLP074,VESa2,central_brain
VESa2__0,NA,VESa2,central_brain
AVLP283,AVLP283,VLPa1_lateral,central_brain
CB4236,AVLP283,VLPa1_lateral,central_brain
AVLP284,AVLP284,VLPa1_lateral,central_brain
AVLP287,AVLP287,VLPa1_lateral,central_brain
AVLP288,AVLP288,VLPa1_lateral,central_brain
AVLP292,AVLP292,VLPa1_lateral,central_brain
AVLP293,AVLP293,VLPa1_lateral,central_brain
AVLP294,AVLP294,VLPa1_lateral,central_brain
AVLP295,AVLP295,VLPa1_lateral,central_brain
AVLP297,AVLP297,VLPa1_lateral,central_brain
AVLP299_a,AVLP299_a,VLPa1_lateral,central_brain
AVLP299_b,AVLP299_b,VLPa1_lateral,central_brain
AVLP299_c,AVLP299_c,VLPa1_lateral,central_brain
AVLP300_a,AVLP300_a,VLPa1_lateral,central_brain
AVLP300_b,AVLP300_b,VLPa1_lateral,central_brain
AVLP303,AVLP303,VLPa1_lateral,central_brain
AVLP304,AVLP304,VLPa1_lateral,central_brain
AVLP305,AVLP305,VLPa1_lateral,central_brain
AVLP308,AVLP308,VLPa1_lateral,central_brain
AVLP411,AVLP309,VLPa1_lateral,central_brain
AVLP310a,AVLP310,VLPa1_lateral,central_brain
AVLP310b,AVLP310,VLPa1_lateral,central_brain
CB1193,NA,VLPa1_lateral,central_brain
CB1211,NA,VLPa1_lateral,central_brain
CB1906,NA,VLPa1_lateral,central_brain
CB2171,NA,VLPa1_lateral,central_brain
CB3638,NA,VLPa1_lateral,central_brain
CB3675,NA,VLPa1_lateral,central_brain
CB3684,NA,VLPa1_lateral,central_brain
AVLP302,AVLP302,VLPa1_lateral,central_brain
AVLP282,AVLP282,VLPa1_lateral,central_brain
AVLP290a,AVLP290,VLPa1_lateral,central_brain
AVLP290b,AVLP290,VLPa1_lateral,central_brain
AVLP298,AVLP298,VLPa1_lateral,central_brain
AVLP309,AVLP309,VLPa1_lateral,central_brain
CB2164,NA,VLPa1_lateral,central_brain
CB2424,NA,VLPa1_lateral,central_brain
CB3368,NA,VLPa1_lateral,central_brain
CB3705,NA,VLPa1_lateral,central_brain
CB4236,AVLP311_a,VLPa1_lateral,central_brain
AVLP286,AVLP286,VLPa1_lateral,central_brain
CB3657,NA,VLPa1_lateral,central_brain
AVLP306,AVLP306,VLPa1_lateral,central_brain
CB3607,NA,VLPa1_lateral,central_brain
CB3693,NA,VLPa1_lateral,central_brain
CB1382,aSP10C_a,VLPa1_medial,central_brain
CB1085,AVLP413,VLPa1_medial,central_brain
CB1085,AVLP412,VLPa1_medial,central_brain
CB1085,AVLP414,VLPa1_medial,central_brain
CB1783,aSP10A,VLPa1_medial,central_brain
CB1090,aSP10A,VLPa1_medial,central_brain
CB1221,AVLP413,VLPa1_medial,central_brain
CB1221,AVLP412,VLPa1_medial,central_brain
CB1221,AVLP414,VLPa1_medial,central_brain
CB1259,aSP10B,VLPa1_medial,central_brain
CB2376,aSP10C_b,VLPa1_medial,central_brain
CB3269,NA,VLPa1_medial,central_brain
CB3313,aSP10A,VLPa1_medial,central_brain
CB3589,aSP10B,VLPa1_medial,central_brain
CB3628,AVLP413,VLPa1_medial,central_brain
CB3628,AVLP412,VLPa1_medial,central_brain
CB3628,AVLP414,VLPa1_medial,central_brain
SMP160,SMP160,VLPa1_medial,central_brain
SMP161,SMP161,VLPa1_medial,central_brain
SMP162a,SMP162,VLPa1_medial,central_brain
SMP162b,SMP162,VLPa1_medial,central_brain
SMP162c,SMP162,VLPa1_medial,central_brain
CB1301,AVLP413,VLPa1_medial,central_brain
CB1301,AVLP412,VLPa1_medial,central_brain
CB1301,AVLP414,VLPa1_medial,central_brain
CB2068,AVLP413,VLPa1_medial,central_brain
CB2068,AVLP412,VLPa1_medial,central_brain
CB2068,AVLP414,VLPa1_medial,central_brain
CB2248,aSP10B,VLPa1_medial,central_brain
AVLP200,AVLP200,VLPa2,central_brain
AVLP201,AVLP201,VLPa2,central_brain
PVLP027,AVLP202,VLPa2,central_brain
AVLP203,AVLP203,VLPa2,central_brain
AVLP205a,AVLP205,VLPa2,central_brain
AVLP205b,AVLP205,VLPa2,central_brain
CB0115,NA,VLPa2,central_brain
CB0140,NA,VLPa2,central_brain
CB0346,NA,VLPa2,central_brain
CB0352,NA,VLPa2,central_brain
CB0414,NA,VLPa2,central_brain
CB0743,NA,VLPa2,central_brain
CB0744,NA,VLPa2,central_brain
VLPa2__0,NA,VLPa2,central_brain
CB1088,NA,VLPa2,central_brain
CB1129,NA,VLPa2,central_brain
CB1130,NA,VLPa2,central_brain
CB1428,NA,VLPa2,central_brain
CB1502,NA,VLPa2,central_brain
CB1507,NA,VLPa2,central_brain
CB1544,NA,VLPa2,central_brain
CB1562,NA,VLPa2,central_brain
CB1765,NA,VLPa2,central_brain
CB2175,NA,VLPa2,central_brain
CB2254,NA,VLPa2,central_brain
CB2261,NA,VLPa2,central_brain
CB2278,NA,VLPa2,central_brain
CB2426,NA,VLPa2,central_brain
CB2604,NA,VLPa2,central_brain
CB2676,NA,VLPa2,central_brain
CB2853,NA,VLPa2,central_brain
CB3297,NA,VLPa2,central_brain
CB3335,NA,VLPa2,central_brain
CB3411,NA,VLPa2,central_brain
CB3416,PVLP031,VLPa2,central_brain
CB3483,NA,VLPa2,central_brain
CB3513b,NA,VLPa2,central_brain
CB3513a,NA,VLPa2,central_brain
CB3549,NA,VLPa2,central_brain
CB3582,NA,VLPa2,central_brain
CB3652,NA,VLPa2,central_brain
CB3685,NA,VLPa2,central_brain
PVLP017,PVLP017,VLPa2,central_brain
PVLP020,PVLP020,VLPa2,central_brain
PVLP021,PVLP021,VLPa2,central_brain
PVLP022,PVLP022,VLPa2,central_brain
PVLP024,PVLP024,VLPa2,central_brain
PVLP025,PVLP025,VLPa2,central_brain
PVLP026,PVLP027,VLPa2,central_brain
PVLP028,PVLP028,VLPa2,central_brain
PVLP033,PVLP033,VLPa2,central_brain
PVLP036,PVLP036,VLPa2,central_brain
PVLP037,PVLP037,VLPa2,central_brain
PVLP048,PVLP048,VLPa2,central_brain
SAD013,SAD013,VLPa2,central_brain
SAD014,SAD014,VLPa2,central_brain
"SAD015,SAD018",SAD015,VLPa2,central_brain
"SAD015,SAD018",SAD018,VLPa2,central_brain
SAD016,SAD016,VLPa2,central_brain
SAD017,SAD017,VLPa2,central_brain
NA,NA,VLPa2,central_brain
cM19,PVLP046,VLPa2,central_brain
AVLP202,AVLP202,VLPa2,central_brain
CB3544,NA,VLPa2,central_brain
PVLP018,PVLP018,VLPa2,central_brain
AVLP055,AVLP055,VLPd&p1_dorsal,central_brain
CB0829,NA,VLPd&p1_dorsal,central_brain
CB1499,NA,VLPd&p1_dorsal,central_brain
CB3020,NA,VLPd&p1_dorsal,central_brain
CB3227,NA,VLPd&p1_dorsal,central_brain
CB3315,NA,VLPd&p1_dorsal,central_brain
CB3406,NA,VLPd&p1_dorsal,central_brain
CB3414,NA,VLPd&p1_dorsal,central_brain
"PVLP004,PVLP005",PVLP004,VLPd&p1_dorsal,central_brain
"PVLP004,PVLP005",PVLP005,VLPd&p1_dorsal,central_brain
PVLP006,PVLP006,VLPd&p1_dorsal,central_brain
PVLP007,PVLP007,VLPd&p1_dorsal,central_brain
PVLP008,PVLP008,VLPd&p1_dorsal,central_brain
CB3959,NA,VLPd&p1_dorsal,central_brain
"SIP014,SIP016",SIP014,VLPd&p1_dorsal,central_brain
"SIP014,SIP016",SIP016,VLPd&p1_dorsal,central_brain
SIP015,SIP015,VLPd&p1_dorsal,central_brain
LHAD3g1,LHAD3g1,VLPd&p1_dorsal,central_brain
CB4198,LHAD3g1,VLPd&p1_dorsal,central_brain
SIP015,SIP014,VLPd&p1_dorsal,central_brain
SIP015,SIP016,VLPd&p1_dorsal,central_brain
CB4198,SIP015,VLPd&p1_dorsal,central_brain
SLP327,SMP206,VLPd&p1_posterior,central_brain
SLP327,SLP327,VLPd&p1_posterior,central_brain
SMP206,SMP206,VLPd&p1_posterior,central_brain
SMP206,SLP327,VLPd&p1_posterior,central_brain
CB0339,LHPD2b1,VLPd&p1_posterior,central_brain
CB0966,NA,VLPd&p1_posterior,central_brain
CB1060,NA,VLPd&p1_posterior,central_brain
CB1200,SIP051,VLPd&p1_posterior,central_brain
CB1200,SLP331,VLPd&p1_posterior,central_brain
CB1519,NA,VLPd&p1_posterior,central_brain
CB2031,LHPD2a4_a,VLPd&p1_posterior,central_brain
CB2031,SIP049,VLPd&p1_posterior,central_brain
"LHPD2a4_a,SIP049",LHPD2a4_a,VLPd&p1_posterior,central_brain
"LHPD2a4_a,SIP049",SIP049,VLPd&p1_posterior,central_brain
CB2113,NA,VLPd&p1_posterior,central_brain
SIP048,SIP048,VLPd&p1_posterior,central_brain
CB2398,SIP051,VLPd&p1_posterior,central_brain
CB2398,SLP331,VLPd&p1_posterior,central_brain
CB2549,NA,VLPd&p1_posterior,central_brain
CB2787,NA,VLPd&p1_posterior,central_brain
CB2842,LHPD2a1,VLPd&p1_posterior,central_brain
CB2977,LHPD2a1,VLPd&p1_posterior,central_brain
CB3009,LHPD2a1,VLPd&p1_posterior,central_brain
CB3060,NA,VLPd&p1_posterior,central_brain
CB3110,NA,VLPd&p1_posterior,central_brain
CB3147,NA,VLPd&p1_posterior,central_brain
CB3154,NA,VLPd&p1_posterior,central_brain
CB3194,SLP330,VLPd&p1_posterior,central_brain
CB3194,LHPD2c2,VLPd&p1_posterior,central_brain
CB3198,LHPD2b1,VLPd&p1_posterior,central_brain
CB3205,LHPD2a1,VLPd&p1_posterior,central_brain
CB3231,LHPD2a4_a,VLPd&p1_posterior,central_brain
CB3231,SIP049,VLPd&p1_posterior,central_brain
CB3328,SMP247,VLPd&p1_posterior,central_brain
CB3331,NA,VLPd&p1_posterior,central_brain
CB3430,SMP247,VLPd&p1_posterior,central_brain
CB3434,SMP247,VLPd&p1_posterior,central_brain
CB3458,LHPD2c2,VLPd&p1_posterior,central_brain
CB3476,NA,VLPd&p1_posterior,central_brain
CB3509,NA,VLPd&p1_posterior,central_brain
CB3577,NA,VLPd&p1_posterior,central_brain
CB3774,NA,VLPd&p1_posterior,central_brain
CB3775,SLP328,VLPd&p1_posterior,central_brain
CB3776,NA,VLPd&p1_posterior,central_brain
CB3777,SLP330,VLPd&p1_posterior,central_brain
CB3778,LHPD2c2,VLPd&p1_posterior,central_brain
CB3790,SIP060,VLPd&p1_posterior,central_brain
LHPD2c1,LHPD2c1,VLPd&p1_posterior,central_brain
LHPD2d1,LHPD2d1,VLPd&p1_posterior,central_brain
LTe43,AOTU044,VLPd&p1_posterior,optic_lobe
LTe67,SIP058,VLPd&p1_posterior,optic_lobe
LTe68,SIP062,VLPd&p1_posterior,optic_lobe
LTe68,SIP063,VLPd&p1_posterior,optic_lobe
SIP047a,SIP047,VLPd&p1_posterior,central_brain
SIP047b,SIP047,VLPd&p1_posterior,central_brain
SMP245,SMP245,VLPd&p1_posterior,central_brain
SMP246,SMP246,VLPd&p1_posterior,central_brain
SMP248a,SMP248,VLPd&p1_posterior,central_brain
SMP248b,SMP248,VLPd&p1_posterior,central_brain
SMP248c,SMP248,VLPd&p1_posterior,central_brain
SMP283,SMP283,VLPd&p1_posterior,central_brain
SMP597,SMP597,VLPd&p1_posterior,central_brain
VLPd&p1_posterior__0,NA,VLPd&p1_posterior,central_brain
PLP122,PLP122,VLPd&p1_posterior,central_brain
LTe11,NA,VLPd&p1_posterior,optic_lobe
CB2848,AOTU043,VLPd&p1_posterior,central_brain
CB4237,PLP122,VLPd&p1_posterior,central_brain
CB0945,SLP122,VLPd&p1_posterior,central_brain
CB2283,AOTU043,VLPd&p1_posterior,central_brain
PLP121,PLP121,VLPd&p1_posterior,central_brain
"SIP032,SIP059",SIP032,VLPd&p1_posterior,central_brain
"SIP032,SIP059",SIP059,VLPd&p1_posterior,central_brain
SIP061,SIP061,VLPd&p1_posterior,central_brain
AVLP033,AVLP033,VLPd1,central_brain
AVLP034,AVLP034,VLPd1,central_brain
AVLP035,AVLP035,VLPd1,central_brain
AVLP038,AVLP037,VLPd1,central_brain
AVLP038,AVLP038,VLPd1,central_brain
CB3983,AVLP037,VLPd1,central_brain
CB3983,AVLP038,VLPd1,central_brain
"AVLP037,AVLP038",AVLP037,VLPd1,central_brain
"AVLP037,AVLP038",AVLP038,VLPd1,central_brain
AVLP039,AVLP039,VLPd1,central_brain
AVLP040,AVLP040,VLPd1,central_brain
AVLP041,AVLP041,VLPd1,central_brain
AVLP042,AVLP042,VLPd1,central_brain
AVLP043,AVLP043,VLPd1,central_brain
AVLP044_a,AVLP044,VLPd1,central_brain
AVLP044b,AVLP044,VLPd1,central_brain
AVLP045,AVLP045,VLPd1,central_brain
AVLP046,AVLP046,VLPd1,central_brain
AVLP047,AVLP047,VLPd1,central_brain
AVLP048,AVLP048,VLPd1,central_brain
AVLP049,AVLP049,VLPd1,central_brain
AVLP050,AVLP050,VLPd1,central_brain
AVLP051,AVLP051,VLPd1,central_brain
CB2840,AVLP036,VLPd1,central_brain
CB3578,NA,VLPd1,central_brain
CL022,CL022,VLPd1,central_brain
CL023,CL023,VLPd1,central_brain
LHAD2c1,LHAD2c1,VLPd1,central_brain
LHAD2c2,LHAD2c2,VLPd1,central_brain
LHAD2c3a,LHAD2c3,VLPd1,central_brain
LHAD2c3c,LHAD2c3,VLPd1,central_brain
LHAD2e1,LHAD2e1,VLPd1,central_brain
CB0396,NA,VLPd1,central_brain
CB3869,NA,VLPd1,central_brain
LHAD2c3b,LHAD2c3,VLPd1,central_brain
LHAD2c2,AVLP044,VLPd1,central_brain
AVLP222,AVLP222,VLPl&d1_dorsal,central_brain
AVLP224_a,AVLP224_a,VLPl&d1_dorsal,central_brain
AVLP230,AVLP230,VLPl&d1_dorsal,central_brain
AVLP232,AVLP232,VLPl&d1_dorsal,central_brain
AVLP234a,AVLP234,VLPl&d1_dorsal,central_brain
AVLP244,AVLP244,VLPl&d1_dorsal,central_brain
CB0340,NA,VLPl&d1_dorsal,central_brain
CB0930,NA,VLPl&d1_dorsal,central_brain
CB1069,NA,VLPl&d1_dorsal,central_brain
CB1165,AVLP246,VLPl&d1_dorsal,central_brain
CB1165,AVLP249,VLPl&d1_dorsal,central_brain
CB1187,NA,VLPl&d1_dorsal,central_brain
CB1377,NA,VLPl&d1_dorsal,central_brain
CB4244,AVLP245,VLPl&d1_dorsal,central_brain
CB4244,AVLP247,VLPl&d1_dorsal,central_brain
CB4244,AVLP248,VLPl&d1_dorsal,central_brain
CB1573,NA,VLPl&d1_dorsal,central_brain
CB1640,LHAV7b1,VLPl&d1_dorsal,central_brain
CB1652,NA,VLPl&d1_dorsal,central_brain
AVLP227,AVLP227,VLPl&d1_dorsal,central_brain
CB2006,NA,VLPl&d1_dorsal,central_brain
CB1875,NA,VLPl&d1_dorsal,central_brain
CB1917,NA,VLPl&d1_dorsal,central_brain
CB2041,NA,VLPl&d1_dorsal,central_brain
CB2321,AVLP233,VLPl&d1_dorsal,central_brain
CB2323,NA,VLPl&d1_dorsal,central_brain
AVLP235,AVLP235,VLPl&d1_dorsal,central_brain
CB2433,NA,VLPl&d1_dorsal,central_brain
CB2543,NA,VLPl&d1_dorsal,central_brain
CB2574,NA,VLPl&d1_dorsal,central_brain
CB2623,NA,VLPl&d1_dorsal,central_brain
CB2625,NA,VLPl&d1_dorsal,central_brain
CB3214,NA,VLPl&d1_dorsal,central_brain
CB3287,NA,VLPl&d1_dorsal,central_brain
CB3337,AVLP231,VLPl&d1_dorsal,central_brain
CB3405,NA,VLPl&d1_dorsal,central_brain
CB3576,AVLP233,VLPl&d1_dorsal,central_brain
CB3611,NA,VLPl&d1_dorsal,central_brain
AVLP234b,AVLP234,VLPl&d1_dorsal,central_brain
AVLP243,AVLP243,VLPl&d1_dorsal,central_brain
CB1485,NA,VLPl&d1_dorsal,central_brain
CB3609,NA,VLPl&d1_dorsal,central_brain
LHAV7b1,LHAV7b1,VLPl&d1_dorsal,central_brain
AVLP229,AVLP229,VLPl&d1_dorsal,central_brain
AVLP235,AVLP234,VLPl&d1_dorsal,central_brain
AVLP229,NA,VLPl&d1_dorsal,central_brain
NA,NA,VLPl&d1_dorsal,central_brain
VLPl&d1_dorsal__1,NA,VLPl&d1_dorsal,central_brain
AVLP220,AVLP220,VLPl&d1_dorsal,central_brain
AVLP257,AVLP257,VLPl&d1_lateral,central_brain
AVLP258,AVLP258,VLPl&d1_lateral,central_brain
AVLP259,AVLP259,VLPl&d1_lateral,central_brain
AVLP260,AVLP260,VLPl&d1_lateral,central_brain
AVLP263,AVLP263,VLPl&d1_lateral,central_brain
AVLP265a,AVLP265,VLPl&d1_lateral,central_brain
AVLP265b,AVLP265,VLPl&d1_lateral,central_brain
AVLP268,AVLP268,VLPl&d1_lateral,central_brain
AVLP430,AVLP430,VLPl&d1_lateral,central_brain
CB0061,NA,VLPl&d1_lateral,central_brain
CB0158,NA,VLPl&d1_lateral,central_brain
CB0738,NA,VLPl&d1_lateral,central_brain
CB0925,NA,VLPl&d1_lateral,central_brain
CB1000,NA,VLPl&d1_lateral,central_brain
CB1101,NA,VLPl&d1_lateral,central_brain
AVLP269_a,AVLP269,VLPl&d1_lateral,central_brain
CB1109,NA,VLPl&d1_lateral,central_brain
CB1110,NA,VLPl&d1_lateral,central_brain
CB1111,NA,VLPl&d1_lateral,central_brain
CB1112,AVLP261,VLPl&d1_lateral,central_brain
CB1192,NA,VLPl&d1_lateral,central_brain
CB1194,NA,VLPl&d1_lateral,central_brain
CB1235,NA,VLPl&d1_lateral,central_brain
CB1505,NA,VLPl&d1_lateral,central_brain
CB1695,NA,VLPl&d1_lateral,central_brain
CB1738,AVLP279,VLPl&d1_lateral,central_brain
CB2001,NA,VLPl&d1_lateral,central_brain
CB2144,NA,VLPl&d1_lateral,central_brain
CB2155,NA,VLPl&d1_lateral,central_brain
CB2188,NA,VLPl&d1_lateral,central_brain
CB2241,NA,VLPl&d1_lateral,central_brain
CB2383,NA,VLPl&d1_lateral,central_brain
CB2477,NA,VLPl&d1_lateral,central_brain
CB2488,NA,VLPl&d1_lateral,central_brain
CB2545,NA,VLPl&d1_lateral,central_brain
CB2633,NA,VLPl&d1_lateral,central_brain
CB2866,AVLP274,VLPl&d1_lateral,central_brain
CB3162,NA,VLPl&d1_lateral,central_brain
CB3176,AVLP274,VLPl&d1_lateral,central_brain
CB3184,NA,VLPl&d1_lateral,central_brain
CB3327,NA,VLPl&d1_lateral,central_brain
CB3364,NA,VLPl&d1_lateral,central_brain
CB3461,PVLP063,VLPl&d1_lateral,central_brain
CB3641,AVLP261,VLPl&d1_lateral,central_brain
CB3700,NA,VLPl&d1_lateral,central_brain
LHAV1d1,LHAV1d1,VLPl&d1_lateral,central_brain
LHAV1d2,LHAV1d2,VLPl&d1_lateral,central_brain
PVLP065,PVLP065,VLPl&d1_lateral,central_brain
WED046,WED046,VLPl&d1_lateral,central_brain
WED051,WED051,VLPl&d1_lateral,central_brain
AVLP279,AVLP279,VLPl&d1_lateral,central_brain
NA,NA,VLPl&d1_lateral,central_brain
WED045,WED045,VLPl&d1_lateral,central_brain
AVLP132,AVLP132,VLPl&p1_lateral,central_brain
CB2655,AVLP335,VLPl&p1_lateral,central_brain
CB2655,AVLP336,VLPl&p1_lateral,central_brain
CB3525,AVLP320,VLPl&p1_lateral,central_brain
CB1993,AVLP333,VLPl&p1_lateral,central_brain
PVLP074,PVLP074,VLPl&p1_lateral,central_brain
CB0050,NA,VLPl&p1_lateral,central_brain
CB0056,NA,VLPl&p1_lateral,central_brain
CB0064,NA,VLPl&p1_lateral,central_brain
CB0218,NA,VLPl&p1_lateral,central_brain
CB0222,NA,VLPl&p1_lateral,central_brain
CB0282,NA,VLPl&p1_lateral,central_brain
CB0475,NA,VLPl&p1_lateral,central_brain
CB0747,NA,VLPl&p1_lateral,central_brain
CB0766,PVLP071,VLPl&p1_lateral,central_brain
CB1920,NA,VLPl&p1_lateral,central_brain
CB2049,NA,VLPl&p1_lateral,central_brain
CB2682,NA,VLPl&p1_lateral,central_brain
AVLP140,AVLP140,VLPl&p1_lateral,central_brain
AVLP322,AVLP322,VLPl&p1_lateral,central_brain
AVLP330,AVLP330,VLPl&p1_lateral,central_brain
CB0929,NA,VLPl&p1_lateral,central_brain
CB1315,NA,VLPl&p1_lateral,central_brain
CB1360,NA,VLPl&p1_lateral,central_brain
CB1819,NA,VLPl&p1_lateral,central_brain
CB1973,NA,VLPl&p1_lateral,central_brain
CB2090,NA,VLPl&p1_lateral,central_brain
CB2100,NA,VLPl&p1_lateral,central_brain
CB2390,NA,VLPl&p1_lateral,central_brain
CB2478,NA,VLPl&p1_lateral,central_brain
CB2512,NA,VLPl&p1_lateral,central_brain
CB2627,NA,VLPl&p1_lateral,central_brain
CB2635,NA,VLPl&p1_lateral,central_brain
CB2735,NA,VLPl&p1_lateral,central_brain
CB2971,AVLP331,VLPl&p1_lateral,central_brain
CB3382,NA,VLPl&p1_lateral,central_brain
CB3456,AVLP320,VLPl&p1_lateral,central_brain
CB3488,NA,VLPl&p1_lateral,central_brain
CB3518,NA,VLPl&p1_lateral,central_brain
PVLP069,PVLP069,VLPl&p1_lateral,central_brain
VLPl&p1_lateral__0,NA,VLPl&p1_lateral,central_brain
CB4053,NA,VLPl&p1_lateral,central_brain
vpoEN,vpoEN,VLPl&p1_lateral,central_brain
ALIN3,ALIN3,VLPl&p1_posterior,central_brain
AVLP489,AVLP489,VLPl&p1_posterior,central_brain
AVLP492,AVLP492,VLPl&p1_posterior,central_brain
AVLP494,AVLP494,VLPl&p1_posterior,central_brain
AVLP496a,AVLP496,VLPl&p1_posterior,central_brain
AVLP496b,AVLP496,VLPl&p1_posterior,central_brain
CB1127,aIPg2,VLPl&p1_posterior,central_brain
CB2131,aIPg1,VLPl&p1_posterior,central_brain
CB1346,NA,VLPl&p1_posterior,central_brain
CB1618,SMP574,VLPl&p1_posterior,central_brain
CB1877,aIPg4,VLPl&p1_posterior,central_brain
CB1897,NA,VLPl&p1_posterior,central_brain
CB2204,aIPg2,VLPl&p1_posterior,central_brain
CB2258,aIPg3,VLPl&p1_posterior,central_brain
CB2341,NA,VLPl&p1_posterior,central_brain
CB2564,NA,VLPl&p1_posterior,central_brain
CB2689,NA,VLPl&p1_posterior,central_brain
CB3125,NA,VLPl&p1_posterior,central_brain
CB3349,SMP557,VLPl&p1_posterior,central_brain
CB3469,NA,VLPl&p1_posterior,central_brain
CB3614,NA,VLPl&p1_posterior,central_brain
"CL259, CL260",CL259,VLPl&p1_posterior,central_brain
"CL259, CL260",CL260,VLPl&p1_posterior,central_brain
CL261a,CL261,VLPl&p1_posterior,central_brain
CL261b,CL261,VLPl&p1_posterior,central_brain
CRE103a,CRE103,VLPl&p1_posterior,central_brain
CRE103b,CRE103,VLPl&p1_posterior,central_brain
PLP161,PLP161,VLPl&p1_posterior,central_brain
PLP162,PLP162,VLPl&p1_posterior,central_brain
SLP450,SLP450,VLPl&p1_posterior,central_brain
"SMP555,SMP556",SMP555,VLPl&p1_posterior,central_brain
"SMP555,SMP556",SMP556,VLPl&p1_posterior,central_brain
SMP558,SMP558,VLPl&p1_posterior,central_brain
SMP561,SMP561,VLPl&p1_posterior,central_brain
SMP566a,SMP566,VLPl&p1_posterior,central_brain
SMP566b,SMP566,VLPl&p1_posterior,central_brain
SMP567,SMP567,VLPl&p1_posterior,central_brain
SMP568,SMP568,VLPl&p1_posterior,central_brain
SMP569a,SMP569,VLPl&p1_posterior,central_brain
SMP569b,SMP569,VLPl&p1_posterior,central_brain
SMP570b,SMP570,VLPl&p1_posterior,central_brain
SMP572,SMP572,VLPl&p1_posterior,central_brain
SMP573,SMP573,VLPl&p1_posterior,central_brain
CB3910,NA,VLPl&p1_posterior,central_brain
CB3909,NA,VLPl&p1_posterior,central_brain
VLPl&p1_posterior__1,NA,VLPl&p1_posterior,central_brain
CB3166,SMP575,VLPl&p1_posterior,central_brain
CB3330,SMP574,VLPl&p1_posterior,central_brain
SLP451a,SLP451,VLPl&p1_posterior,central_brain
SMP570a,SMP570,VLPl&p1_posterior,central_brain
CB1355,NA,VLPl&p1_posterior,central_brain
CB1795,NA,VLPl&p1_posterior,central_brain
CB2668,SMP557,VLPl&p1_posterior,central_brain
CRE104,CRE104,VLPl&p1_posterior,central_brain
SMP571,SMP571,VLPl&p1_posterior,central_brain
SMP562,SMP562,VLPl&p1_posterior,central_brain
AVLP497,AVLP497,VLPl&p1_posterior,central_brain
CB1910,NA,VLPl&p1_posterior,central_brain
LHPV7a1a,LHPV7a1,VLPl&p1_posterior,central_brain
LHPV7a1b,LHPV7a1,VLPl&p1_posterior,central_brain
SLP451b,SLP451,VLPl&p1_posterior,central_brain
SMP565,SMP565,VLPl&p1_posterior,central_brain
AVLP098,AVLP098,VLPl&p2_lateral,central_brain
AVLP101,AVLP101,VLPl&p2_lateral,central_brain
AVLP107,AVLP107,VLPl&p2_lateral,central_brain
AVLP108,AVLP108,VLPl&p2_lateral,central_brain
AVLP116,AVLP116,VLPl&p2_lateral,central_brain
AVLP120,AVLP120,VLPl&p2_lateral,central_brain
AVLP129,AVLP129,VLPl&p2_lateral,central_brain
AVLP136,AVLP136,VLPl&p2_lateral,central_brain
AVLP143a,AVLP143,VLPl&p2_lateral,central_brain
AVLP147,NA,VLPl&p2_lateral,central_brain
AVLP149,AVLP149,VLPl&p2_lateral,central_brain
CB0189,AVLP139,VLPl&p2_lateral,central_brain
CB0381,NA,VLPl&p2_lateral,central_brain
CB0763,NA,VLPl&p2_lateral,central_brain
CB1189,NA,VLPl&p2_lateral,central_brain
CB1190,NA,VLPl&p2_lateral,central_brain
CB1196,NA,VLPl&p2_lateral,central_brain
CB1273,NA,VLPl&p2_lateral,central_brain
CB1302,NA,VLPl&p2_lateral,central_brain
CB1459,AVLP103,VLPl&p2_lateral,central_brain
CB1466,AVLP138,VLPl&p2_lateral,central_brain
CB1491,LHAV1f1,VLPl&p2_lateral,central_brain
CB1520,NA,VLPl&p2_lateral,central_brain
CB1522,AVLP110,VLPl&p2_lateral,central_brain
CB1667,LHAV1a4,VLPl&p2_lateral,central_brain
CB1681,AVLP126,VLPl&p2_lateral,central_brain
CB1706,NA,VLPl&p2_lateral,central_brain
CB1716,NA,VLPl&p2_lateral,central_brain
CB1724,NA,VLPl&p2_lateral,central_brain
CB1730,NA,VLPl&p2_lateral,central_brain
CB1743,NA,VLPl&p2_lateral,central_brain
CB1753,LHAV1f1,VLPl&p2_lateral,central_brain
CB1762,NA,VLPl&p2_lateral,central_brain
CB1780,AVLP124,VLPl&p2_lateral,central_brain
CB1889,AVLP137,VLPl&p2_lateral,central_brain
CB1889,NA,VLPl&p2_lateral,central_brain
CB1904,NA,VLPl&p2_lateral,central_brain
CB1938,NA,VLPl&p2_lateral,central_brain
CB1986,NA,VLPl&p2_lateral,central_brain
CB2130,NA,VLPl&p2_lateral,central_brain
CB2256,NA,VLPl&p2_lateral,central_brain
CB2257,NA,VLPl&p2_lateral,central_brain
CB2370,AVLP126,VLPl&p2_lateral,central_brain
CB2510,NA,VLPl&p2_lateral,central_brain
CB2522,LHAV1b4,VLPl&p2_lateral,central_brain
CB2522,LHAV1c1,VLPl&p2_lateral,central_brain
CB2538,NA,VLPl&p2_lateral,central_brain
CB2542,NA,VLPl&p2_lateral,central_brain
CB2547,NA,VLPl&p2_lateral,central_brain
CB2593,NA,VLPl&p2_lateral,central_brain
CB2858,AVLP145,VLPl&p2_lateral,central_brain
CB2874,AVLP145,VLPl&p2_lateral,central_brain
CB3298,AVLP139,VLPl&p2_lateral,central_brain
CB2903,NA,VLPl&p2_lateral,central_brain
CB2930,NA,VLPl&p2_lateral,central_brain
CB3002,NA,VLPl&p2_lateral,central_brain
CB3006,NA,VLPl&p2_lateral,central_brain
CB3011,NA,VLPl&p2_lateral,central_brain
CB3040,LHAV1a4,VLPl&p2_lateral,central_brain
CB3289,NA,VLPl&p2_lateral,central_brain
CB3302,NA,VLPl&p2_lateral,central_brain
CB3306,AVLP115,VLPl&p2_lateral,central_brain
CB3322,NA,VLPl&p2_lateral,central_brain
CB3356,NA,VLPl&p2_lateral,central_brain
CB3359,NA,VLPl&p2_lateral,central_brain
CB3431,NA,VLPl&p2_lateral,central_brain
CB3442,NA,VLPl&p2_lateral,central_brain
CB3445,NA,VLPl&p2_lateral,central_brain
CB3482,NA,VLPl&p2_lateral,central_brain
CB3484,AVLP110,VLPl&p2_lateral,central_brain
CB3530,NA,VLPl&p2_lateral,central_brain
CB3531,NA,VLPl&p2_lateral,central_brain
CB3545,NA,VLPl&p2_lateral,central_brain
CB3598,NA,VLPl&p2_lateral,central_brain
LHAV1a1,LHAV1a1,VLPl&p2_lateral,central_brain
LHAV1a3,LHAV1a3,VLPl&p2_lateral,central_brain
LHAV1b1,LHAV1b1,VLPl&p2_lateral,central_brain
LHAV1b3,LHAV1b3,VLPl&p2_lateral,central_brain
LHAV1a4,LHAV1a4,VLPl&p2_lateral,central_brain
VLPl&p2_lateral__5,NA,VLPl&p2_lateral,central_brain
CB3099,AVLP115,VLPl&p2_lateral,central_brain
CB3031,AVLP115,VLPl&p2_lateral,central_brain
AVLP317,AVLP317,VLPl&p2_lateral,central_brain
AVLP121,AVLP121,VLPl&p2_lateral,central_brain
AVLP099,AVLP099,VLPl&p2_lateral,central_brain
AVLP100,AVLP100,VLPl&p2_lateral,central_brain
AVLP102,AVLP102,VLPl&p2_lateral,central_brain
AVLP105,AVLP105,VLPl&p2_lateral,central_brain
AVLP109,AVLP109,VLPl&p2_lateral,central_brain
AVLP143b,AVLP143,VLPl&p2_lateral,central_brain
AVLP323,AVLP323,VLPl&p2_lateral,central_brain
AVLP339,AVLP339,VLPl&p2_lateral,central_brain
CB1569,NA,VLPl&p2_lateral,central_brain
CB2339,NA,VLPl&p2_lateral,central_brain
CB3122,AVLP115,VLPl&p2_lateral,central_brain
CB3324,NA,VLPl&p2_lateral,central_brain
CB3398,AVLP113,VLPl&p2_lateral,central_brain
CB3427,NA,VLPl&p2_lateral,central_brain
CB3579,AVLP110,VLPl&p2_lateral,central_brain
CB3651,NA,VLPl&p2_lateral,central_brain
CB3663,NA,VLPl&p2_lateral,central_brain
CB3667,NA,VLPl&p2_lateral,central_brain
AVLP323,NA,VLPl&p2_lateral,central_brain
AVLP519a,AVLP519,VLPl&p2_posterior,central_brain
CB1044,NA,VLPl&p2_posterior,central_brain
CB1074,NA,VLPl&p2_posterior,central_brain
CB1140,NA,VLPl&p2_posterior,central_brain
CB1484,NA,VLPl&p2_posterior,central_brain
CB1908,NA,VLPl&p2_posterior,central_brain
CB1932,NA,VLPl&p2_posterior,central_brain
CB1989,NA,VLPl&p2_posterior,central_brain
CB2305,NA,VLPl&p2_posterior,central_brain
CB2395b,PVLP127,VLPl&p2_posterior,central_brain
CB2395a,PVLP126,VLPl&p2_posterior,central_brain
CB2472,NA,VLPl&p2_posterior,central_brain
CB2491,NA,VLPl&p2_posterior,central_brain
CB2528,WED111,VLPl&p2_posterior,central_brain
CB2576,NA,VLPl&p2_posterior,central_brain
CB3390,NA,VLPl&p2_posterior,central_brain
CB3415,NA,VLPl&p2_posterior,central_brain
PLP165,PLP165,VLPl&p2_posterior,central_brain
PVLP124,PVLP124,VLPl&p2_posterior,central_brain
PVLP128,PVLP128,VLPl&p2_posterior,central_brain
VLPl&p2_posterior__2,NA,VLPl&p2_posterior,central_brain
CB4245,NA,VLPl&p2_posterior,central_brain
WED107,WED107,VLPl&p2_posterior,central_brain
WED116,WED116,VLPl&p2_posterior,central_brain
AVLP507,AVLP507,VLPl&p2_posterior,central_brain
CB1142,NA,VLPl&p2_posterior,central_brain
CB3305,WED111,VLPl&p2_posterior,central_brain
CB3305,NA,VLPl&p2_posterior,central_brain
PLP164,PLP164,VLPl&p2_posterior,central_brain
PVLP122a,PVLP122,VLPl&p2_posterior,central_brain
PVLP122b,PVLP122,VLPl&p2_posterior,central_brain
SAD082,SAD082,VLPl&p2_posterior,central_brain
WED114,WED114,VLPl&p2_posterior,central_brain
AVLP504,AVLP504,VLPl&p2_posterior,central_brain
AVLP505,AVLP505,VLPl&p2_posterior,central_brain
AVLP508,AVLP508,VLPl&p2_posterior,central_brain
AVLP517,AVLP517,VLPl&p2_posterior,central_brain
CB0440,NA,VLPl&p2_posterior,central_brain
CB1119,NA,VLPl&p2_posterior,central_brain
CB1139,NA,VLPl&p2_posterior,central_brain
CB1143,NA,VLPl&p2_posterior,central_brain
CB1692,NA,VLPl&p2_posterior,central_brain
CB1717,NA,VLPl&p2_posterior,central_brain
CB1869,NA,VLPl&p2_posterior,central_brain
CB1932,PVLP126,VLPl&p2_posterior,central_brain
CB3089,NA,VLPl&p2_posterior,central_brain
PVLP121,PVLP121,VLPl&p2_posterior,central_brain
PVLP123a,PVLP123,VLPl&p2_posterior,central_brain
PVLP123b,PVLP123,VLPl&p2_posterior,central_brain
PVLP123c,PVLP123,VLPl&p2_posterior,central_brain
WED108,WED108,VLPl&p2_posterior,central_brain
AVLP503,AVLP503,VLPl&p2_posterior,central_brain
AVLP519b,AVLP519,VLPl&p2_posterior,central_brain
DNp66,AVLP499,VLPl&p2_posterior,central_brain
DNxn160,NA,VLPl&p2_posterior,central_brain
AVLP363,AVLP363,VLPl1_or_VLPl5,central_brain
AVLP399,AVLP399,VLPl1_or_VLPl5,central_brain
AVLP402,AVLP402,VLPl1_or_VLPl5,central_brain
CB0096,NA,VLPl1_or_VLPl5,central_brain
CB0813,NA,VLPl1_or_VLPl5,central_brain
CB0955,AVLP377,VLPl1_or_VLPl5,central_brain
CB0956,NA,VLPl1_or_VLPl5,central_brain
CB1206,NA,VLPl1_or_VLPl5,central_brain
CB1312,NA,VLPl1_or_VLPl5,central_brain
CB1340,NA,VLPl1_or_VLPl5,central_brain
CB1476,NA,VLPl1_or_VLPl5,central_brain
CB1557,NA,VLPl1_or_VLPl5,central_brain
CB1565,NA,VLPl1_or_VLPl5,central_brain
CB1605,NA,VLPl1_or_VLPl5,central_brain
CB1620,NA,VLPl1_or_VLPl5,central_brain
CB1839,AVLP372,VLPl1_or_VLPl5,central_brain
CB1886,NA,VLPl1_or_VLPl5,central_brain
CB1903,NA,VLPl1_or_VLPl5,central_brain
CB2008,AVLP410,VLPl1_or_VLPl5,central_brain
CB2371,NA,VLPl1_or_VLPl5,central_brain
CB2412,NA,VLPl1_or_VLPl5,central_brain
CB2432,NA,VLPl1_or_VLPl5,central_brain
CB2489,NA,VLPl1_or_VLPl5,central_brain
CB2595,NA,VLPl1_or_VLPl5,central_brain
CB2651,NA,VLPl1_or_VLPl5,central_brain
CB3029,AVLP387,VLPl1_or_VLPl5,central_brain
CB3201,NA,VLPl1_or_VLPl5,central_brain
CB3264,NA,VLPl1_or_VLPl5,central_brain
CB3370,AVLP378,VLPl1_or_VLPl5,central_brain
CB3400,NA,VLPl1_or_VLPl5,central_brain
CB3409,NA,VLPl1_or_VLPl5,central_brain
CB3422,NA,VLPl1_or_VLPl5,central_brain
CB3459,NA,VLPl1_or_VLPl5,central_brain
CB3499,NA,VLPl1_or_VLPl5,central_brain
CB3649,NA,VLPl1_or_VLPl5,central_brain
CB3661,NA,VLPl1_or_VLPl5,central_brain
CB3708,NA,VLPl1_or_VLPl5,central_brain
NA,NA,VLPl1_or_VLPl5,central_brain
CB2167,AVLP407,VLPl1_or_VLPl5,central_brain
"AVLP386,AVLP388",AVLP386,VLPl1_or_VLPl5,central_brain
"AVLP386,AVLP388",AVLP388,VLPl1_or_VLPl5,central_brain
AVLP343,AVLP343,VLPl1_or_VLPl5,central_brain
AVLP347,AVLP347,VLPl1_or_VLPl5,central_brain
AVLP373,AVLP373,VLPl1_or_VLPl5,central_brain
AVLP380a,AVLP380,VLPl1_or_VLPl5,central_brain
AVLP380b,AVLP380,VLPl1_or_VLPl5,central_brain
AVLP381,AVLP381,VLPl1_or_VLPl5,central_brain
AVLP409,AVLP409,VLPl1_or_VLPl5,central_brain
CB0450,NA,VLPl1_or_VLPl5,central_brain
CB0659,hb2099569065,VLPl1_or_VLPl5,central_brain
CB0785,PVLP086,VLPl1_or_VLPl5,central_brain
CB0785,PVLP087,VLPl1_or_VLPl5,central_brain
CB0796,PVLP086,VLPl1_or_VLPl5,central_brain
CB0796,PVLP087,VLPl1_or_VLPl5,central_brain
CB0800,NA,VLPl1_or_VLPl5,central_brain
CB0926,AVLP386,VLPl1_or_VLPl5,central_brain
CB0926,AVLP388,VLPl1_or_VLPl5,central_brain
CB0927,NA,VLPl1_or_VLPl5,central_brain
CB1208,AVLP386,VLPl1_or_VLPl5,central_brain
CB1208,AVLP388,VLPl1_or_VLPl5,central_brain
CB1384,NA,VLPl1_or_VLPl5,central_brain
CB1638,NA,VLPl1_or_VLPl5,central_brain
CB1885,NA,VLPl1_or_VLPl5,central_brain
CB2108,NA,VLPl1_or_VLPl5,central_brain
CB3567,AVLP405,VLPl1_or_VLPl5,central_brain
CB2170,NA,VLPl1_or_VLPl5,central_brain
CB2340,AVLP377,VLPl1_or_VLPl5,central_brain
CB2404,NA,VLPl1_or_VLPl5,central_brain
CB2449,NA,VLPl1_or_VLPl5,central_brain
CB2599,NA,VLPl1_or_VLPl5,central_brain
CB2684,NA,VLPl1_or_VLPl5,central_brain
CB2769,NA,VLPl1_or_VLPl5,central_brain
CB2863,NA,VLPl1_or_VLPl5,central_brain
CB3234,NA,VLPl1_or_VLPl5,central_brain
CB3366,AVLP385,VLPl1_or_VLPl5,central_brain
CB3373,NA,VLPl1_or_VLPl5,central_brain
CB3377,NA,VLPl1_or_VLPl5,central_brain
CB3436,NA,VLPl1_or_VLPl5,central_brain
CB3594,NA,VLPl1_or_VLPl5,central_brain
CB3613,NA,VLPl1_or_VLPl5,central_brain
CB3701,NA,VLPl1_or_VLPl5,central_brain
WED061,WED061,VLPl1_or_VLPl5,central_brain
CB1460,NA,VLPl1_or_VLPl5,central_brain
CB1809,NA,VLPl1_or_VLPl5,central_brain
CB2178,NA,VLPl1_or_VLPl5,central_brain
CB2498,NA,VLPl1_or_VLPl5,central_brain
CB3042,NA,VLPl1_or_VLPl5,central_brain
WED060,WED060,VLPl1_or_VLPl5,central_brain
AVLP340,AVLP340,VLPl1_or_VLPl5,central_brain
"PVLP086,PVLP087",PVLP086,VLPl1_or_VLPl5,central_brain
"PVLP086,PVLP087",PVLP087,VLPl1_or_VLPl5,central_brain
AVLP097,AVLP097,VLPl1_or_VLPl5,central_brain
CB0336,PVLP086,VLPl1_or_VLPl5,central_brain
CB0336,PVLP087,VLPl1_or_VLPl5,central_brain
CB1099,NA,VLPl1_or_VLPl5,central_brain
PVLP086,PVLP086,VLPl1_or_VLPl5,central_brain
CB1964,NA,VLPl1_or_VLPl5,central_brain
CB2181,AVLP341,VLPl1_or_VLPl5,central_brain
AVLP346,AVLP346,VLPl1_or_VLPl5,central_brain
AVLP346,AVLP348,VLPl1_or_VLPl5,central_brain
AVLP348,AVLP346,VLPl1_or_VLPl5,central_brain
AVLP348,AVLP348,VLPl1_or_VLPl5,central_brain
AVLP344,AVLP344,VLPl1_or_VLPl5,central_brain
AVLP345,AVLP345,VLPl1_or_VLPl5,central_brain
CB1066,NA,VLPl1_or_VLPl5,central_brain
CB1205,AVLP355,VLPl1_or_VLPl5,central_brain
CB1205,AVLP359,VLPl1_or_VLPl5,central_brain
CB4241,NA,VLPl1_or_VLPl5,central_brain
CB1207,AVLP367,VLPl1_or_VLPl5,central_brain
CB1207,AVLP368,VLPl1_or_VLPl5,central_brain
CB1274,NA,VLPl1_or_VLPl5,central_brain
CB1463,NA,VLPl1_or_VLPl5,central_brain
CB1575,AVLP367,VLPl1_or_VLPl5,central_brain
CB1575,AVLP368,VLPl1_or_VLPl5,central_brain
CB1575,NA,VLPl1_or_VLPl5,central_brain
CB1625,NA,VLPl1_or_VLPl5,central_brain
CB1678,AVLP355,VLPl1_or_VLPl5,central_brain
CB1678,AVLP359,VLPl1_or_VLPl5,central_brain
VLPl1_or_VLPl5__1,NA,VLPl1_or_VLPl5,central_brain
CB1955,NA,VLPl1_or_VLPl5,central_brain
CB2099,NA,VLPl1_or_VLPl5,central_brain
CB2186,AVLP349,VLPl1_or_VLPl5,central_brain
CB2187,NA,VLPl1_or_VLPl5,central_brain
CB2202,NA,VLPl1_or_VLPl5,central_brain
CB2350,AVLP365,VLPl1_or_VLPl5,central_brain
CB2365,NA,VLPl1_or_VLPl5,central_brain
CB2373,NA,VLPl1_or_VLPl5,central_brain
CB2407,AVLP357,VLPl1_or_VLPl5,central_brain
CB2518,NA,VLPl1_or_VLPl5,central_brain
CB2599,AVLP343,VLPl1_or_VLPl5,central_brain
CB2642,NA,VLPl1_or_VLPl5,central_brain
CB3067,NA,VLPl1_or_VLPl5,central_brain
CB3104,NA,VLPl1_or_VLPl5,central_brain
CB3178,AVLP345,VLPl1_or_VLPl5,central_brain
CB3233,AVLP367,VLPl1_or_VLPl5,central_brain
CB3233,AVLP368,VLPl1_or_VLPl5,central_brain
CB3329,NA,VLPl1_or_VLPl5,central_brain
CB3407,NA,VLPl1_or_VLPl5,central_brain
CB3425,AVLP354,VLPl1_or_VLPl5,central_brain
CB3435,NA,VLPl1_or_VLPl5,central_brain
AVLP345_a,NA,VLPl1_or_VLPl5,central_brain
VLPl1_or_VLPl5__10,NA,VLPl1_or_VLPl5,central_brain
AVLP409,NA,VLPl1_or_VLPl5,central_brain
AVLP363,NA,VLPl1_or_VLPl5,central_brain
LT1a,LT1,VLPl2_lateral,optic_lobe
LT1b,LT1,VLPl2_lateral,optic_lobe
LT1c,LT1,VLPl2_lateral,optic_lobe
LT1d,LT1,VLPl2_lateral,optic_lobe
LT61a,LT61,VLPl2_lateral,optic_lobe
LT61b,LT61,VLPl2_lateral,optic_lobe
LT62,LT62,VLPl2_lateral,optic_lobe
AVLP154,AVLP154,VLPl2_medial,central_brain
AVLP155,AVLP155,VLPl2_medial,central_brain
AVLP156,AVLP156,VLPl2_medial,central_brain
AVLP157,AVLP157,VLPl2_medial,central_brain
AVLP158,AVLP158,VLPl2_medial,central_brain
AVLP164,AVLP164,VLPl2_medial,central_brain
AVLP165,AVLP165,VLPl2_medial,central_brain
AVLP169,AVLP169,VLPl2_medial,central_brain
AVLP178,AVLP178,VLPl2_medial,central_brain
AVLP180,AVLP180,VLPl2_medial,central_brain
AVLP182,AVLP182,VLPl2_medial,central_brain
AVLP184,AVLP184,VLPl2_medial,central_brain
AVLP186,AVLP186,VLPl2_medial,central_brain
AVLP187,AVLP187,VLPl2_medial,central_brain
AVLP189_a,AVLP189_a,VLPl2_medial,central_brain
AVLP189_b,AVLP189_b,VLPl2_medial,central_brain
"AVLP190,AVLP191",AVLP190,VLPl2_medial,central_brain
"AVLP190,AVLP191",AVLP191,VLPl2_medial,central_brain
AVLP193,AVLP193,VLPl2_medial,central_brain
AVLP194,AVLP194,VLPl2_medial,central_brain
AVLP194_c,AVLP194,VLPl2_medial,central_brain
AVLP194_b,AVLP194,VLPl2_medial,central_brain
AVLP194_a,AVLP194,VLPl2_medial,central_brain
AVLP195,AVLP195,VLPl2_medial,central_brain
AVLP433_a,AVLP433_a,VLPl2_medial,central_brain
AVLP433_b,AVLP433_b,VLPl2_medial,central_brain
AVLP434_a,AVLP434_a,VLPl2_medial,central_brain
AVLP437,AVLP437,VLPl2_medial,central_brain
CB0245,AVLP221,VLPl2_medial,central_brain
CB0924,NA,VLPl2_medial,central_brain
CB0992,NA,VLPl2_medial,central_brain
CB1108,NA,VLPl2_medial,central_brain
CB1236,AVLP176_d,VLPl2_medial,central_brain
CB1691,NA,VLPl2_medial,central_brain
CB1748,NA,VLPl2_medial,central_brain
CB1758,AVLP155,VLPl2_medial,central_brain
CB1764,NA,VLPl2_medial,central_brain
CB2057,AVLP168,VLPl2_medial,central_brain
CB2264,NA,VLPl2_medial,central_brain
CB2281,NA,VLPl2_medial,central_brain
CB2286,NA,VLPl2_medial,central_brain
CB2289,NA,VLPl2_medial,central_brain
CB2316,NA,VLPl2_medial,central_brain
CB2330,NA,VLPl2_medial,central_brain
CB2344,NA,VLPl2_medial,central_brain
CB2386,AVLP176_b,VLPl2_medial,central_brain
CB2428,AVLP179,VLPl2_medial,central_brain
CB2453,NA,VLPl2_medial,central_brain
CB2458,NA,VLPl2_medial,central_brain
CB2481,AVLP183,VLPl2_medial,central_brain
AVLP176_c,NA,VLPl2_medial,central_brain
CB2634,AVLP183,VLPl2_medial,central_brain
CB2649,NA,VLPl2_medial,central_brain
CB2659,NA,VLPl2_medial,central_brain
CB2660,AVLP175,VLPl2_medial,central_brain
CB2672,AVLP176_b,VLPl2_medial,central_brain
CB2777,NA,VLPl2_medial,central_brain
CB3019,NA,VLPl2_medial,central_brain
CB3277,NA,VLPl2_medial,central_brain
CB3433,NA,VLPl2_medial,central_brain
CB3450,NA,VLPl2_medial,central_brain
CB3516,NA,VLPl2_medial,central_brain
CB3521,AVLP183,VLPl2_medial,central_brain
CB3561,NA,VLPl2_medial,central_brain
CB3625,NA,VLPl2_medial,central_brain
CB3683,NA,VLPl2_medial,central_brain
CL059,CL059,VLPl2_medial,central_brain
CL060,CL060,VLPl2_medial,central_brain
CL062_a,CL062_a,VLPl2_medial,central_brain
CL062_b,CL062_b,VLPl2_medial,central_brain
LAL051,LAL051,VLPl2_medial,central_brain
LAL053,LAL053,VLPl2_medial,central_brain
LAL054,LAL054,VLPl2_medial,central_brain
PLP029,PLP029,VLPl2_medial,central_brain
PVLP014,PVLP014,VLPl2_medial,central_brain
PVLP016,PVLP016,VLPl2_medial,central_brain
SAD012,SAD012,VLPl2_medial,central_brain
CB3977,NA,VLPl2_medial,central_brain
AVLP152,AVLP152,VLPl2_medial,central_brain
AVLP153,AVLP153,VLPl2_medial,central_brain
AVLP160,AVLP160,VLPl2_medial,central_brain
AVLP161,AVLP161,VLPl2_medial,central_brain
AVLP162,AVLP162,VLPl2_medial,central_brain
"AVLP417,AVLP438",AVLP417,VLPl2_medial,central_brain
"AVLP417,AVLP438",AVLP438,VLPl2_medial,central_brain
AVLP439,AVLP439,VLPl2_medial,central_brain
CB1256,AVLP199,VLPl2_medial,central_brain
CB3000,AVLP198,VLPl2_medial,central_brain
CB1616,NA,VLPl2_medial,central_brain
CB1672,NA,VLPl2_medial,central_brain
CB2057,AVLP188,VLPl2_medial,central_brain
CB3402,AVLP183,VLPl2_medial,central_brain
CB3466,NA,VLPl2_medial,central_brain
CB3668,NA,VLPl2_medial,central_brain
CL058,CL058,VLPl2_medial,central_brain
PS057,PS057,VLPl2_medial,central_brain
PVLP013,PVLP013,VLPl2_medial,central_brain
PVLP015,PVLP015,VLPl2_medial,central_brain
VLPl2_medial__1,NA,VLPl2_medial,central_brain
AVLP390,AVLP390,VLPl2_medial,central_brain
AVLP434_b,AVLP434_b,VLPl2_medial,central_brain
CB3690,NA,VLPl2_medial,central_brain
VLPl2_medial__0,NA,VLPl2_medial,central_brain
CB0379,LHAV2g6,VLPl2_posterior,central_brain
CB1182,LHAV2b3,VLPl2_posterior,central_brain
CB1185,NA,VLPl2_posterior,central_brain
CB1255,NA,VLPl2_posterior,central_brain
CB1487,NA,VLPl2_posterior,central_brain
CB1688,NA,VLPl2_posterior,central_brain
CB1804,NA,VLPl2_posterior,central_brain
CB1843,LHAV2b5,VLPl2_posterior,central_brain
CB1852,NA,VLPl2_posterior,central_brain
CB1933,LHAV2b8,VLPl2_posterior,central_brain
CB1999,PLVP059,VLPl2_posterior,central_brain
CB2005,LHAV2b4,VLPl2_posterior,central_brain
CB2127,NA,VLPl2_posterior,central_brain
CB2143,NA,VLPl2_posterior,central_brain
CB2180,LHAV2c1,VLPl2_posterior,central_brain
CB2218,PLVP059,VLPl2_posterior,central_brain
CB2379,NA,VLPl2_posterior,central_brain
CB2514,NA,VLPl2_posterior,central_brain
CB2534,LHAV2c1,VLPl2_posterior,central_brain
CB2596,NA,VLPl2_posterior,central_brain
CB2618,NA,VLPl2_posterior,central_brain
LHAV2b1,LHAV2b1,VLPl2_posterior,central_brain
CB2791,LHAV2b4,VLPl2_posterior,central_brain
CB2793,NA,VLPl2_posterior,central_brain
CB2802,NA,VLPl2_posterior,central_brain
CB2877,NA,VLPl2_posterior,central_brain
CB3014,NA,VLPl2_posterior,central_brain
CB3092,LHAV2b4,VLPl2_posterior,central_brain
LHAV2b10,LHAV2b10,VLPl2_posterior,central_brain
LHAV2b11,LHAV2b11,VLPl2_posterior,central_brain
LHAV2b2a,LHAV2b2,VLPl2_posterior,central_brain
LHAV2b2b,LHAV2b2,VLPl2_posterior,central_brain
LHAV2b6,LHAV2b6,VLPl2_posterior,central_brain
LHAV2b7_b,LHAV2b7_b,VLPl2_posterior,central_brain
LHAV2g1b,LHAV2g1,VLPl2_posterior,central_brain
LHAV2g2_a,LHAV2g2,VLPl2_posterior,central_brain
LHAV2g2_b,LHAV2g2,VLPl2_posterior,central_brain
LHAV2g3,LHAV2g3,VLPl2_posterior,central_brain
PVLP049,PVLP049,VLPl2_posterior,central_brain
PLP059a,NA,VLPl2_posterior,central_brain
CB1183,LHAV2c1,VLPl2_posterior,central_brain
CB1883,NA,VLPl2_posterior,central_brain
CB3317,NA,VLPl2_posterior,central_brain
CB2596,LHAV2b7_a,VLPl2_posterior,central_brain
LHAV2b7_a,LHAV2b7_a,VLPl2_posterior,central_brain
LHAV2g1a,LHAV2g1,VLPl2_posterior,central_brain
PLP059b,NA,VLPl2_posterior,central_brain
LHAV2g5,LHAV2g5,VLPl2_posterior,central_brain
LHAV2b9,LHAV2b9,VLPl2_posterior,central_brain
LHAV2g2_a,LHAV2g3,VLPl2_posterior,central_brain
"AVLP393,AVLP395",AVLP393,VLPl4_anterior,central_brain
"AVLP393,AVLP395",AVLP395,VLPl4_anterior,central_brain
AVLP394,AVLP394,VLPl4_anterior,central_brain
AVLP419a,AVLP419,VLPl4_anterior,central_brain
AVLP419b,AVLP419,VLPl4_anterior,central_brain
"AVLP420_a,AVLP427",AVLP420_a,VLPl4_anterior,central_brain
"AVLP420_a,AVLP427",AVLP427,VLPl4_anterior,central_brain
AVLP420_b,AVLP420_b,VLPl4_anterior,central_brain
AVLP423,AVLP423,VLPl4_anterior,central_brain
AVLP436,AVLP436,VLPl4_anterior,central_brain
AVLP441,AVLP441,VLPl4_anterior,central_brain
CB1417,NA,VLPl4_anterior,central_brain
CB1613,NA,VLPl4_anterior,central_brain
CB1682,NA,VLPl4_anterior,central_brain
CB2681,NA,VLPl4_anterior,central_brain
CB2847,NA,VLPl4_anterior,central_brain
CB3186,NA,VLPl4_anterior,central_brain
PVLP080a,PVLP080,VLPl4_anterior,central_brain
PVLP080b,PVLP080,VLPl4_anterior,central_brain
PVLP081,PVLP081,VLPl4_anterior,central_brain
PVLP082a,PVLP082,VLPl4_anterior,central_brain
PVLP082b,PVLP082,VLPl4_anterior,central_brain
PVLP088,PVLP088,VLPl4_anterior,central_brain
AVLP423,NA,VLPl4_anterior,central_brain
PVLP088,NA,VLPl4_anterior,central_brain
AVLP421,AVLP421,VLPl4_anterior,central_brain
AVLP418,AVLP418,VLPl4_anterior,central_brain
AVLP010,AVLP010,VLPl4_dorsal,central_brain
"AVLP011,AVLP012",AVLP011,VLPl4_dorsal,central_brain
"AVLP011,AVLP012",AVLP012,VLPl4_dorsal,central_brain
AVLP013,AVLP013,VLPl4_dorsal,central_brain
AVLP014,AVLP014,VLPl4_dorsal,central_brain
CB1412,NA,VLPl4_dorsal,central_brain
CB1701,LHAV4e5,VLPl4_dorsal,central_brain
CB1701,LHAV4e2_a,VLPl4_dorsal,central_brain
CB1916,SLP002,VLPl4_dorsal,central_brain
CB2750,LHAV4e2_b,VLPl4_dorsal,central_brain
CB2758,NA,VLPl4_dorsal,central_brain
CB2835,LHAV4e7,VLPl4_dorsal,central_brain
CB2862,LHAV4e5,VLPl4_dorsal,central_brain
CB2862,LHAV4e2_a,VLPl4_dorsal,central_brain
CB2965,LHAV4e2_b,VLPl4_dorsal,central_brain
CB2973,LHAV4e2_b,VLPl4_dorsal,central_brain
CB2983,LHAV4e5,VLPl4_dorsal,central_brain
CB2983,LHAV4e2_a,VLPl4_dorsal,central_brain
CB3123,LHAV4e7,VLPl4_dorsal,central_brain
CB3352,SLP002,VLPl4_dorsal,central_brain
CB3726,LHAV4e7_b,VLPl4_dorsal,central_brain
LHAV4a4,LHAV4a4,VLPl4_dorsal,central_brain
LHAV4c1,LHAV4c1,VLPl4_dorsal,central_brain
LHAV4i2,LHAV4i1,VLPl4_dorsal,central_brain
LHAV4i1,LHAV4i1,VLPl4_dorsal,central_brain
LHAV4i2,PLP003,VLPl4_dorsal,central_brain
LHAV4i2,LHAV4i2,VLPl4_dorsal,central_brain
PLP003,PLP003,VLPl4_dorsal,central_brain
PLP003,LHAV4i2,VLPl4_dorsal,central_brain
CB1248,SLP002,VLPl4_dorsal,central_brain
AVLP571,AVLP571,VLPp&l1__prim,central_brain
AVLP572,AVLP572,VLPp&l1__prim,central_brain
AVLP574,AVLP574,VLPp&l1__prim,central_brain
AVLP575,AVLP575,VLPp&l1__prim,central_brain
AVLP576,AVLP576,VLPp&l1__prim,central_brain
AVLP577,AVLP577,VLPp&l1__prim,central_brain
AVLP578,AVLP578,VLPp&l1__prim,central_brain
AVLP573,AVLP573,VLPp&l1__prim,central_brain
AVLP465a,AVLP465,VLPp&l1_anterior,central_brain
AVLP465b,AVLP465,VLPp&l1_anterior,central_brain
AVLP465c,AVLP465,VLPp&l1_anterior,central_brain
AVLP469a,AVLP469,VLPp&l1_anterior,central_brain
AVLP469b,AVLP469,VLPp&l1_anterior,central_brain
CB0154,PVLP095,VLPp&l1_anterior,central_brain
CB0385,PVLP096,VLPp&l1_anterior,central_brain
CB0732,PVLP098,VLPp&l1_anterior,central_brain
CB1527,LHPV2c1,VLPp&l1_anterior,central_brain
CB1632,NA,VLPp&l1_anterior,central_brain
CB1962,NA,VLPp&l1_anterior,central_brain
CB1966,LHPV2c1,VLPp&l1_anterior,central_brain
CB2185,NA,VLPp&l1_anterior,central_brain
CB2251,AVLP466,VLPp&l1_anterior,central_brain
CB2251,AVP467,VLPp&l1_anterior,central_brain
CB2396,NA,VLPp&l1_anterior,central_brain
CB2495,NA,VLPp&l1_anterior,central_brain
CB2581,NA,VLPp&l1_anterior,central_brain
CB2828,LHPV2c1,VLPp&l1_anterior,central_brain
CB2998,LHPV2c5,VLPp&l1_anterior,central_brain
CB3061,LHPV2c5,VLPp&l1_anterior,central_brain
CB3108,NA,VLPp&l1_anterior,central_brain
CB3273,NA,VLPp&l1_anterior,central_brain
CB3294,LHPV2c4,VLPp&l1_anterior,central_brain
CB3528,AVLP466,VLPp&l1_anterior,central_brain
CB3528,AVP467,VLPp&l1_anterior,central_brain
CL127,CL127,VLPp&l1_anterior,central_brain
CL128a,CL128,VLPp&l1_anterior,central_brain
CL128b,CL128,VLPp&l1_anterior,central_brain
CL128c,CL128,VLPp&l1_anterior,central_brain
LHPV2c2a,LHPV2c2,VLPp&l1_anterior,central_brain
LHPV2c2b,LHPV2c2,VLPp&l1_anterior,central_brain
LHPV2c4,LHPV2e1_a,VLPp&l1_anterior,central_brain
LHPV2e1_a,LHPV2e1_a,VLPp&l1_anterior,central_brain
LTe63,PS104,VLPp&l1_anterior,optic_lobe
"PLP084,PLP085",PLP084,VLPp&l1_anterior,central_brain
"PLP084,PLP085",PLP085,VLPp&l1_anterior,central_brain
PLP086a,PLP086,VLPp&l1_anterior,central_brain
PLP086b,PLP086,VLPp&l1_anterior,central_brain
PLP087a,PLP087,VLPp&l1_anterior,central_brain
PLP087b,PLP087,VLPp&l1_anterior,central_brain
PLP089b,PLP089,VLPp&l1_anterior,central_brain
PVLP094,PVLP094,VLPp&l1_anterior,central_brain
PVLP097,PVLP097,VLPp&l1_anterior,central_brain
PVLP099,PVLP099,VLPp&l1_anterior,central_brain
PVLP100,PVLP100,VLPp&l1_anterior,central_brain
PVLP101a,PVLP101,VLPp&l1_anterior,central_brain
PVLP101b,PVLP101,VLPp&l1_anterior,central_brain
PVLP101c,PVLP101,VLPp&l1_anterior,central_brain
PVLP102,PVLP102,VLPp&l1_anterior,central_brain
PVLP103,PVLP103,VLPp&l1_anterior,central_brain
PVLP104,PVLP104,VLPp&l1_anterior,central_brain
PVLP105,PVLP105,VLPp&l1_anterior,central_brain
LHPV2c4,LHPV2c4,VLPp&l1_anterior,central_brain
LC40,LC40a,VLPp&l1_lateral,optic_lobe
LC40,LC40b,VLPp&l1_lateral,optic_lobe
LC41,LC41,VLPp&l1_lateral,optic_lobe
LC43,LC43,VLPp&l1_lateral,optic_lobe
LC44,LC44,VLPp&l1_lateral,optic_lobe
LC45,LC45a,VLPp&l1_lateral,optic_lobe
LC45,LC45b,VLPp&l1_lateral,optic_lobe
LPTe02,PLP207,VLPp&l1_lateral,optic_lobe
LAL140,LAL140,VLPp&l1_posterior,central_brain
LAL142,LAL142,VLPp&l1_posterior,central_brain
LPT53,NA,VLPp&l1_posterior,central_brain
LT43,LT43,VLPp&l1_posterior,optic_lobe
PLP172,PLP172,VLPp&l1_posterior,central_brain
PLP173,PLP173,VLPp&l1_posterior,central_brain
PS178,PS178,VLPp&l1_posterior,central_brain
WED122,WED122,VLPp&l1_posterior,central_brain
cL18,PLP195,VLPp&l1_posterior,central_brain
cLP03,NA,VLPp&l1_posterior,central_brain
LT38,LT38,VLPp&l1_posterior,central_brain
LT41,LT41,VLPp&l1_posterior,central_brain
PLP169,PLP169,VLPp&l1_posterior,central_brain
WED121,WED121,VLPp&l1_posterior,central_brain
LT40,LT40,VLPp&l1_posterior,central_brain
VES063a,VES063,VLPp&l1_posterior,central_brain
VES063b,VES063,VLPp&l1_posterior,central_brain
LT38,NA,VLPp&l1_posterior,central_brain
AVLP541a,AVLP541,VLPp1,central_brain
CB1714,AVLP541,VLPp1,central_brain
AVLP541b,AVLP541,VLPp1,central_brain
AVLP542,AVLP542,VLPp1,central_brain
AVLP546,AVLP546,VLPp1,central_brain
AVLP547a,AVLP547,VLPp1,central_brain
AVLP547b,AVLP547,VLPp1,central_brain
AVLP548_b,AVLP548_b,VLPp1,central_brain
AVLP548_d,AVLP548_d,VLPp1,central_brain
AVLP548_e,AVLP548_e,VLPp1,central_brain
AVLP548_f,AVLP548_f,VLPp1,central_brain
AVLP550b,AVLP550,VLPp1,central_brain
AVLP550a,AVLP550,VLPp1,central_brain
AVLP555,AVLP555,VLPp1,central_brain
AVLP557,AVLP557,VLPp1,central_brain
AVLP557,AVLP558,VLPp1,central_brain
AVLP558,AVLP558,VLPp1,central_brain
AVLP559a,AVLP559,VLPp1,central_brain
AVLP559b,AVLP559,VLPp1,central_brain
AVLP559c,AVLP559,VLPp1,central_brain
AVLP550a,AVLP549,VLPp1,central_brain
CB1549,NA,VLPp1,central_brain
CB1714,NA,VLPp1,central_brain
CB1959,NA,VLPp1,central_brain
CB2086,NA,VLPp1,central_brain
CB2287,AVLP548_g,VLPp1,central_brain
CB2374,NA,VLPp1,central_brain
CB2829,AVLP549,VLPp1,central_brain
CB3384,NA,VLPp1,central_brain
CB3619,NA,VLPp1,central_brain
CB3858,NA,VLPp1,central_brain
CB3859,AVLP551,VLPp1,central_brain
CB3859,AVLP552,VLPp1,central_brain
CB3861,AVLP551,VLPp1,central_brain
CB3861,AVLP552,VLPp1,central_brain
CB3863,AVLP551,VLPp1,central_brain
CB3863,AVLP552,VLPp1,central_brain
PLP170,PLP170,VLPp1,central_brain
AVLP579,AVLP579,VLPp2,central_brain
CB0343,NA,VLPp2,central_brain
CB1378,NA,VLPp2,central_brain
CB1426,NA,VLPp2,central_brain
CB1642,NA,VLPp2,central_brain
CB1649,NA,VLPp2,central_brain
CB1734,NA,VLPp2,central_brain
CB1745,NA,VLPp2,central_brain
CB2102,NA,VLPp2,central_brain
CB2271,NA,VLPp2,central_brain
CB2352,NA,VLPp2,central_brain
CB2591,NA,VLPp2,central_brain
CB2712,NA,VLPp2,central_brain
CB2917,NA,VLPp2,central_brain
CB2997,NA,VLPp2,central_brain
CB3066,NA,VLPp2,central_brain
CB3114,NA,VLPp2,central_brain
CB3164,NA,VLPp2,central_brain
CB3376,NA,VLPp2,central_brain
CL321,CL321,VLPp2,central_brain
CL323a,CL323,VLPp2,central_brain
CL323b,CL323,VLPp2,central_brain
PLP222,PLP222,VLPp2,central_brain
PLP223,PLP223,VLPp2,central_brain
"PS197,PS198",PS198,VLPp2,central_brain
PS208a,PS208,VLPp2,central_brain
PS208b,PS208,VLPp2,central_brain
PS209,PS209,VLPp2,central_brain
PS210,PS210,VLPp2,central_brain
WED127,WED127,VLPp2,central_brain
VLPp2__0,NA,VLPp2,central_brain
CB4103,NA,VLPp2,central_brain
WED124,WED124,VLPp2,central_brain
WED125,WED125,VLPp2,central_brain
"WED128,WED129",WED128,VLPp2,central_brain
"WED128,WED129",WED129,VLPp2,central_brain
WED130,WED130,VLPp2,central_brain
CL319,CL319,VLPp2__prim,central_brain
PS202,PS202,VLPp2__prim,central_brain
LC22,LC22,VPNd1,optic_lobe
LC29,LC29,VPNd1,optic_lobe
LPLC1,LPLC1,VPNd1,optic_lobe
LPLC2,LPLC2,VPNd1,optic_lobe
LPLC4,LPLC4,VPNd1,optic_lobe
LC10a,LC10,VPNd2,optic_lobe
LC10b,LC10,VPNd2,optic_lobe
LC10c,LC10,VPNd2,optic_lobe
LC10d,LC10,VPNd2,optic_lobe
LC10e,LC10,VPNd2,optic_lobe
LC10f,LC10,VPNd2,optic_lobe
LC6,LC6,VPNd3,optic_lobe
LC9,LC9,VPNd3,optic_lobe
LHAV5a2_a1,LHAV5a2_a,VPNl&d1_dorsal,central_brain
CB1167,LHAV5b1,VPNl&d1_dorsal,central_brain
LHAV5a2_a2,LHAV5a2_a,VPNl&d1_dorsal,central_brain
LHAV5a2_a3,LHAV5a2_a,VPNl&d1_dorsal,central_brain
LHAV5a2_a4,LHAV5a2_a,VPNl&d1_dorsal,central_brain
CB1389,NA,VPNl&d1_dorsal,central_brain
CB1629,NA,VPNl&d1_dorsal,central_brain
CB1739,LHAV5a9_a,VPNl&d1_dorsal,central_brain
CB1776,NA,VPNl&d1_dorsal,central_brain
CB1859,NA,VPNl&d1_dorsal,central_brain
CB1909,NA,VPNl&d1_dorsal,central_brain
CB1912,LHAV5c1,VPNl&d1_dorsal,central_brain
CB2047,NA,VPNl&d1_dorsal,central_brain
CB2051,NA,VPNl&d1_dorsal,central_brain
CB2089,NA,VPNl&d1_dorsal,central_brain
CB2096,LHAV5a4_a,VPNl&d1_dorsal,central_brain
CB2296,LHAV5b2,VPNl&d1_dorsal,central_brain
CB2476,LHAV5a6_b,VPNl&d1_dorsal,central_brain
CB2715,LHAV5a6_a,VPNl&d1_dorsal,central_brain
CB2744,NA,VPNl&d1_dorsal,central_brain
CB2744,LHAV5a4_c,VPNl&d1_dorsal,central_brain
CB2823,NA,VPNl&d1_dorsal,central_brain
LHAV5a2_d,LHAV5a2_d,VPNl&d1_dorsal,central_brain
LHAV5a2_b,LHAV5a2_b,VPNl&d1_dorsal,central_brain
CB3160,LHAV5a8,VPNl&d1_dorsal,central_brain
LHAV5a1,NA,VPNl&d1_dorsal,central_brain
LHAV5a10_b,LHAV5a10_b,VPNl&d1_dorsal,central_brain
MTe10,NA,VPNl&d1_lateral,optic_lobe
MeMe_e01,NA,VPNl&d1_lateral,optic_lobe
MeMe_e02,NA,VPNl&d1_lateral,optic_lobe
MeMe_e04,NA,VPNl&d1_lateral,optic_lobe
MeMe_e07,NA,VPNl&d1_lateral,optic_lobe
MeMe_e08,NA,VPNl&d1_lateral,optic_lobe
MeMe_e09,NA,VPNl&d1_lateral,optic_lobe
MeMe_e10,NA,VPNl&d1_lateral,optic_lobe
LT51,LT51,VPNl&d1_medial_Lee,optic_lobe
AVLP486,AVLP486,VPNp&v1_posterior,central_brain
AVLP487,AVLP487,VPNp&v1_posterior,central_brain
AVLP560,AVLP560,VPNp&v1_posterior,central_brain
CB0280,NA,VPNp&v1_posterior,central_brain
CB1107,AVLP481,VPNp&v1_posterior,central_brain
CB1195,LHPV2a3,VPNp&v1_posterior,central_brain
CB1363,LHPV2b3,VPNp&v1_posterior,central_brain
CB1375,LHPV2b4,VPNp&v1_posterior,central_brain
CB1380,AVLP481,VPNp&v1_posterior,central_brain
CB1395,AVLP480,VPNp&v1_posterior,central_brain
CB1395,PVLP110,VPNp&v1_posterior,central_brain
CB1447,NA,VPNp&v1_posterior,central_brain
CB1490,LHPV2b2_a,VPNp&v1_posterior,central_brain
LHPV2a1_c,LHPV2a1_c,VPNp&v1_posterior,central_brain
CB1660,AVLP484,VPNp&v1_posterior,central_brain
CB1660,AVLP485,VPNp&v1_posterior,central_brain
CB1774,NA,VPNp&v1_posterior,central_brain
CB1982,NA,VPNp&v1_posterior,central_brain
LHPV2a5,LHPV2a5,VPNp&v1_posterior,central_brain
LHPV2a4,LHPV2a4,VPNp&v1_posterior,central_brain
CB2141,LHPV2a2,VPNp&v1_posterior,central_brain
CB2151,NA,VPNp&v1_posterior,central_brain
CB2201,LHPV2b2_a,VPNp&v1_posterior,central_brain
CB2260,AVLP483,VPNp&v1_posterior,central_brain
CB2334,AVLP480,VPNp&v1_posterior,central_brain
CB2334,PVLP110,VPNp&v1_posterior,central_brain
CB2378,LHPV2b1,VPNp&v1_posterior,central_brain
CB2493,LHPV2a3,VPNp&v1_posterior,central_brain
CB2724,LHPV2b2_a,VPNp&v1_posterior,central_brain
CB2922,NA,VPNp&v1_posterior,central_brain
CB3013,NA,VPNp&v1_posterior,central_brain
LHPV2b5,LHPV2b5,VPNp&v1_posterior,central_brain
CB3654,NA,VPNp&v1_posterior,central_brain
CB3655,WED106,VPNp&v1_posterior,central_brain
CL252,CL252,VPNp&v1_posterior,central_brain
CL253,CL253,VPNp&v1_posterior,central_brain
CL254,CL254,VPNp&v1_posterior,central_brain
CL255,CL255,VPNp&v1_posterior,central_brain
LC36,LC36,VPNp&v1_posterior,optic_lobe
LC36,PLP152,VPNp&v1_posterior,optic_lobe
LHPV2a1_a,LHPV2a1,VPNp&v1_posterior,central_brain
LHPV2a1_a,LHPV2a1_a,VPNp&v1_posterior,central_brain
LHPV2a1_d,LHPV2a1,VPNp&v1_posterior,central_brain
LHPV2a1_c,LHPV2a1,VPNp&v1_posterior,central_brain
LHPV2a5,LHPV2a2,VPNp&v1_posterior,central_brain
LHPV2d1,LHPV2d1,VPNp&v1_posterior,central_brain
LHPV2f2,LHPV2f2,VPNp&v1_posterior,central_brain
LT67,LT67,VPNp&v1_posterior,optic_lobe
LTe02,hb545389295,VPNp&v1_posterior,optic_lobe
LTe02,hb575409523,VPNp&v1_posterior,optic_lobe
LTe04,hb1596811105,VPNp&v1_posterior,optic_lobe
LTe06,hb666843305,VPNp&v1_posterior,optic_lobe
LTe10,NA,VPNp&v1_posterior,optic_lobe
LTe24,hb543702551,VPNp&v1_posterior,optic_lobe
LTe30,NA,VPNp&v1_posterior,optic_lobe
LTe38a,PLP152,VPNp&v1_posterior,optic_lobe
LTe38b,NA,VPNp&v1_posterior,optic_lobe
LTe58,PLP153,VPNp&v1_posterior,optic_lobe
LTe73,SLP449,VPNp&v1_posterior,optic_lobe
MB-C1,MB-C1,VPNp&v1_posterior,central_brain
PLP149,PLP149,VPNp&v1_posterior,central_brain
PLP150a,PLP150,VPNp&v1_posterior,central_brain
PLP150b,PLP150,VPNp&v1_posterior,central_brain
PLP150c,PLP150,VPNp&v1_posterior,central_brain
PLP154,PLP154,VPNp&v1_posterior,central_brain
PLP155,PLP155,VPNp&v1_posterior,central_brain
PLP156,PLP156,VPNp&v1_posterior,central_brain
PLP158,PLP158,VPNp&v1_posterior,central_brain
PLP159,PLP159,VPNp&v1_posterior,central_brain
PLP160,PLP160,VPNp&v1_posterior,central_brain
PLP171,PLP171,VPNp&v1_posterior,central_brain
PVLP108,PVLP108,VPNp&v1_posterior,central_brain
PVLP109,PVLP109,VPNp&v1_posterior,central_brain
PVLP111,PVLP111,VPNp&v1_posterior,central_brain
PVLP112a,PVLP112,VPNp&v1_posterior,central_brain
PVLP112b,PVLP112,VPNp&v1_posterior,central_brain
PVLP113,PVLP113,VPNp&v1_posterior,central_brain
WEDPN6A,WEDPN6A,VPNp&v1_posterior,central_brain
"WEDPN6B, WEDPN6C",WEDPN6B,VPNp&v1_posterior,central_brain
"WEDPN6B, WEDPN6C",WEDPN6C,VPNp&v1_posterior,central_brain
CB1067,LHPV2b1,VPNp&v1_posterior,central_brain
CB1258,LHPV2b3,VPNp&v1_posterior,central_brain
LTe36,hb574058475,VPNp&v1_posterior,optic_lobe
NA,NA,VPNp&v1_posterior,central_brain
CL282,CL282,VPNp&v1_ventral,central_brain
CL283a,CL283,VPNp&v1_ventral,central_brain
CL283b,CL283,VPNp&v1_ventral,central_brain
CL283c,CL283,VPNp&v1_ventral,central_brain
IB059a,IB059,VPNp&v1_ventral,central_brain
LC37,LC37a,VPNp&v1_ventral,optic_lobe
LC37,LC37b,VPNp&v1_ventral,optic_lobe
LT74,LT74,VPNp&v1_ventral,optic_lobe
LT78,LT78,VPNp&v1_ventral,optic_lobe
PLP180,PLP180,VPNp&v1_ventral,central_brain
PLP182,PLP182,VPNp&v1_ventral,central_brain
"PLP185,PLP186",PLP185,VPNp&v1_ventral,central_brain
"PLP185,PLP186",PLP186,VPNp&v1_ventral,central_brain
LC39,LC39,VPNp&v1_ventral,optic_lobe
LT73,LT73,VPNp&v1_ventral,optic_lobe
LT77,NA,VPNp&v1_ventral,optic_lobe
LTe29,NA,VPNp&v1_ventral,optic_lobe
LTe47,CL285,VPNp&v1_ventral,optic_lobe
LTe59a,PLP183,VPNp&v1_ventral,optic_lobe
PLP181,PLP181,VPNp&v1_ventral,central_brain
LT77,LT77,VPNp&v1_ventral,optic_lobe
LTe59b,PLP183,VPNp&v1_ventral,optic_lobe
IB059b,IB059,VPNp&v1_ventral,central_brain
CL315,CL315,VPNp&v1_ventral,central_brain
LTe46,CL284,VPNp&v1_ventral,optic_lobe
LC14a1,LC14,VPNp1_lateral,optic_lobe
LC14a2,LC14,VPNp1_lateral,optic_lobe
LC14b,LC14,VPNp1_lateral,optic_lobe
LC19,NA,VPNp1_lateral,optic_lobe
LCe06,NA,VPNp1_lateral,optic_lobe
LCe07,NA,VPNp1_lateral,optic_lobe
LT81,LT81,VPNp1_lateral,optic_lobe
"(PLP191,PLP192)a",PLP191,VPNp1_medial,central_brain
"(PLP191,PLP192)a",PLP192,VPNp1_medial,central_brain
"(PLP191,PLP192)b",PLP191,VPNp1_medial,central_brain
"(PLP191,PLP192)b",PLP192,VPNp1_medial,central_brain
CB0952,LHPV3a3_b,VPNp1_medial,central_brain
CB1961,LHPV3b1_a,VPNp1_medial,central_brain
CB2796,LHPV3b1_a,VPNp1_medial,central_brain
LHPV3a3_c,LHPV3a3_c,VPNp1_medial,central_brain
LHPV3a1,LHPV3a1,VPNp1_medial,central_brain
LHPV3a2,LHPV3a2,VPNp1_medial,central_brain
LHPV3b1_b,LHPV3b1_b,VPNp1_medial,central_brain
PLP187,PLP187,VPNp1_medial,central_brain
"PLP188,PLP189",PLP188,VPNp1_medial,central_brain
"PLP188,PLP189",PLP189,VPNp1_medial,central_brain
"(PLP191,PLP192)a",PLP190,VPNp1_medial,central_brain
PLP190,PLP190,VPNp1_medial,central_brain
PVLP133,PVLP133,VPNp1_medial,central_brain
PVLP134,PVLP134,VPNp1_medial,central_brain
WED120,WED120,VPNp1_medial,central_brain
PVLP134,PLP188,VPNp1_medial,central_brain
PVLP134,PLP189,VPNp1_medial,central_brain
LC18,LC18,VPNp2,optic_lobe
LC11,LC11,VPNp3,optic_lobe
LC21,LC21,VPNp3,optic_lobe
LC17,LC17,VPNv1,optic_lobe
LC16,LC16,VPNv2,optic_lobe
CB0027,NA,WEDa1,central_brain
CB0307,NA,WEDa1,central_brain
CB1065,NA,WEDa1,central_brain
CB1098,NA,WEDa1,central_brain
CB1198,NA,WEDa1,central_brain
CB1231,NA,WEDa1,central_brain
CB1383,NA,WEDa1,central_brain
CB1538,NA,WEDa1,central_brain
CB1760,NA,WEDa1,central_brain
CB1942,NA,WEDa1,central_brain
CB1948,NA,WEDa1,central_brain
CB1969,NA,WEDa1,central_brain
CB2023,NA,WEDa1,central_brain
CB2072,NA,WEDa1,central_brain
CB2228,NA,WEDa1,central_brain
CB2238,NA,WEDa1,central_brain
CB2824,NA,WEDa1,central_brain
CB3024,NA,WEDa1,central_brain
CB3064,NA,WEDa1,central_brain
CB3105,NA,WEDa1,central_brain
CB3245,NA,WEDa1,central_brain
CB3491,NA,WEDa1,central_brain
CB3552,NA,WEDa1,central_brain
SAD021_a,SAD021_a,WEDa1,central_brain
SAD021_c,SAD021_c,WEDa1,central_brain
SAD023,SAD023,WEDa1,central_brain
SAD030,SAD030,WEDa1,central_brain
WED056,WED056,WEDa1,central_brain
WED057,WED057,WEDa1,central_brain
WEDa1__0,NA,WEDa1,central_brain
CB1314,NA,WEDa1,central_brain
NA,NA,WEDa1,central_brain
CB0086,NA,WEDa2,central_brain
CB0259,NA,WEDa2,central_brain
CB0316,NA,WEDa2,central_brain
CB0342,NA,WEDa2,central_brain
CB1754,WED030,WEDa2,central_brain
CB2203,WED030,WEDa2,central_brain
CB2834,WED030,WEDa2,central_brain
CB2957,WED030,WEDa2,central_brain
CB3453,NA,WEDa2,central_brain
CB3568,PLP028,WEDa2,central_brain
PLP020,PLP020,WEDa2,central_brain
PLP021,PLP021,WEDa2,central_brain
PLP025a,PLP025,WEDa2,central_brain
PLP025b,PLP025,WEDa2,central_brain
"PLP026,PLP027",PLP026,WEDa2,central_brain
"PLP026,PLP027",PLP027,WEDa2,central_brain
PLP028,PLP028,WEDa2,central_brain
PS048b,PS048,WEDa2,central_brain
PS054,PS054,WEDa2,central_brain
PS055,PS055,WEDa2,central_brain
VES010,VES010,WEDa2,central_brain
WED024,WED024,WEDa2,central_brain
WED025,WED025,WEDa2,central_brain
WED026,WED026,WEDa2,central_brain
WED26b,WED026,WEDa2,central_brain
WED028,WED028,WEDa2,central_brain
WED031,WED031,WEDa2,central_brain
WED032,WED032,WEDa2,central_brain
WED033,WED033,WEDa2,central_brain
WEDPN1A,WEDPN1A,WEDa2,central_brain
WEDPN2A,WEDPN2A,WEDa2,central_brain
WEDPN2B,WEDPN2B,WEDa2,central_brain
WEDPN3,WEDPN3,WEDa2,central_brain
WEDPN4,WEDPN4,WEDa2,central_brain
LAL048,NA,WEDa2,central_brain
PLP015,PLP015,WEDa2,central_brain
PLP017,PLP017,WEDa2,central_brain
PLP022,PLP022,WEDa2,central_brain
PLP023,PLP023,WEDa2,central_brain
PLP024,PLP024,WEDa2,central_brain
PS048a,PS048,WEDa2,central_brain
WED023,WED023,WEDa2,central_brain
WED26b,WED025,WEDa2,central_brain
WEDPN1B,WEDPN1B,WEDa2,central_brain
NA,NA,WEDa2,central_brain
WEDPN5,NA,WEDa2,central_brain
CB1125,NA,WEDd1,central_brain
SAD003,SAD003,WEDd1,central_brain
CB1268,NA,WEDd1,central_brain
CB1270,PS042,WEDd1,central_brain
CB1407,NA,WEDd1,central_brain
CB1455,NA,WEDd1,central_brain
CB1977,PS043,WEDd1,central_brain
CB1977,PS044,WEDd1,central_brain
CB2309,NA,WEDd1,central_brain
CB2497,PS043,WEDd1,central_brain
CB2497,PS044,WEDd1,central_brain
CB2710,WEDPN8C,WEDd1,central_brain
CB3316,NA,WEDd1,central_brain
DNa05,PS028,WEDd1,central_brain
DNa07,DNa07,WEDd1,central_brain
DNa08,DNa08,WEDd1,central_brain
DNa13,LAL041,WEDd1,central_brain
DNa14,CL052,WEDd1,central_brain
DNa15,PS017,WEDd1,central_brain
DNae002,DNa04,WEDd1,central_brain
DNae010,PS016,WEDd1,central_brain
"SAD005,SAD006",SAD005,WEDd1,central_brain
"SAD005,SAD006",SAD006,WEDd1,central_brain
SAD007,SAD007,WEDd1,central_brain
SAD008,SAD008,WEDd1,central_brain
WED004,WED004,WEDd1,central_brain
WEDPN14,WEDPN14,WEDd1,central_brain
WEDPN8B,WEDPN8B,WEDd1,central_brain
WEDPN8D,WEDPN8D,WEDd1,central_brain
CB1131,PS043,WEDd1,central_brain
CB1131,PS044,WEDd1,central_brain
CB1766,PS042,WEDd1,central_brain
CB1849,NA,WEDd1,central_brain
CB2034,NA,WEDd1,central_brain
CB3295,WEDPN8C,WEDd1,central_brain
DNa01,VES006,WEDd1,central_brain
DNa02,DNa02,WEDd1,central_brain
DNa03,DNa03,WEDd1,central_brain
DNa04,PS015,WEDd1,central_brain
DNa06,PS039,WEDd1,central_brain
DNa09,DNa09,WEDd1,central_brain
DNa10,DNa10,WEDd1,central_brain
DNa11,VES008,WEDd1,central_brain
DNa16,PS014,WEDd1,central_brain
DNae001,DNa01,WEDd1,central_brain
DNae003,PS040,WEDd1,central_brain
DNae004,DNa05,WEDd1,central_brain
DNae005,VES009,WEDd1,central_brain
DNae006,PS045,WEDd1,central_brain
DNae007,VES009,WEDd1,central_brain
DNae008,PS012,WEDd1,central_brain
DNae009,PS009,WEDd1,central_brain
IB005,IB005,WEDd1,central_brain
PS041,PS041,WEDd1,central_brain
SAD009,SAD009,WEDd1,central_brain
WEDPN8D,NA,WEDd1,central_brain
WEDPN14,NA,WEDd1,central_brain
aSP22,DNa08,WEDd1,central_brain
"PS043,PS044",SAD005,WEDd1,central_brain
"PS043,PS044",SAD006,WEDd1,central_brain
DNa02,NA,WEDd1,central_brain
DNa06,NA,WEDd1,central_brain
DNxn118,NA,WEDd1,central_brain
DNa14,NA,WEDd1,central_brain
DNxl092,NA,WEDd1,central_brain
DNa15,NA,WEDd1,central_brain
DNut037,NA,WEDd1,central_brain
DNxn123,NA,WEDd1,central_brain
DNa11,NA,WEDd1,central_brain
DNa05,NA,WEDd1,central_brain
DNa16,NA,WEDd1,central_brain
DNxn122,NA,WEDd1,central_brain
DNa04,NA,WEDd1,central_brain
DNa07,NA,WEDd1,central_brain
DNa04,NA,WEDd1,c
DNa13,NA,WEDd1,central_brain
DNa01,NA,WEDd1,central_brain
DNa10,NA,WEDd1,central_brain
DNut060,NA,WEDd1,central_brain
DNa08,NA,WEDd1,central_brain
DNa09,NA,WEDd1,central_brain
DNxl056,NA,WEDd1,central_brain
DNxl022,NA,WEDd1,central_brain
CB0390,NA,WEDd2,central_brain
CB1055,NA,WEDd2,central_brain
CB1056,NA,WEDd2,central_brain
CB1284,NA,WEDd2,central_brain
CB1944,NA,WEDd2,central_brain
CB2213,NA,WEDd2,central_brain
"WED080,WED083,WED084,WED087",WED080,WEDd2,central_brain
"WED080,WED083,WED084,WED087",WED083,WEDd2,central_brain
"WED080,WED083,WED084,WED087",WED084,WEDd2,central_brain
"WED080,WED083,WED084,WED087",WED087,WEDd2,central_brain
WED081,WED081,WEDd2,central_brain
CB0398,WED078,WEDd2,central_brain
CB0398,WED077,WEDd2,central_brain
CB2417,WED078,WEDd2,central_brain
CB2417,WED077,WEDd2,central_brain
CB3888,NA,WEDd2,central_brain
WED082,WED082,WEDd2,central_brain
CB0142,NA,WEDd2,central_brain
CB1510,NA,WEDd2,central_brain
CB2149,NA,WEDd2,central_brain
CB3691,NA,WEDd2,central_brain
WED085,WED085,WEDd2,central_brain
WEDPN10A,WEDPN10A,WEDd2,central_brain
WEDPN10B,WEDPN10B,WEDd2,central_brain
WEDd2__2,NA,WEDd2,central_brain
CB0242,SLP341,no_lineage,central_brain
"CRE008,CRE010",CRE008,no_lineage,central_brain
"CRE008,CRE010",CRE010,no_lineage,central_brain
LHAV6b1,NA,no_lineage,central_brain
LTe72,SLP448,no_lineage,optic_lobe
CRE009,CRE009,no_lineage,central_brain
SEZ_NSC_CAPA,NA,primary,central_brain
LHCENT1,LHCENT1,primary,central_brain
LHCENT2,LHCENT2,primary,central_brain
LHCENT4,LHCENT4,primary,central_brain
DNp44,DNp44,primary,central_brain
LHCENT11,LHCENT11,primary,central_brain
LHCENT5,LHCENT5,primary,central_brain
il3LN6,il3LN6,primary,central_brain
DN1-l,aMe23,primary,central_brain
SEZ_NSC_Hugin,NA,primary,central_brain
LHAV2d1,LHAV2d1,primary,central_brain
LHCENT3,LHCENT3,primary,central_brain
LHCENT6,LHCENT6,primary,central_brain
LHCENT8,LHCENT8,primary,central_brain
LHCENT9,LHCENT9,primary,central_brain
LHPV12a1,LHPV12a1,primary,central_brain
MDN,MDN,primary,central_brain
MDN,NA,primary,central_brain
DNp44,NA,primary,central_brain
5-HTPLP01,5-HTPLP01,putative_primary,central_brain
5-HTPMPV01,5-HTPMPV01,putative_primary,central_brain
AC neuron,aDT4,putative_primary,central_brain
AL-AST1,AL-AST1,putative_primary,central_brain
AL-MBDL1,AL-MBDL1,putative_primary,central_brain
ALBN1,ALBN1,putative_primary,central_brain
ALIN1,ALIN1,putative_primary,central_brain
ALIN2,ALIN2,putative_primary,central_brain
ALIN4,lLN7,putative_primary,central_brain
ALIN5,NA,putative_primary,central_brain
ALIN6,NA,putative_primary,central_brain
ALIN7,NA,putative_primary,central_brain
ALIN8,NA,putative_primary,central_brain
ALON1,NA,putative_primary,central_brain
ALON2,NA,putative_primary,central_brain
ALON3,NA,putative_primary,central_brain
AOTU013,AOTU013,putative_primary,central_brain
AOTU014,AOTU014,putative_primary,central_brain
AOTU028,AOTU028,putative_primary,central_brain
AOTU033,AOTU033,putative_primary,central_brain
AOTU041,AOTU041,putative_primary,central_brain
AOTU042,AOTU042,putative_primary,central_brain
AOTU063a,AOTU063,putative_primary,central_brain
AOTU063b,AOTU063,putative_primary,central_brain
AOTU064,AOTU064,putative_primary,central_brain
AOTU065,AOTU065,putative_primary,central_brain
APL,APL,putative_primary,central_brain
ATL011,ATL011,putative_primary,central_brain
ATL012,ATL012,putative_primary,central_brain
ATL015,ATL015,putative_primary,central_brain
"ATL017,ATL018",ATL017,putative_primary,central_brain
"ATL017,ATL018",ATL018,putative_primary,central_brain
ATL023,ATL023,putative_primary,central_brain
"ATL035,ATL036",ATL035,putative_primary,central_brain
"ATL035,ATL036",ATL036,putative_primary,central_brain
ATL037,ATL037,putative_primary,central_brain
AVLP020,AVLP020,putative_primary,central_brain
AVLP024a,AVLP024,putative_primary,central_brain
AVLP024b,AVLP024,putative_primary,central_brain
AVLP024c,AVLP024,putative_primary,central_brain
AVLP032,AVLP032,putative_primary,central_brain
AVLP053,AVLP053,putative_primary,central_brain
AVLP075,AVLP075,putative_primary,central_brain
AVLP076,AVLP076,putative_primary,central_brain
AVLP151,AVLP151,putative_primary,central_brain
AVLP251,AVLP251,putative_primary,central_brain
AVLP342,AVLP342,putative_primary,central_brain
AVLP428,AVLP428,putative_primary,central_brain
AVLP432,AVLP432,putative_primary,central_brain
AVLP435a,AVLP435,putative_primary,central_brain
AVLP435b,AVLP435,putative_primary,central_brain
AVLP449,AVLP449,putative_primary,central_brain
AVLP471,AVLP471,putative_primary,central_brain
AVLP475a,AVLP475,putative_primary,central_brain
AVLP476,AVLP476,putative_primary,central_brain
AVLP477,AVLP477,putative_primary,central_brain
AVLP479,AVLP479,putative_primary,central_brain
AVLP490,AVLP490,putative_primary,central_brain
AVLP491,AVLP491,putative_primary,central_brain
AVLP500,AVLP500,putative_primary,central_brain
AVLP501,AVLP501,putative_primary,central_brain
AVLP520,AVLP520,putative_primary,central_brain
AVLP532,AVLP532,putative_primary,central_brain
AVLP536,AVLP536,putative_primary,central_brain
AVLP543,AVLP543,putative_primary,central_brain
AstA1,AstA1,putative_primary,central_brain
FB4N,FB4N,putative_primary,central_brain
FB4X,FB4X,putative_primary,central_brain
FB5H,FB5H,putative_primary,central_brain
FB5A,FB5A,putative_primary,central_brain
FB6M,FB6M,putative_primary,central_brain
CB0013,NA,putative_primary,central_brain
CB0021,NA,putative_primary,central_brain
CB0026,NA,putative_primary,central_brain
CB0033,NA,putative_primary,central_brain
CB0045,NA,putative_primary,central_brain
CB0065,NA,putative_primary,central_brain
CB0071,NA,putative_primary,central_brain
CB0130,hb545410502,putative_primary,central_brain
CB0143,NA,putative_primary,central_brain
CB0144,NA,putative_primary,central_brain
CB0150,NA,putative_primary,central_brain
CB0153,NA,putative_primary,central_brain
CB0159,NA,putative_primary,central_brain
CB0170,NA,putative_primary,central_brain
CB0172,NA,putative_primary,central_brain
CB0175,NA,putative_primary,central_brain
CB0196,NA,putative_primary,central_brain
CB0202,NA,putative_primary,central_brain
CB0204,NA,putative_primary,central_brain
CB0223,NA,putative_primary,central_brain
CB0226,NA,putative_primary,central_brain
CB0268,NA,putative_primary,central_brain
CB0296,NA,putative_primary,central_brain
CB0305,NA,putative_primary,central_brain
CB0360,NA,putative_primary,central_brain
CB0369,NA,putative_primary,central_brain
CB0392,NA,putative_primary,central_brain
CB0400,NA,putative_primary,central_brain
CB0404,NA,putative_primary,central_brain
CB0408,NA,putative_primary,central_brain
CB0409,NA,putative_primary,central_brain
CB0426,NA,putative_primary,central_brain
CB0431,NA,putative_primary,central_brain
CB0444,NA,putative_primary,central_brain
CB0448,NA,putative_primary,central_brain
CB0452,NA,putative_primary,central_brain
CB0454,NA,putative_primary,central_brain
CB0458,NA,putative_primary,central_brain
CB0459,NA,putative_primary,central_brain
CB0461,NA,putative_primary,central_brain
CB0463,NA,putative_primary,central_brain
CB0502,NA,putative_primary,central_brain
CB0519,NA,putative_primary,central_brain
CB0524,NA,putative_primary,central_brain
CB0525,NA,putative_primary,central_brain
CB0527,NA,putative_primary,central_brain
CB0539,NA,putative_primary,central_brain
CB0556,NA,putative_primary,central_brain
CB0559,NA,putative_primary,central_brain
CB0574,NA,putative_primary,central_brain
CB0580,NA,putative_primary,central_brain
CB0582,NA,putative_primary,central_brain
CB0584,NA,putative_primary,central_brain
CB0588,NA,putative_primary,central_brain
CB0628,hb1197571795,putative_primary,central_brain
CB0629,hb2005894552,putative_primary,central_brain
CB0631,hb546771021,putative_primary,central_brain
CB0631,hb637487760,putative_primary,central_brain
CB0641,hb699652692,putative_primary,central_brain
CB0646,hb1822686129,putative_primary,central_brain
CB0657,hb1652832941,putative_primary,central_brain
CB0658,hb509945954,putative_primary,central_brain
CB0665,hb916158794,putative_primary,central_brain
CB0668,hb1158610253,putative_primary,central_brain
CB0674,hb5813069767,putative_primary,central_brain
CB0677,hb2035544474,putative_primary,central_brain
CB0683,hb1762351201,putative_primary,central_brain
CB0685,hb825445636,putative_primary,central_brain
CB0687,hb482071823,putative_primary,central_brain
CB0689,hb1760327095,putative_primary,central_brain
CB0690,hb5813078104,putative_primary,central_brain
CB0718,hb1970745542,putative_primary,central_brain
l_NSC_CRZ,NA,putative_primary,central_brain
CB0734,NA,putative_primary,central_brain
CB0757,NA,putative_primary,central_brain
CB0793,NA,putative_primary,central_brain
CB0812,NA,putative_primary,central_brain
CB0865,NA,putative_primary,central_brain
CB0890,NA,putative_primary,central_brain
CB0891,NA,putative_primary,central_brain
CB0917,NA,putative_primary,central_brain
CB1323,NA,putative_primary,central_brain
CB2122,NA,putative_primary,central_brain
CB2685,NA,putative_primary,central_brain
CB2695,NA,putative_primary,central_brain
CB2700,NA,putative_primary,central_brain
CB3286,NA,putative_primary,central_brain
CEM,NA,putative_primary,central_brain
CL001,CL001,putative_primary,central_brain
CL003,CL003,putative_primary,central_brain
CL029b,CL029,putative_primary,central_brain
CL030,CL030,putative_primary,central_brain
CL031,CL031,putative_primary,central_brain
"CL057,CL106",CL057,putative_primary,central_brain
"CL057,CL106",CL106,putative_primary,central_brain
CL063,CL063,putative_primary,central_brain
CL111,CL111,putative_primary,central_brain
CL131,CL131,putative_primary,central_brain
CL135,CL135,putative_primary,central_brain
CL199,CL199,putative_primary,central_brain
CL200,CL200,putative_primary,central_brain
CL215,CL215,putative_primary,central_brain
CL257,CL257,putative_primary,central_brain
CL258,CL258,putative_primary,central_brain
CL263,CL263,putative_primary,central_brain
CL264,CL264,putative_primary,central_brain
CL265,CL265,putative_primary,central_brain
CL288,CL288,putative_primary,central_brain
CL326,CL326,putative_primary,central_brain
CL340,CL340,putative_primary,central_brain
CL356,CL356,putative_primary,central_brain
CL359,CL359,putative_primary,central_brain
CRE004,CRE004,putative_primary,central_brain
CRE011,CRE011,putative_primary,central_brain
CRE012,CRE012,putative_primary,central_brain
CRE013,CRE013,putative_primary,central_brain
CRE021,CRE021,putative_primary,central_brain
CRE022,CRE022,putative_primary,central_brain
CRE023,CRE023,putative_primary,central_brain
CRE024,CRE024,putative_primary,central_brain
CRE048,CRE048,putative_primary,central_brain
CRE050,CRE050,putative_primary,central_brain
CRE069,CRE069,putative_primary,central_brain
CRE071,CRE071,putative_primary,central_brain
CRE074,CRE074,putative_primary,central_brain
CRE075,CRE075,putative_primary,central_brain
CRE076,CRE076,putative_primary,central_brain
CRE107,CRE107,putative_primary,central_brain
CSD,CSD,putative_primary,central_brain
DN1pA,DN1pA,putative_primary,central_brain
l_NSC_DH31,DNES2,putative_primary,central_brain
l_NSC_DH31,DNES3,putative_primary,central_brain
DNb07,PS067,putative_primary,central_brain
DNbe004,PS066,putative_primary,central_brain
DNbe006,NA,putative_primary,central_brain
DNc02,SIFa,putative_primary,central_brain
DNde007,NA,putative_primary,central_brain
DNg103,NA,putative_primary,central_brain
DNg28,NA,putative_primary,central_brain
DNg63,NA,putative_primary,central_brain
DNge003,NA,putative_primary,central_brain
DNge004,NA,putative_primary,central_brain
DNge119,NA,putative_primary,central_brain
DNge148,NA,putative_primary,central_brain
DNp01,Giant Fiber,putative_primary,central_brain
DNp03,DNp03,putative_primary,central_brain
DNp05,DNp05,putative_primary,central_brain
DNp07,DNp07,putative_primary,central_brain
DNp10,DNp10,putative_primary,central_brain
DNp11,DNp11,putative_primary,central_brain
DNp18,DNp18,putative_primary,central_brain
DNp29,NPFP1,putative_primary,central_brain
DNp30,DSKMP1A,putative_primary,central_brain
DNp34,DNp34,putative_primary,central_brain
DNp41,PS294,putative_primary,central_brain
DNp41,PS295,putative_primary,central_brain
DNp41,PS298,putative_primary,central_brain
DNp57,PS195,putative_primary,central_brain
DNp65,NA,putative_primary,central_brain
DNpe002,VES068,putative_primary,central_brain
DNpe014,PS294,putative_primary,central_brain
DNpe014,PS295,putative_primary,central_brain
DNpe014,PS298,putative_primary,central_brain
DNpe026,CL202,putative_primary,central_brain
DNpe031,PVLP116,putative_primary,central_brain
DNpe040,CL320,putative_primary,central_brain
DNpe049,NA,putative_primary,central_brain
DPM,DPM,putative_primary,central_brain
DSKMP3,DSKMP3,putative_primary,central_brain
ExR3,ExR3,putative_primary,central_brain
ExR5,ExR5,putative_primary,central_brain
IB008,IB008,putative_primary,central_brain
IB009,IB009,putative_primary,central_brain
IB010,IB010,putative_primary,central_brain
IB012,IB012,putative_primary,central_brain
IB016,IB016,putative_primary,central_brain
IB048,IB048,putative_primary,central_brain
IB049,IB049,putative_primary,central_brain
IB058,IB058,putative_primary,central_brain
IB115,IB115,putative_primary,central_brain
l_NSC_ITP,NA,putative_primary,central_brain
LAL008,LAL008,putative_primary,central_brain
LAL009,LAL009,putative_primary,central_brain
LAL012,LAL012,putative_primary,central_brain
LAL013,LAL013,putative_primary,central_brain
LAL014,LAL014,putative_primary,central_brain
LAL015,LAL015,putative_primary,central_brain
LAL016,LAL016,putative_primary,central_brain
LAL019,LAL019,putative_primary,central_brain
LAL047,LAL047,putative_primary,central_brain
"LAL074,LAL084",LAL074,putative_primary,central_brain
"LAL074,LAL084",LAL084,putative_primary,central_brain
LAL075,LAL075,putative_primary,central_brain
LAL082,LAL082,putative_primary,central_brain
LAL099,LAL099,putative_primary,central_brain
LAL100,LAL100,putative_primary,central_brain
"LAL104,LAL105",LAL104,putative_primary,central_brain
"LAL104,LAL105",LAL105,putative_primary,central_brain
"LAL111,PS060",LAL111,putative_primary,central_brain
"LAL111,PS060",PS060,putative_primary,central_brain
LAL112,LAL112,putative_primary,central_brain
LAL113,LAL113,putative_primary,central_brain
LAL115,LAL115,putative_primary,central_brain
LAL119,LAL119,putative_primary,central_brain
LAL120a,LAL120,putative_primary,central_brain
LAL122,LAL122,putative_primary,central_brain
LAL123,LAL123,putative_primary,central_brain
"LAL125,LAL108",LAL125,putative_primary,central_brain
"LAL125,LAL108",LAL108,putative_primary,central_brain
LAL145,LAL145,putative_primary,central_brain
LAL154,LAL154,putative_primary,central_brain
LAL155,LAL155,putative_primary,central_brain
LAL156a,LAL156,putative_primary,central_brain
LAL156b,LAL156,putative_primary,central_brain
LAL157,LAL157,putative_primary,central_brain
LAL158,LAL158,putative_primary,central_brain
LAL159,LAL159,putative_primary,central_brain
LAL162,LAL162,putative_primary,central_brain
LAL165,LAL165,putative_primary,central_brain
LAL170,LAL170,putative_primary,central_brain
"LAL171,LAL172",LAL171,putative_primary,central_brain
"LAL171,LAL172",LAL172,putative_primary,central_brain
"LAL173,LAL174",LAL173,putative_primary,central_brain
"LAL173,LAL174",LAL174,putative_primary,central_brain
LAL175,LAL175,putative_primary,central_brain
LAL181,LAL181,putative_primary,central_brain
LAL183,LAL183,putative_primary,central_brain
LAL191,LAL191,putative_primary,central_brain
LAL191,LAL192,putative_primary,central_brain
LAL192,LAL191,putative_primary,central_brain
LAL192,LAL192,putative_primary,central_brain
LAL194,LAL194,putative_primary,central_brain
LAL196,LAL196,putative_primary,central_brain
LAL198,LAL198,putative_primary,central_brain
LAL199,LAL199,putative_primary,central_brain
LHAD1f2,LHAD1f2,putative_primary,central_brain
LHAD1h1,LHAD1h1,putative_primary,central_brain
LHAD1j1,LHAD1j1,putative_primary,central_brain
LHAD1k1,LHAD1k1,putative_primary,central_brain
LHAD4a1,LHAD4a1,putative_primary,central_brain
LHAV2k6,LHAV2k6,putative_primary,central_brain
LHAV2o1,LHAV2o1,putative_primary,central_brain
LHAV2p1,LHAV2p1,putative_primary,central_brain
LHAV3i1,LHAV3i1,putative_primary,central_brain
LHAV4a2,LHAV4a2,putative_primary,central_brain
LHAV4l1,LHAV4l1,putative_primary,central_brain
LHAV6b4,LHAV6b4,putative_primary,central_brain
LHAV6e1,LHAV6e1,putative_primary,central_brain
LHAV6h1,LHAV6h1,putative_primary,central_brain
LHPD2c7,LHPD2c7,putative_primary,central_brain
LHPD5c1,LHPD5c1,putative_primary,central_brain
LHPD5d1,LHPD5d1,putative_primary,central_brain
LHPV10c1,LHPV10c1,putative_primary,central_brain
LHPV3c1,LHPV3c1,putative_primary,central_brain
LHPV4m1,LHPV4m1,putative_primary,central_brain
LHPV5e3,LHPV5e3,putative_primary,central_brain
LHPV5l1,LHPV5l1,putative_primary,central_brain
LHPV6g1,LHPV6g1,putative_primary,central_brain
LHPV6j1,LHPV6j1,putative_primary,central_brain
LHPV6q1,LHPV6q1,putative_primary,central_brain
LHPV7a2,LHPV7a2,putative_primary,central_brain
LHPV7c1,LHPV7c1,putative_primary,central_brain
LPT22,NA,putative_primary,optic_lobe
LPT57,NA,putative_primary,central_brain
LT39,LT39,putative_primary,central_brain
LT42,LT42,putative_primary,central_brain
LT76,LT76,putative_primary,optic_lobe
LTe27,hb1561351296,putative_primary,optic_lobe
LTe48,IB019,putative_primary,optic_lobe
LTe50,PLP070,putative_primary,optic_lobe
LTe76,VES080,putative_primary,optic_lobe
MBON01,MBON01,putative_primary,central_brain
MBON07,MBON07,putative_primary,central_brain
MBON21,MBON21,putative_primary,central_brain
MBON22,MBON22,putative_primary,central_brain
MBON27,MBON27,putative_primary,central_brain
MBON30,MBON30,putative_primary,central_brain
MBON31,MBON31,putative_primary,central_brain
MBON35,MBON35,putative_primary,central_brain
MZ_lv2PN,MZ_lv2PN,putative_primary,central_brain
"M_ilPNm90,M_ilPN8t91",M_ilPNm90,putative_primary,central_brain
"M_ilPNm90,M_ilPN8t91",M_ilPN8t91,putative_primary,central_brain
M_imPNl92,M_imPNl92,putative_primary,central_brain
M_lv2PN9t49a,M_lv2PN9t49,putative_primary,central_brain
M_lv2PN9t49b,M_lv2PN9t49,putative_primary,central_brain
M_smPN6t2,M_smPN6t2,putative_primary,central_brain
M_smPNm1,M_smPNm1,putative_primary,central_brain
M_spPN4t9,M_spPN4t9,putative_primary,central_brain
M_spPN5t10,M_spPN5t10,putative_primary,central_brain
NPFL1-I,NPFL1-I,putative_primary,central_brain
Nod2,hb1315529069,putative_primary,optic_lobe
Nod5,NA,putative_primary,optic_lobe
OA-VPM3,OA-VPM3,putative_primary,central_brain
PLP013,PLP013,putative_primary,central_brain
PLP016,PLP016,putative_primary,central_brain
PLP032,PLP032,putative_primary,central_brain
PLP034,PLP034,putative_primary,central_brain
PLP130,PLP130,putative_primary,central_brain
PLP142,PLP142,putative_primary,central_brain
PLP178,PLP178,putative_primary,central_brain
PLP213,PLP213,putative_primary,central_brain
PLP221,PLP221,putative_primary,central_brain
PLP230,PLP230,putative_primary,central_brain
PLP231,PLP231,putative_primary,central_brain
PLP243,PLP243,putative_primary,central_brain
PLP246,PLP246,putative_primary,central_brain
PLP249,PLP249,putative_primary,central_brain
PPL102,PPL102,putative_primary,central_brain
PPL104,PPL104,putative_primary,central_brain
PPL105,PPL105,putative_primary,central_brain
PPL107,PPL107,putative_primary,central_brain
PPL108,PPL108,putative_primary,central_brain
PS046,PS046,putative_primary,central_brain
PS047b,PS047,putative_primary,central_brain
PS053,PS053,putative_primary,central_brain
PS065,PS065,putative_primary,central_brain
PS124,PS124,putative_primary,central_brain
PS126,PS126,putative_primary,central_brain
PS127,PS127,putative_primary,central_brain
PS146,PS146,putative_primary,central_brain
PS159,PS159,putative_primary,central_brain
PS176,PS176,putative_primary,central_brain
PS196a,PS196,putative_primary,central_brain
PS196b,PS196,putative_primary,central_brain
PS214,PS214,putative_primary,central_brain
PS215,PS215,putative_primary,central_brain
PS217,PS217,putative_primary,central_brain
"PS230,PLP242",PS230,putative_primary,central_brain
"PS230,PLP242",PLP242,putative_primary,central_brain
PS231,PS231,putative_primary,central_brain
PS232,PS232,putative_primary,central_brain
PS237,PS237,putative_primary,central_brain
PS239,PS239,putative_primary,central_brain
"PS240,PS264",PS240,putative_primary,central_brain
"PS240,PS264",PS264,putative_primary,central_brain
PS262,PS262,putative_primary,central_brain
PS263,PS263,putative_primary,central_brain
PS291,PS291,putative_primary,central_brain
PS292,PS292,putative_primary,central_brain
PVLP001,PVLP001,putative_primary,central_brain
PVLP003,PVLP003,putative_primary,central_brain
PVLP019,PVLP019,putative_primary,central_brain
PVLP030,PVLP030,putative_primary,central_brain
PVLP076,PVLP076,putative_primary,central_brain
PVLP084,PVLP084,putative_primary,central_brain
PVLP093,PVLP093,putative_primary,central_brain
PVLP114,PVLP114,putative_primary,central_brain
PVLP115,PVLP115,putative_primary,central_brain
PVLP118,PVLP118,putative_primary,central_brain
PVLP120,PVLP120,putative_primary,central_brain
PVLP130,PVLP130,putative_primary,central_brain
PVLP140,PVLP140,putative_primary,central_brain
PVLP143,PVLP143,putative_primary,central_brain
PVLP148,PVLP148,putative_primary,central_brain
PVLP149,PVLP149,putative_primary,central_brain
PVLP151,PVLP151,putative_primary,central_brain
SAD010,SAD010,putative_primary,central_brain
SAD043,SAD043,putative_primary,central_brain
SAD072,SAD072,putative_primary,central_brain
SAD084,SAD084,putative_primary,central_brain
SIP018,SIP018,putative_primary,central_brain
SIP019,SIP019,putative_primary,central_brain
SIP031,SIP031,putative_primary,central_brain
SIP064,SIP064,putative_primary,central_brain
SLP003,SLP003,putative_primary,central_brain
SLP032,SLP032,putative_primary,central_brain
SLP034,SLP034,putative_primary,central_brain
SLP066,SLP066,putative_primary,central_brain
SLP067,SLP067,putative_primary,central_brain
SLP068,SLP068,putative_primary,central_brain
SLP070,SLP070,putative_primary,central_brain
SLP071,SLP071,putative_primary,central_brain
SLP080,SLP080,putative_primary,central_brain
SLP126,SLP126,putative_primary,central_brain
SLP132,SLP132,putative_primary,central_brain
SLP150,SLP150,putative_primary,central_brain
SLP170,SLP170,putative_primary,central_brain
SLP184,SLP184,putative_primary,central_brain
SLP211,SLP211,putative_primary,central_brain
SLP215,SLP215,putative_primary,central_brain
SLP244,SLP244,putative_primary,central_brain
SLP248,SLP248,putative_primary,central_brain
SLP255,SLP255,putative_primary,central_brain
SLP256,SLP256,putative_primary,central_brain
SLP270,SLP270,putative_primary,central_brain
SLP304a,SLP304,putative_primary,central_brain
SLP304b,SLP304,putative_primary,central_brain
SLP363,SLP363,putative_primary,central_brain
SLP364,SLP364,putative_primary,central_brain
SLP375,SLP375,putative_primary,central_brain
SLP377,SLP377,putative_primary,central_brain
SLP379,SLP379,putative_primary,central_brain
SLP383,SLP383,putative_primary,central_brain
SLP384,SLP384,putative_primary,central_brain
SLP386,SLP386,putative_primary,central_brain
SLP388,SLP388,putative_primary,central_brain
SLP389,SLP389,putative_primary,central_brain
SLP403,SLP403,putative_primary,central_brain
SLP443,SLP443,putative_primary,central_brain
SLP455,SLP455,putative_primary,central_brain
SLP457,SLP457,putative_primary,central_brain
SLP459,SLP459,putative_primary,central_brain
SLP462,SLP462,putative_primary,central_brain
SLP464,SLP464,putative_primary,central_brain
SLP465a,SLP465,putative_primary,central_brain
SLP465b,SLP465,putative_primary,central_brain
SMP001,SMP001,putative_primary,central_brain
SMP028,SMP028,putative_primary,central_brain
SMP029,SMP029,putative_primary,central_brain
SMP040,SMP040,putative_primary,central_brain
SMP043,SMP043,putative_primary,central_brain
"SMP049,SMP076",SMP049,putative_primary,central_brain
"SMP049,SMP076",SMP076,putative_primary,central_brain
SMP050,SMP050,putative_primary,central_brain
SMP053,SMP053,putative_primary,central_brain
SMP075a,SMP075,putative_primary,central_brain
SMP075b,SMP075,putative_primary,central_brain
SMP089,SMP089,putative_primary,central_brain
SMP108,SMP108,putative_primary,central_brain
SMP109,SMP109,putative_primary,central_brain
"SMP144,SMP150",SMP144,putative_primary,central_brain
"SMP144,SMP150",SMP150,putative_primary,central_brain
SMP146,SMP146,putative_primary,central_brain
SMP147,SMP147,putative_primary,central_brain
SMP155,SMP155,putative_primary,central_brain
SMP175,SMP175,putative_primary,central_brain
SMP181,SMP181,putative_primary,central_brain
SMP183,SMP183,putative_primary,central_brain
SMP190,SMP190,putative_primary,central_brain
SMP192,SMP192,putative_primary,central_brain
SMP200,SMP200,putative_primary,central_brain
SMP203,SMP203,putative_primary,central_brain
SMP256,SMP256,putative_primary,central_brain
"SMP292,SMP293,SMP584",SMP292,putative_primary,central_brain
"SMP292,SMP293,SMP584",SMP584,putative_primary,central_brain
"SMP292,SMP293,SMP584",SMP293,putative_primary,central_brain
SMP337,SMP337,putative_primary,central_brain
SMP370,SMP370,putative_primary,central_brain
SMP371,SMP371,putative_primary,central_brain
SMP376,SMP376,putative_primary,central_brain
SMP383,SMP383,putative_primary,central_brain
SMP385,SMP385,putative_primary,central_brain
SMP493,SMP493,putative_primary,central_brain
SMP527,SMP527,putative_primary,central_brain
SMP529,SMP529,putative_primary,central_brain
SMP542,SMP542,putative_primary,central_brain
SMP543,SMP543,putative_primary,central_brain
"SMP544,LAL134",SMP544,putative_primary,central_brain
SMP577,SMP577,putative_primary,central_brain
SMP593,SMP593,putative_primary,central_brain
SMP604,SMP604,putative_primary,central_brain
VES004,VES004,putative_primary,central_brain
VES017,VES017,putative_primary,central_brain
VES027,VES027,putative_primary,central_brain
VES030,VES030,putative_primary,central_brain
VES039,VES039,putative_primary,central_brain
VES040,VES040,putative_primary,central_brain
VES041,VES041,putative_primary,central_brain
VES053,VES053,putative_primary,central_brain
VES054,VES054,putative_primary,central_brain
VES059,VES059,putative_primary,central_brain
VES066,VES066,putative_primary,central_brain
VES071,VES071,putative_primary,central_brain
VES072,VES072,putative_primary,central_brain
VL1_ilPN,VL1_ilPN,putative_primary,central_brain
VP1d_il2PN,VP1d_il2PN,putative_primary,central_brain
VP1l+VP3_ilPN,VP1l+VP3_ilPN,putative_primary,central_brain
VP1m+VP5_ilPN,VP1m+VP5_ilPN,putative_primary,central_brain
VP3+VP1l_ivPN,VP3+VP1l_ivPN,putative_primary,central_brain
VS1,VS,putative_primary,optic_lobe
VS2,VS,putative_primary,optic_lobe
VS3,VS,putative_primary,optic_lobe
VS4,VS,putative_primary,optic_lobe
VS6,VS,putative_primary,optic_lobe
VS7,VS,putative_primary,optic_lobe
VS8,VS,putative_primary,optic_lobe
VST1,VS,putative_primary,optic_lobe
VST2,VS,putative_primary,optic_lobe
VSm,VS,putative_primary,optic_lobe
V_ilPN,V_ilPN,putative_primary,central_brain
WED075,WED075,putative_primary,central_brain
WED076,WED076,putative_primary,central_brain
WED119,WED119,putative_primary,central_brain
WED165,WED165,putative_primary,central_brain
WED181,WED181,putative_primary,central_brain
WEDPN11,WEDPN11,putative_primary,central_brain
aMe17c,aMe17c,putative_primary,central_brain
aMe24,aMe24,putative_primary,central_brain
aSP-g3A,aSP-g3A,putative_primary,central_brain
cL04,NA,putative_primary,central_brain
cL05,NA,putative_primary,central_brain
cL12,IB011,putative_primary,central_brain
cL15,PLP014,putative_primary,central_brain
cL21,PVLP132,putative_primary,central_brain
cL22b,VES015,putative_primary,central_brain
cLLP02,CL033,putative_primary,central_brain
cLP04,PS301,putative_primary,central_brain
cM05,NA,putative_primary,central_brain
cM11,NA,putative_primary,central_brain
cML01,NA,putative_primary,central_brain
mALC3,mALC3,putative_primary,central_brain
mALC4,mALC4,putative_primary,central_brain
mALC5,mALC5,putative_primary,central_brain
mALC6,mALC6,putative_primary,central_brain
NA,NA,putative_primary,central_brain
AOTU019,AOTU019,putative_primary,central_brain
AVLP015,AVLP015,putative_primary,central_brain
AVLP016,AVLP016,putative_primary,central_brain
AVLP017,AVLP017,putative_primary,central_brain
AVLP019,AVLP019,putative_primary,central_brain
AVLP025,AVLP025,putative_primary,central_brain
AVLP079,AVLP079,putative_primary,central_brain
AVLP081,AVLP081,putative_primary,central_brain
AVLP083,AVLP083,putative_primary,central_brain
AVLP085,AVLP085,putative_primary,central_brain
AVLP464,AVLP464,putative_primary,central_brain
AVLP478,AVLP478,putative_primary,central_brain
AVLP531,AVLP531,putative_primary,central_brain
AVLP533,AVLP533,putative_primary,central_brain
AVLP535,AVLP535,putative_primary,central_brain
AVLP537,AVLP537,putative_primary,central_brain
AVLP538,AVLP538,putative_primary,central_brain
CB0005,NA,putative_primary,central_brain
CB0082,NA,putative_primary,central_brain
CB0161,NA,putative_primary,central_brain
CB0233,NA,putative_primary,central_brain
CB0303,NA,putative_primary,central_brain
CB0354,NA,putative_primary,central_brain
CB0423,NA,putative_primary,central_brain
CB0483,NA,putative_primary,central_brain
CB0548,NA,putative_primary,central_brain
CB0626,hb5813083315,putative_primary,central_brain
CB0638,hb614059839,putative_primary,central_brain
CB0638,hb583042026,putative_primary,central_brain
CB0678,hb488891877,putative_primary,central_brain
CB0678,hb457175054,putative_primary,central_brain
CB0717,NA,putative_primary,central_brain
CB0751,hb1786232749,putative_primary,central_brain
CB0752,NA,putative_primary,central_brain
CB0768,NA,putative_primary,central_brain
CB0798,NA,putative_primary,central_brain
CL115,CL115,putative_primary,central_brain
CL140,CL140,putative_primary,central_brain
CL287,CL287,putative_primary,central_brain
CL314,CL314,putative_primary,central_brain
CRE040,CRE040,putative_primary,central_brain
CRE041,CRE041,putative_primary,central_brain
DNb04,DNb04,putative_primary,central_brain
DNg38,NA,putative_primary,central_brain
DNpe030,NA,putative_primary,central_brain
DNpe053,SMP454,putative_primary,central_brain
IB062,IB062,putative_primary,central_brain
LAL018,LAL018,putative_primary,central_brain
LAL040,LAL040,putative_primary,central_brain
LAL116,LAL116,putative_primary,central_brain
LAL138,LAL138,putative_primary,central_brain
LAL146,LAL146,putative_primary,central_brain
LAL169,LAL169,putative_primary,central_brain
LHAD1g1,LHAD1g1,putative_primary,central_brain
LHAD2d1,LHAD2d1,putative_primary,central_brain
LHAV3q1,LHAV3q1,putative_primary,central_brain
LHPD5a1,LHPD5a1,putative_primary,central_brain
LHPV6m1,LHPV6m1,putative_primary,central_brain
LT34,LT34,putative_primary,central_brain
MBON20,MBON20,putative_primary,central_brain
MBON32,MBON32,putative_primary,central_brain
MBON33,MBON33,putative_primary,central_brain
PLP012,PLP012,putative_primary,central_brain
PLP097,PLP097,putative_primary,central_brain
PLP177,PLP177,putative_primary,central_brain
PS027,PS027,putative_primary,central_brain
PS047a,PS047,putative_primary,central_brain
PS049,PS049,putative_primary,central_brain
PS051,PS051,putative_primary,central_brain
PS052,PS052,putative_primary,central_brain
PS185a,PS185,putative_primary,central_brain
PS186,PS186,putative_primary,central_brain
PS203a,PS203,putative_primary,central_brain
PS203b,PS203,putative_primary,central_brain
SIP087,SIP087,putative_primary,central_brain
SLP005,SLP005,putative_primary,central_brain
SLP385,SLP385,putative_primary,central_brain
SLP411,SLP411,putative_primary,central_brain
SMP026,SMP026,putative_primary,central_brain
"SMP142,SMP145",SMP145,putative_primary,central_brain
SMP165,SMP165,putative_primary,central_brain
SMP503,SMP503,putative_primary,central_brain
SMP550,SMP550,putative_primary,central_brain
SMP589,SMP589,putative_primary,central_brain
VES005,VES005,putative_primary,central_brain
VES011,VES011,putative_primary,central_brain
VES043,VES043,putative_primary,central_brain
VES067,VES067,putative_primary,central_brain
VES070,VES070,putative_primary,central_brain
VES078,VES078,putative_primary,central_brain
VES079,VES079,putative_primary,central_brain
cL11,IB006,putative_primary,central_brain
cL22c,VES026,putative_primary,central_brain
AMMC-A1,AMMC-A1,putative_primary,central_brain
AOTU023,AOTU023,putative_primary,central_brain
AOTU035,AOTU035,putative_primary,central_brain
"ATL038,ATL039",ATL038,putative_primary,central_brain
"ATL038,ATL039",ATL039,putative_primary,central_brain
ATL042,ATL042,putative_primary,central_brain
AVLP030,AVLP030,putative_primary,central_brain
AVLP086,AVLP086,putative_primary,central_brain
AVLP088,AVLP088,putative_primary,central_brain
AVLP213,AVLP213,putative_primary,central_brain
AVLP280,AVLP280,putative_primary,central_brain
AVLP289,AVLP289,putative_primary,central_brain
AVLP442,AVLP442,putative_primary,central_brain
AVLP443,AVLP443,putative_primary,central_brain
AVLP444,AVLP444,putative_primary,central_brain
AVLP488,AVLP488,putative_primary,central_brain
AVLP502,AVLP502,putative_primary,central_brain
AVLP509,AVLP509,putative_primary,central_brain
AVLP544,AVLP544,putative_primary,central_brain
AVLP591,AVLP591,putative_primary,central_brain
CB0008,NA,putative_primary,central_brain
CB0010,NA,putative_primary,central_brain
CB0023,NA,putative_primary,central_brain
CB0039,NA,putative_primary,central_brain
CB0053,NA,putative_primary,central_brain
CB0062,NA,putative_primary,central_brain
CB0118,NA,putative_primary,central_brain
CB0240,NA,putative_primary,central_brain
CB0262,NA,putative_primary,central_brain
CB0277,NA,putative_primary,central_brain
CB0287,NA,putative_primary,central_brain
CB0337,NA,putative_primary,central_brain
CB0358,NA,putative_primary,central_brain
CB0433,NA,putative_primary,central_brain
CB0438,NA,putative_primary,central_brain
CB0443,NA,putative_primary,central_brain
CB0445,NA,putative_primary,central_brain
CB0479,NA,putative_primary,central_brain
CB0481,NA,putative_primary,central_brain
CB0484,NA,putative_primary,central_brain
CB0499,NA,putative_primary,central_brain
CB0572,NA,putative_primary,central_brain
CB0581,NA,putative_primary,central_brain
CB0602,NA,putative_primary,central_brain
CB0604,NA,putative_primary,central_brain
CB0654,hb1283392486,putative_primary,central_brain
CB0684,hb451722668,putative_primary,central_brain
CB0698,NA,putative_primary,central_brain
CB0709,NA,putative_primary,central_brain
CB0787,NA,putative_primary,central_brain
CB0799,NA,putative_primary,central_brain
CB0803,NA,putative_primary,central_brain
CB0815,hb5812979054,putative_primary,central_brain
CB0832,NA,putative_primary,central_brain
CB0860,NA,putative_primary,central_brain
CB0862,NA,putative_primary,central_brain
CB0869,NA,putative_primary,central_brain
CB0874,NA,putative_primary,central_brain
CB0892,NA,putative_primary,central_brain
CB0903,NA,putative_primary,central_brain
CB2513,NA,putative_primary,central_brain
CB2606,NA,putative_primary,central_brain
CB3444,NA,putative_primary,central_brain
CL002,CL002,putative_primary,central_brain
CL037,CL037,putative_primary,central_brain
CL053,CL053,putative_primary,central_brain
CL065,CL065,putative_primary,central_brain
CL068,CL068,putative_primary,central_brain
CL136,CL136,putative_primary,central_brain
CL149,CL149,putative_primary,central_brain
CL212,CL212,putative_primary,central_brain
CL289,CL289,putative_primary,central_brain
CRE005,CRE005,putative_primary,central_brain
CRE106,CRE106,putative_primary,central_brain
DCH,DCH,putative_primary,central_brain
DNg101,NA,putative_primary,central_brain
DNg17,NA,putative_primary,central_brain
DNg35,NA,putative_primary,central_brain
DNg77,NA,putative_primary,central_brain
DNge026,NA,putative_primary,central_brain
DNge076,NA,putative_primary,central_brain
DNge077,NA,putative_primary,central_brain
DNge137,NA,putative_primary,central_brain
DNp20,DNp20,putative_primary,central_brain
DNp24,DNp24,putative_primary,central_brain
DNp33,SAD095,putative_primary,central_brain
DNp47,PS293,putative_primary,central_brain
DNpe003,VES081,putative_primary,central_brain
DNpe007,hb1343489608,putative_primary,central_brain
IB066,IB066,putative_primary,central_brain
IB116,IB116,putative_primary,central_brain
LAL120b,LAL120,putative_primary,central_brain
LAL126,LAL126,putative_primary,central_brain
LHAD2b1,LHAD2b1,putative_primary,central_brain
LHAV8a1,LHAV8a1,putative_primary,central_brain
LHCENT10,LHCENT10,putative_primary,central_brain
LHMB1,LHMB1,putative_primary,central_brain
LHPD1b1,LHPD1b1,putative_primary,central_brain
LHPV1c1,LHPV1c1,putative_primary,central_brain
LHPV4l1,LHPV4l1,putative_primary,central_brain
LHPV6p1,LHPV6p1,putative_primary,central_brain
LNO1,LNO1,putative_primary,central_brain
LT11,LT11,putative_primary,optic_lobe
LTe60,PLP212,putative_primary,optic_lobe
MBON05,MBON05,putative_primary,central_brain
MBON09,MBON09,putative_primary,central_brain
OA-ASM1,OA-ASM1,putative_primary,central_brain
OA-ASM3,OA-ASM3,putative_primary,central_brain
PLP004,PLP004,putative_primary,central_brain
PLP005,PLP005,putative_primary,central_brain
PLP078,PLP078,putative_primary,central_brain
PLP131,PLP131,putative_primary,central_brain
PLP132,PLP132,putative_primary,central_brain
PLP163,PLP163,putative_primary,central_brain
PLP211,PLP211,putative_primary,central_brain
PLP217,PLP217,putative_primary,central_brain
PLP232,PLP232,putative_primary,central_brain
PLP251,PLP251,putative_primary,central_brain
PLP254,PLP254,putative_primary,central_brain
PPL201,PPL201,putative_primary,central_brain
PPL202,PPL202,putative_primary,central_brain
PPL203,PPL203,putative_primary,central_brain
PPL204,PPL204,putative_primary,central_brain
PS099a,PS099,putative_primary,central_brain
PS106,PS106,putative_primary,central_brain
PVLP010,PVLP010,putative_primary,central_brain
SIP090,SIP090,putative_primary,central_brain
SLP069,SLP069,putative_primary,central_brain
SLP281,SLP281,putative_primary,central_brain
SLP393,SLP393,putative_primary,central_brain
SLP435,SLP435,putative_primary,central_brain
SMP041,SMP041,putative_primary,central_brain
SMP152,SMP152,putative_primary,central_brain
SMP240,SMP240,putative_primary,central_brain
SMP418,SMP418,putative_primary,central_brain
SMP470,SMP470,putative_primary,central_brain
SMP494,SMP494,putative_primary,central_brain
SMP598,SMP598,putative_primary,central_brain
VCH,VCH,putative_primary,central_brain
VES018,VES018,putative_primary,central_brain
cL06,NA,putative_primary,central_brain
cL08,NA,putative_primary,central_brain
cL13,IB043,putative_primary,central_brain
MNx03,NA,putative_primary,central_brain
CB0649,hb1353341956,putative_primary,central_brain
CB0649,hb1665762714,putative_primary,central_brain
CL362,CL362,putative_primary,central_brain
SMP442,SMP442,putative_primary,central_brain
AVLP595,AVLP595,putative_primary,central_brain
DNg58,NA,putative_primary,central_brain
LHAV2n1,LHAV2n1,putative_primary,central_brain
PS001,PS001,putative_primary,central_brain
AVLP021,AVLP021,putative_primary,central_brain
AVLP534,AVLP534,putative_primary,central_brain
LAL007,LAL007,putative_primary,central_brain
LT47,LT47,putative_primary,optic_lobe
PLP124,PLP124,putative_primary,central_brain
PLP129,PLP129,putative_primary,central_brain
"SMP060,SMP374",SMP060,putative_primary,central_brain
"SMP060,SMP374",SMP374,putative_primary,central_brain
NA,NA,putative_primary,optic_lobe
CB0014,NA,putative_primary,central_brain
CB0090,NA,putative_primary,central_brain
CB0097,NA,putative_primary,central_brain
CB0099,NA,putative_primary,central_brain
CB0101,NA,putative_primary,central_brain
CB0109,NA,putative_primary,central_brain
CB0114,NA,putative_primary,central_brain
CB0124,NA,putative_primary,central_brain
CB0138,NA,putative_primary,central_brain
CB0191,NA,putative_primary,central_brain
CB0688,hb5813054853,putative_primary,central_brain
CB0699,NA,putative_primary,central_brain
CB0758,NA,putative_primary,central_brain
CB0770,NA,putative_primary,central_brain
CB0802,NA,putative_primary,central_brain
CB0814,NA,putative_primary,central_brain
CB0817,NA,putative_primary,central_brain
CB0855,NA,putative_primary,central_brain
CB0877,NA,putative_primary,central_brain
CB0894,NA,putative_primary,central_brain
CvN4,NA,putative_primary,central_brain
CB0909,NA,putative_primary,central_brain
MN12D,NA,putative_primary,central_brain
CB1366,NA,putative_primary,central_brain
CB3716,hb1683941579,putative_primary,central_brain
DGI,DGI,putative_primary,central_brain
DNb01,DNb01,putative_primary,central_brain
DNb05,DNb05,putative_primary,central_brain
DNbe001,PS103,putative_primary,central_brain
DNc01,SIFa,putative_primary,central_brain
DNg30,DNg30,putative_primary,central_brain
DNg93,NA,putative_primary,central_brain
DNge027,NA,putative_primary,central_brain
DNge031,NA,putative_primary,central_brain
DNp12,WED105,putative_primary,central_brain
DNp19,DNp19,putative_primary,central_brain
DNp26,DNp26,putative_primary,central_brain
DNp32,DNp32,putative_primary,central_brain
DNp62,DSKMP1B,putative_primary,central_brain
DNpe017,hb1406000196,putative_primary,central_brain
HSE,HSE,putative_primary,optic_lobe
IB061,IB061,putative_primary,central_brain
IB097,IB097,putative_primary,central_brain
LHAV3j1,LHAV3j1,putative_primary,central_brain
PLP001,PLP001,putative_primary,central_brain
PLP143,PLP143,putative_primary,central_brain
PS063,PS063,putative_primary,central_brain
PS185b,PS185,putative_primary,central_brain
SAD093,SAD093,putative_primary,central_brain
SLP463,SLP463,putative_primary,central_brain
SMP164,SMP164,putative_primary,central_brain
SMP384,SMP384,putative_primary,central_brain
SMP545,SMP545,putative_primary,central_brain
VS5,VS,putative_primary,optic_lobe
cL16,PLP030,putative_primary,central_brain
cM08b,NA,putative_primary,central_brain
l-LNv,l-LNv,putative_primary,optic_lobe
CvN9,NA,putative_primary,central_brain
AOTU011,AOTU011,putative_primary,central_brain
AVLP018,AVLP018,putative_primary,central_brain
AVLP023,AVLP023,putative_primary,central_brain
CB0009,NA,putative_primary,central_brain
CB0016,NA,putative_primary,central_brain
CB0036,NA,putative_primary,central_brain
CB0046,NA,putative_primary,central_brain
CB0058,NA,putative_primary,central_brain
CB0074,NA,putative_primary,central_brain
CB0121,NA,putative_primary,central_brain
CB0177,NA,putative_primary,central_brain
CB0182,NA,putative_primary,central_brain
CB0208,NA,putative_primary,central_brain
CB0213,NA,putative_primary,central_brain
CB0216,NA,putative_primary,central_brain
CB0219,NA,putative_primary,central_brain
CB0232,NA,putative_primary,central_brain
CB0250,NA,putative_primary,central_brain
CB0283,NA,putative_primary,central_brain
CB0424,NA,putative_primary,central_brain
CB0441,NA,putative_primary,central_brain
CB0486,NA,putative_primary,central_brain
CB0491,NA,putative_primary,central_brain
CB0492,NA,putative_primary,central_brain
CB0497,NA,putative_primary,central_brain
CB0504,NA,putative_primary,central_brain
CB0529,NA,putative_primary,central_brain
CB0534,NA,putative_primary,central_brain
CB0540,NA,putative_primary,central_brain
CB0543,NA,putative_primary,central_brain
CB0547,NA,putative_primary,central_brain
CB0553,NA,putative_primary,central_brain
CB0564,NA,putative_primary,central_brain
CB0567,NA,putative_primary,central_brain
CB0571,NA,putative_primary,central_brain
CB0585,NA,putative_primary,central_brain
CB0587,NA,putative_primary,central_brain
CB0593,NA,putative_primary,central_brain
CB0644,hb5812989437,putative_primary,central_brain
CB0651,hb1345277432,putative_primary,central_brain
CB0655,hb734814622,putative_primary,central_brain
CB0696,NA,putative_primary,central_brain
MN11D,NA,putative_primary,central_brain
MN9,NA,putative_primary,central_brain
MN3M,NA,putative_primary,central_brain
CB0704,NA,putative_primary,central_brain
CvN11,NA,putative_primary,central_brain
"CvN1,CvN2",NA,putative_primary,central_brain
CB0707,NA,putative_primary,central_brain
MN11V,NA,putative_primary,central_brain
CB0713,NA,putative_primary,central_brain
MNx04,NA,putative_primary,central_brain
CB0716,NA,putative_primary,central_brain
MN1,NA,putative_primary,central_brain
CB0721,NA,putative_primary,central_brain
CB0722,NA,putative_primary,central_brain
CB0723,NA,putative_primary,central_brain
CB0724,NA,putative_primary,central_brain
MN5,NA,putative_primary,central_brain
CB0737,NA,putative_primary,central_brain
CB0740,NA,putative_primary,central_brain
CB0750,NA,putative_primary,central_brain
CB0753,NA,putative_primary,central_brain
CB0754,NA,putative_primary,central_brain
CB0755,hb1282507669,putative_primary,central_brain
CB0756,NA,putative_primary,central_brain
CB0759,NA,putative_primary,central_brain
CB0761,NA,putative_primary,central_brain
MN7,NA,putative_primary,central_brain
MNx05,NA,putative_primary,central_brain
CB0771,NA,putative_primary,central_brain
CB0773,NA,putative_primary,central_brain
CB0774,NA,putative_primary,central_brain
CB0775,NA,putative_primary,central_brain
CB0778,NA,putative_primary,central_brain
CB0779,NA,putative_primary,central_brain
CB0781,NA,putative_primary,central_brain
MN2V,NA,putative_primary,central_brain
CB0786,NA,putative_primary,central_brain
CB0788,NA,putative_primary,central_brain
MN2Da,NA,putative_primary,central_brain
CB0791,NA,putative_primary,central_brain
CB0792,NA,putative_primary,central_brain
CB0795,NA,putative_primary,central_brain
CB0797,NA,putative_primary,central_brain
CB0801,NA,putative_primary,central_brain
CB0804,NA,putative_primary,central_brain
CB0806,NA,putative_primary,central_brain
CB0807,NA,putative_primary,central_brain
CB0809,NA,putative_primary,central_brain
CB0810,NA,putative_primary,central_brain
CB0819,NA,putative_primary,central_brain
CB0821,NA,putative_primary,central_brain
CB0823,NA,putative_primary,central_brain
CB0824,NA,putative_primary,central_brain
CB0827,NA,putative_primary,central_brain
CB0828,hb1283851444,putative_primary,central_brain
CB0830,NA,putative_primary,central_brain
CB0833,NA,putative_primary,central_brain
CB0834,NA,putative_primary,central_brain
CvN10,NA,putative_primary,central_brain
MN13,NA,putative_primary,central_brain
CvN5,NA,putative_primary,central_brain
CB0839,NA,putative_primary,central_brain
CB0842,NA,putative_primary,central_brain
MN4a,NA,putative_primary,central_brain
CB0847,NA,putative_primary,central_brain
CB0848,NA,putative_primary,central_brain
CB0850,NA,putative_primary,central_brain
CB0851,NA,putative_primary,central_brain
CB0853,NA,putative_primary,central_brain
CB0854,NA,putative_primary,central_brain
CB0856,NA,putative_primary,central_brain
CB0857,NA,putative_primary,central_brain
MN6,NA,putative_primary,central_brain
CB0859,NA,putative_primary,central_brain
MN2Db,NA,putative_primary,central_brain
CB0863,NA,putative_primary,central_brain
CB0864,NA,putative_primary,central_brain
CB0866,NA,putative_primary,central_brain
CB0867,NA,putative_primary,central_brain
CB0870,NA,putative_primary,central_brain
MN4b,NA,putative_primary,central_brain
CB0872,NA,putative_primary,central_brain
MN3L,NA,putative_primary,central_brain
CB0879,NA,putative_primary,central_brain
CB0880,NA,putative_primary,central_brain
CB0881,NA,putative_primary,central_brain
CB0884,NA,putative_primary,central_brain
CB0885,NA,putative_primary,central_brain
CB0886,NA,putative_primary,central_brain
CB0893,NA,putative_primary,central_brain
CB0895,NA,putative_primary,central_brain
CB0896,NA,putative_primary,central_brain
CB0897,NA,putative_primary,central_brain
CB0898,NA,putative_primary,central_brain
CB0900,NA,putative_primary,central_brain
CB0901,NA,putative_primary,central_brain
MNx02,NA,putative_primary,central_brain
CB0906,NA,putative_primary,central_brain
CB0908,NA,putative_primary,central_brain
CB0910,NA,putative_primary,central_brain
MN8,NA,putative_primary,central_brain
CB0912,NA,putative_primary,central_brain
CvN3,NA,putative_primary,central_brain
CB0920,NA,putative_primary,central_brain
CB0921,NA,putative_primary,central_brain
CB0922,NA,putative_primary,central_brain
CB0923,NA,putative_primary,central_brain
CB0991,NA,putative_primary,central_brain
CB1093,NA,putative_primary,central_brain
CB1444,hb5813021922,putative_primary,central_brain
CB1444,hb5813070017,putative_primary,central_brain
CB2403,NA,putative_primary,central_brain
CB2516,NA,putative_primary,central_brain
CB3622,NA,putative_primary,central_brain
CB3662,NA,putative_primary,central_brain
CL029a,CL029,putative_primary,central_brain
DN1a,DN1a,putative_primary,central_brain
"LAL103,LAL109",LAL103,putative_primary,central_brain
"LAL103,LAL109",LAL109,putative_primary,central_brain
LAL117a,LAL117,putative_primary,central_brain
LAL117b,LAL117,putative_primary,central_brain
LHPV2g1,LHPV2g1,putative_primary,central_brain
PS098,PS098,putative_primary,central_brain
"PS184,PS272",PS184,putative_primary,central_brain
"PS184,PS272",PS272,putative_primary,central_brain
PS279,PS279,putative_primary,central_brain
PVLP012,PVLP012,putative_primary,central_brain
PVLP135,PVLP135,putative_primary,central_brain
PVLP139,PVLP139,putative_primary,central_brain
SLP062,SLP062,putative_primary,central_brain
SLP321,SLP321,putative_primary,central_brain
SLP444,SLP444,putative_primary,central_brain
"SMP143,SMP149",SMP143,putative_primary,central_brain
"SMP472,SMP473",SMP472,putative_primary,central_brain
"SMP472,SMP473",SMP473,putative_primary,central_brain
SMP530,SMP530,putative_primary,central_brain
TuTuAa,TuTuA,putative_primary,central_brain
TuTuAb,TuTuA,putative_primary,central_brain
cM10,NA,putative_primary,central_brain
ATL006,ATL006,putative_primary,central_brain
ATL034,ATL034,putative_primary,central_brain
AVLP001,AVLP001,putative_primary,central_brain
FB4K,FB4K,putative_primary,central_brain
CB0284,NA,putative_primary,central_brain
CvN7,NA,putative_primary,central_brain
CvN6,NA,putative_primary,central_brain
CB1121,NA,putative_primary,central_brain
CL094,CL094,putative_primary,central_brain
CL213,CL213,putative_primary,central_brain
CL360,CL360,putative_primary,central_brain
CRE042,CRE042,putative_primary,central_brain
DNbe005,PS069,putative_primary,central_brain
DNp28,DNp28,putative_primary,central_brain
DNp40,PS236,putative_primary,central_brain
DNp53,PS169,putative_primary,central_brain
DNpe032,PS216,putative_primary,central_brain
DNpe042,CL262,putative_primary,central_brain
HSN,HSN,putative_primary,optic_lobe
IB007,IB007,putative_primary,central_brain
IB118,IB118,putative_primary,central_brain
LAL042,LAL042,putative_primary,central_brain
LAL073,LAL073,putative_primary,central_brain
LAL076,LAL076,putative_primary,central_brain
LAL124,LAL124,putative_primary,central_brain
LAL135,LAL135,putative_primary,central_brain
LAL137,LAL137,putative_primary,central_brain
LHPV1c2,LHPV1c2,putative_primary,central_brain
LT36,LT36,putative_primary,central_brain
MBON02,MBON02,putative_primary,central_brain
MBON06,MBON06,putative_primary,central_brain
MBON24,MBON24,putative_primary,central_brain
OA-AL2b1,PLP244,putative_primary,central_brain
OA-VPM4,OA-VPM4,putative_primary,central_brain
PLP216,PLP216,putative_primary,central_brain
PPM1203,PPM1203,putative_primary,central_brain
PS175,PS175,putative_primary,central_brain
PS280,PS280,putative_primary,central_brain
SLP031,SLP031,putative_primary,central_brain
SLP366,SLP366,putative_primary,central_brain
SLP373,SLP373,putative_primary,central_brain
SLP374,SLP374,putative_primary,central_brain
SLP458,SLP458,putative_primary,central_brain
SMP156,SMP156,putative_primary,central_brain
SMP163,SMP163,putative_primary,central_brain
SMP184,SMP184,putative_primary,central_brain
"SMP546,SMP547",SMP546,putative_primary,central_brain
"SMP546,SMP547",SMP547,putative_primary,central_brain
VES045,VES045,putative_primary,central_brain
VES056,VES056,putative_primary,central_brain
VES064,VES064,putative_primary,central_brain
aMe15,aMe15,putative_primary,central_brain
cL19,PLP210,putative_primary,central_brain
cLP05,PS277,putative_primary,central_brain
oviIN,oviIN,putative_primary,central_brain
AOTU012,AOTU012,putative_primary,central_brain
AVLP077,AVLP077,putative_primary,central_brain
AVLP078,AVLP078,putative_primary,central_brain
AVLP475b,AVLP475,putative_primary,central_brain
AVLP593,AVLP593,putative_primary,central_brain
CB0197,NA,putative_primary,central_brain
CB3514,hb1481548230,putative_primary,central_brain
CB3709,SLP460,putative_primary,central_brain
CL032,CL032,putative_primary,central_brain
CL066,CL066,putative_primary,central_brain
CL151,CL151,putative_primary,central_brain
CRE102,CRE102,putative_primary,central_brain
"CRZ01,CRZ02",CRZ01,putative_primary,central_brain
"CRZ01,CRZ02",CRZ02,putative_primary,central_brain
DNde001,SAD041,putative_primary,central_brain
DNde006,NA,putative_primary,central_brain
DNp14,SMP585,putative_primary,central_brain
DNp31,DNp31,putative_primary,central_brain
LAL001,LAL001,putative_primary,central_brain
LAL102,LAL102,putative_primary,central_brain
LHAD2e3,LHAD2e3,putative_primary,central_brain
LHAV2k8,LHAV2k8,putative_primary,central_brain
LHAV5d1,LHAV5d1,putative_primary,central_brain
LHPV5i1,LHPV5i1,putative_primary,central_brain
LHPV7b1,LHPV7b1,putative_primary,central_brain
LHPV9b1,LHPV9b1,putative_primary,central_brain
PLP010,PLP010,putative_primary,central_brain
PLP075,PLP075,putative_primary,central_brain
PPL101,PPL101,putative_primary,central_brain
PPL103,PPL103,putative_primary,central_brain
PPL106,PPL106,putative_primary,central_brain
SLP033,SLP033,putative_primary,central_brain
SLP216,SLP216,putative_primary,central_brain
SLP378,SLP378,putative_primary,central_brain
SLP382,SLP382,putative_primary,central_brain
SLP387,SLP387,putative_primary,central_brain
SMP027,SMP027,putative_primary,central_brain
SMP054,SMP054,putative_primary,central_brain
WED007,WED007,putative_primary,central_brain
5-HTPMPV03,5-HTPMPV03,putative_primary,central_brain
AOTU046,AOTU046,putative_primary,central_brain
AOTU047,AOTU047,putative_primary,central_brain
ATL008,ATL008,putative_primary,central_brain
ATL014,ATL014,putative_primary,central_brain
ATL016,ATL016,putative_primary,central_brain
ATL022,ATL022,putative_primary,central_brain
ATL031,ATL031,putative_primary,central_brain
ATL032,ATL032,putative_primary,central_brain
ATL033,ATL033,putative_primary,central_brain
ATL040,ATL040,putative_primary,central_brain
ATL043,ATL043,putative_primary,central_brain
ATL044,ATL044,putative_primary,central_brain
AVLP029,AVLP029,putative_primary,central_brain
AVLP031,AVLP031,putative_primary,central_brain
AVLP080,AVLP080,putative_primary,central_brain
AVLP082,AVLP082,putative_primary,central_brain
AVLP084,AVLP084,putative_primary,central_brain
AVLP087,AVLP087,putative_primary,central_brain
AVLP089,AVLP089,putative_primary,central_brain
AVLP091,AVLP091,putative_primary,central_brain
AVLP159,AVLP159,putative_primary,central_brain
AVLP209,AVLP209,putative_primary,central_brain
AVLP215,AVLP215,putative_primary,central_brain
AVLP216,AVLP216,putative_primary,central_brain
AVLP217,AVLP217,putative_primary,central_brain
AVLP218a,AVLP218,putative_primary,central_brain
AVLP218b,AVLP218,putative_primary,central_brain
AVLP219a,AVLP219,putative_primary,central_brain
AVLP219b,AVLP219,putative_primary,central_brain
AVLP219c,AVLP219,putative_primary,central_brain
AVLP266,AVLP266,putative_primary,central_brain
AVLP267,AVLP267,putative_primary,central_brain
AVLP281,AVLP281,putative_primary,central_brain
AVLP314,AVLP314,putative_primary,central_brain
AVLP315,AVLP315,putative_primary,central_brain
AVLP369,AVLP369,putative_primary,central_brain
AVLP370a,AVLP370,putative_primary,central_brain
AVLP370b,AVLP370,putative_primary,central_brain
AVLP371,AVLP371,putative_primary,central_brain
AVLP396,AVLP396,putative_primary,central_brain
AVLP397,AVLP397,putative_primary,central_brain
AVLP398,AVLP398,putative_primary,central_brain
AVLP429,AVLP429,putative_primary,central_brain
AVLP448,AVLP448,putative_primary,central_brain
AVLP474,AVLP474,putative_primary,central_brain
AVLP498,AVLP498,putative_primary,central_brain
AVLP506,AVLP506,putative_primary,central_brain
AVLP565,AVLP565,putative_primary,central_brain
AVLP566,AVLP566,putative_primary,central_brain
AVLP590,AVLP590,putative_primary,central_brain
AVLP592,AVLP592,putative_primary,central_brain
AVLP594,AVLP594,putative_primary,central_brain
AVLP596,AVLP596,putative_primary,central_brain
FB1H,FB1H,putative_primary,central_brain
CB0011,NA,putative_primary,central_brain
CB0017,NA,putative_primary,central_brain
CB0018,NA,putative_primary,central_brain
CB0019,NA,putative_primary,central_brain
CB0020,NA,putative_primary,central_brain
CB0024,NA,putative_primary,central_brain
CB0029,NA,putative_primary,central_brain
CB0031,NA,putative_primary,central_brain
CB0032,NA,putative_primary,central_brain
CB0035,NA,putative_primary,central_brain
CB0041,NA,putative_primary,central_brain
CB0047,NA,putative_primary,central_brain
CB0048,NA,putative_primary,central_brain
CB0051,NA,putative_primary,central_brain
CB0055,NA,putative_primary,central_brain
CB0057,NA,putative_primary,central_brain
CB0067,NA,putative_primary,central_brain
CB0069,NA,putative_primary,central_brain
CB0070,NA,putative_primary,central_brain
CB0075,NA,putative_primary,central_brain
CB0078,NA,putative_primary,central_brain
CB0087,NA,putative_primary,central_brain
CB0088,NA,putative_primary,central_brain
CB0098,NA,putative_primary,central_brain
CB0104,NA,putative_primary,central_brain
CB0113,NA,putative_primary,central_brain
CB0125,NA,putative_primary,central_brain
CB0132,NA,putative_primary,central_brain
CB0136,NA,putative_primary,central_brain
CB0137,NA,putative_primary,central_brain
SPS100f,NA,putative_primary,central_brain
CB0148,NA,putative_primary,central_brain
CB0149,NA,putative_primary,central_brain
CB0152,NA,putative_primary,central_brain
CB0155,NA,putative_primary,central_brain
CB0163,NA,putative_primary,central_brain
CB0166,NA,putative_primary,central_brain
CB0168,NA,putative_primary,central_brain
CB0174,NA,putative_primary,central_brain
CB0176,NA,putative_primary,central_brain
CB0183,NA,putative_primary,central_brain
CB0187,NA,putative_primary,central_brain
CB0190,NA,putative_primary,central_brain
CB0192,NA,putative_primary,central_brain
CB0195,NA,putative_primary,central_brain
CB0198,NA,putative_primary,central_brain
CB0200,NA,putative_primary,central_brain
CB0207,NA,putative_primary,central_brain
CB0211,NA,putative_primary,central_brain
CB0212,NA,putative_primary,central_brain
CB0214,NA,putative_primary,central_brain
CB0224,NA,putative_primary,central_brain
CB0235,NA,putative_primary,central_brain
CB0244,NA,putative_primary,central_brain
CB0248,NA,putative_primary,central_brain
CB0256,NA,putative_primary,central_brain
CB0257,CL249,putative_primary,central_brain
CB0258,NA,putative_primary,central_brain
CB0265,NA,putative_primary,central_brain
CB0272,NA,putative_primary,central_brain
CB0276,NA,putative_primary,central_brain
CB0278,NA,putative_primary,central_brain
CB0289,NA,putative_primary,central_brain
CB0295,PS235,putative_primary,central_brain
CB0295,PS261,putative_primary,central_brain
CB0298,NA,putative_primary,central_brain
CB0302,NA,putative_primary,central_brain
CB0310,NA,putative_primary,central_brain
CB0317,NA,putative_primary,central_brain
CB0331,NA,putative_primary,central_brain
CB0350,NA,putative_primary,central_brain
CB0357,NA,putative_primary,central_brain
CB0363,NA,putative_primary,central_brain
CB0366,NA,putative_primary,central_brain
CB0370,NA,putative_primary,central_brain
CB0377,NA,putative_primary,central_brain
CB0378,NA,putative_primary,central_brain
CB0393,NA,putative_primary,central_brain
CB0407,NA,putative_primary,central_brain
CB0410,NA,putative_primary,central_brain
CB0413,NA,putative_primary,central_brain
CB0416,NA,putative_primary,central_brain
CB0418,NA,putative_primary,central_brain
CB0419,NA,putative_primary,central_brain
CB0421,NA,putative_primary,central_brain
CB0422,NA,putative_primary,central_brain
CB0434,NA,putative_primary,central_brain
CB0436,NA,putative_primary,central_brain
CB0446,NA,putative_primary,central_brain
CB0449,NA,putative_primary,central_brain
CB0455,NA,putative_primary,central_brain
CB0456,NA,putative_primary,central_brain
CB0457,NA,putative_primary,central_brain
CB0462,NA,putative_primary,central_brain
CB0465,NA,putative_primary,central_brain
CB0466,NA,putative_primary,central_brain
CB0467,NA,putative_primary,central_brain
CB0473,NA,putative_primary,central_brain
CB0478,NA,putative_primary,central_brain
CB0480,NA,putative_primary,central_brain
CB0487,NA,putative_primary,central_brain
CB0488,NA,putative_primary,central_brain
CB0489,NA,putative_primary,central_brain
CB0493,NA,putative_primary,central_brain
CB0494,NA,putative_primary,central_brain
CB0496,NA,putative_primary,central_brain
CB0500,NA,putative_primary,central_brain
CB0501,NA,putative_primary,central_brain
CB0503,NA,putative_primary,central_brain
CB0507,NA,putative_primary,central_brain
CB0509,NA,putative_primary,central_brain
CB0510,NA,putative_primary,central_brain
CB0515,NA,putative_primary,central_brain
CB0516,NA,putative_primary,central_brain
CB0521,NA,putative_primary,central_brain
CB0522,NA,putative_primary,central_brain
CB0528,NA,putative_primary,central_brain
CB0531,NA,putative_primary,central_brain
CB0532,NA,putative_primary,central_brain
CB0538,NA,putative_primary,central_brain
CB0542,NA,putative_primary,central_brain
CB0544,NA,putative_primary,central_brain
CB0545,NA,putative_primary,central_brain
CB0549,NA,putative_primary,central_brain
CB0552,NA,putative_primary,central_brain
CB0557,NA,putative_primary,central_brain
CB0558,NA,putative_primary,central_brain
CB0568,NA,putative_primary,central_brain
CB0573,NA,putative_primary,central_brain
CB0576,NA,putative_primary,central_brain
GNG800f,NA,putative_primary,central_brain
CB0579,NA,putative_primary,central_brain
CB0583,NA,putative_primary,central_brain
CB0612,NA,putative_primary,central_brain
CB0615,NA,putative_primary,central_brain
CB0616,NA,putative_primary,central_brain
CB0617,NA,putative_primary,central_brain
CB0618,NA,putative_primary,central_brain
CB0620,NA,putative_primary,central_brain
CB0624,hb5812982885,putative_primary,central_brain
CB0624,hb5901225755,putative_primary,central_brain
CB0630,hb5813023379,putative_primary,central_brain
CB0633,hb5813078629,putative_primary,central_brain
CB0635,hb1283868229,putative_primary,central_brain
CB0637,hb1313513195,putative_primary,central_brain
CB0642,hb1223848354,putative_primary,central_brain
CB0645,hb545734335,putative_primary,central_brain
CB0660,hb1221802845,putative_primary,central_brain
CB0661,hb703317507,putative_primary,central_brain
CB0661,hb732319555,putative_primary,central_brain
CB0662,hb1101708390,putative_primary,central_brain
CB0663,hb1934975261,putative_primary,central_brain
CB0667,hb2062789026,putative_primary,central_brain
CB0669,hb1251511957,putative_primary,central_brain
CB0670,hb606447968,putative_primary,central_brain
CB0676,hb1345285966,putative_primary,central_brain
CB0679,hb5813043077,putative_primary,central_brain
CB0681,hb5813047811,putative_primary,central_brain
CB0682,hb1066542063,putative_primary,central_brain
CB0731,NA,putative_primary,central_brain
CB0733,NA,putative_primary,central_brain
CB0765,NA,putative_primary,central_brain
CB0964,NA,putative_primary,central_brain
CB1017,CL034,putative_primary,central_brain
CB1017,CL035,putative_primary,central_brain
CB2134,NA,putative_primary,central_brain
CB2237,NA,putative_primary,central_brain
CB2385,NA,putative_primary,central_brain
CB3412,NA,putative_primary,central_brain
CB3615,NA,putative_primary,central_brain
CB3676,NA,putative_primary,central_brain
CB3680,NA,putative_primary,central_brain
CB3694,NA,putative_primary,central_brain
CB3703,NA,putative_primary,central_brain
CB3812,NA,putative_primary,central_brain
CB3813,NA,putative_primary,central_brain
CB3887,NA,putative_primary,central_brain
CL007,CL007,putative_primary,central_brain
CL021,CL021,putative_primary,central_brain
CL036,CL036,putative_primary,central_brain
CL064,CL064,putative_primary,central_brain
CL092,CL092,putative_primary,central_brain
CL093,CL093,putative_primary,central_brain
CL095,CL095,putative_primary,central_brain
CL096,CL096,putative_primary,central_brain
CL107,CL107,putative_primary,central_brain
CL108,CL108,putative_primary,central_brain
CL109,CL109,putative_primary,central_brain
CL110,CL110,putative_primary,central_brain
CL126,CL126,putative_primary,central_brain
CL129,CL129,putative_primary,central_brain
CL130,CL130,putative_primary,central_brain
CL201,CL201,putative_primary,central_brain
CL211,CL211,putative_primary,central_brain
CL214,CL214,putative_primary,central_brain
CL234,CL234,putative_primary,central_brain
CL235,CL235,putative_primary,central_brain
CL244,CL244,putative_primary,central_brain
CL246,CL246,putative_primary,central_brain
CL248,CL248,putative_primary,central_brain
CL251,CL251,putative_primary,central_brain
CL256,CL256,putative_primary,central_brain
CL286,CL286,putative_primary,central_brain
CL316,CL316,putative_primary,central_brain
CL317,CL317,putative_primary,central_brain
CL318,CL318,putative_primary,central_brain
CL327,CL327,putative_primary,central_brain
CL344,CL344,putative_primary,central_brain
CL361,CL361,putative_primary,central_brain
CL364,CL364,putative_primary,central_brain
CRE006,CRE006,putative_primary,central_brain
CRE007,CRE007,putative_primary,central_brain
CRE025,CRE025,putative_primary,central_brain
CRE100,CRE100,putative_primary,central_brain
CRE108,CRE108,putative_primary,central_brain
DN1pB,DN1pB,putative_primary,central_brain
DNb02,DNb02,putative_primary,central_brain
DNb03,DNb03,putative_primary,central_brain
DNb06,DNb06,putative_primary,central_brain
DNb08,VES083,putative_primary,central_brain
DNb08,VES082,putative_primary,central_brain
DNb09,DNb01,putative_primary,central_brain
DNbe002,NA,putative_primary,central_brain
DNbe003,hb5813024933,putative_primary,central_brain
DNbe007,VES042,putative_primary,central_brain
SMP746,DNd01,putative_primary,central_brain
DNd02,SAD039,putative_primary,central_brain
DNd03,NA,putative_primary,central_brain
DNd05,CL124,putative_primary,central_brain
DNde002,VES029,putative_primary,central_brain
DNde003,LAL106,putative_primary,central_brain
DNde003,LAL107,putative_primary,central_brain
DNde005,VES028,putative_primary,central_brain
DNg100,NA,putative_primary,central_brain
DNg102,NA,putative_primary,central_brain
DNg104,NA,putative_primary,central_brain
DNg107,NA,putative_primary,central_brain
DNg108,NA,putative_primary,central_brain
DNg14,NA,putative_primary,central_brain
DNg15,NA,putative_primary,central_brain
DNg22,NA,putative_primary,central_brain
DNg27,NA,putative_primary,central_brain
DNg34,NA,putative_primary,central_brain
DNg37,NA,putative_primary,central_brain
DNg41,NA,putative_primary,central_brain
DNg47,NA,putative_primary,central_brain
DNg48,NA,putative_primary,central_brain
DNg49,NA,putative_primary,central_brain
DNg61,NA,putative_primary,central_brain
DNg67,NA,putative_primary,central_brain
DNg73,NA,putative_primary,central_brain
DNg75,hb1874217622,putative_primary,central_brain
DNg78,NA,putative_primary,central_brain
DNg80,NA,putative_primary,central_brain
DNg81,NA,putative_primary,central_brain
DNg86,NA,putative_primary,central_brain
DNge002,NA,putative_primary,central_brain
DNge005,NA,putative_primary,central_brain
DNge011,NA,putative_primary,central_brain
DNge022,NA,putative_primary,central_brain
DNge035,NA,putative_primary,central_brain
DNge036,NA,putative_primary,central_brain
DNge038,NA,putative_primary,central_brain
DNge039,NA,putative_primary,central_brain
DNge042,NA,putative_primary,central_brain
DNge044,NA,putative_primary,central_brain
DNge047,NA,putative_primary,central_brain
DNge048,NA,putative_primary,central_brain
DNge049,NA,putative_primary,central_brain
DNge050,NA,putative_primary,central_brain
DNge051,NA,putative_primary,central_brain
DNge053,NA,putative_primary,central_brain
DNge054,NA,putative_primary,central_brain
DNge055,NA,putative_primary,central_brain
DNge056,NA,putative_primary,central_brain
DNge058,NA,putative_primary,central_brain
DNge059,NA,putative_primary,central_brain
DNge060,NA,putative_primary,central_brain
DNge062,NA,putative_primary,central_brain
DNge063,NA,putative_primary,central_brain
DNge064,NA,putative_primary,central_brain
DNge065,NA,putative_primary,central_brain
DNge067,NA,putative_primary,central_brain
DNge068,NA,putative_primary,central_brain
DNge074,NA,putative_primary,central_brain
DNge075,NA,putative_primary,central_brain
DNge079,NA,putative_primary,central_brain
DNge080,NA,putative_primary,central_brain
DNge081,NA,putative_primary,central_brain
DNge083,NA,putative_primary,central_brain
DNge084,NA,putative_primary,central_brain
DNge124,NA,putative_primary,central_brain
DNge128,NA,putative_primary,central_brain
DNge132,NA,putative_primary,central_brain
DNge134,NA,putative_primary,central_brain
DNge143,NA,putative_primary,central_brain
DNge146,NA,putative_primary,central_brain
DNp103,PVLP119,putative_primary,central_brain
DNp15,DNp15,putative_primary,central_brain
DNp22,NA,putative_primary,central_brain
DNp37,vpoDN,putative_primary,central_brain
DNp39,PS297,putative_primary,central_brain
DNp45,PVLP117,putative_primary,central_brain
DNp51,PS296,putative_primary,central_brain
DNp52,CRE101,putative_primary,central_brain
DNp54,PS163,putative_primary,central_brain
DNp55,WED180,putative_primary,central_brain
DNp56,VES055,putative_primary,central_brain
DNp59,CL247,putative_primary,central_brain
DNpe001,IB111,putative_primary,central_brain
DNpe004,NA,putative_primary,central_brain
DNpe005,WED123,putative_primary,central_brain
DNpe013,PS168,putative_primary,central_brain
DNpe019,PS296,putative_primary,central_brain
DNpe020,PS133,putative_primary,central_brain
DNpe023,LAL201,putative_primary,central_brain
DNpe025,PVLP145,putative_primary,central_brain
DNpe027,PS166,putative_primary,central_brain
DNpe028,IB046,putative_primary,central_brain
DNpe055,PS167,putative_primary,central_brain
DNpe056,PVLP146,putative_primary,central_brain
IB017,IB017,putative_primary,central_brain
IB018,IB018,putative_primary,central_brain
IB022,IB022,putative_primary,central_brain
IB023,IB023,putative_primary,central_brain
IB025,IB025,putative_primary,central_brain
IB026,IB026,putative_primary,central_brain
IB038,IB038,putative_primary,central_brain
IB044,IB044,putative_primary,central_brain
IB047,IB047,putative_primary,central_brain
IB050,IB050,putative_primary,central_brain
IB060,IB060,putative_primary,central_brain
IB064,IB064,putative_primary,central_brain
IB065,IB065,putative_primary,central_brain
IB092,IB092,putative_primary,central_brain
IB114,IB114,putative_primary,central_brain
ISN,NA,putative_primary,central_brain
LAL002,LAL002,putative_primary,central_brain
LAL011,LAL011,putative_primary,central_brain
LAL017,LAL017,putative_primary,central_brain
LAL045,LAL045,putative_primary,central_brain
LAL052,LAL052,putative_primary,central_brain
LAL072,LAL072,putative_primary,central_brain
LAL098,LAL098,putative_primary,central_brain
LAL101,LAL101,putative_primary,central_brain
LAL121,LAL121,putative_primary,central_brain
LAL129,LAL129,putative_primary,central_brain
LAL141,LAL141,putative_primary,central_brain
LAL184,LAL184,putative_primary,central_brain
LAL203,LAL203,putative_primary,central_brain
LHAV1e1,LHAV1e1,putative_primary,central_brain
LHAV3a1_c,LHAV3a1_c,putative_primary,central_brain
LHAV3k1,LHAV3k1,putative_primary,central_brain
LHAV3k5,LHAV3k5,putative_primary,central_brain
LHCENT14,LHCENT14,putative_primary,central_brain
LHPD2d2,LHPD2d2,putative_primary,central_brain
LHPD4c1,LHPD4c1,putative_primary,central_brain
LHPV10d1,LHPV10d1,putative_primary,central_brain
LHPV1d1,LHPV1d1,putative_primary,central_brain
LHPV4e1,LHPV4e1,putative_primary,central_brain
LHPV6l2,LHPV6l2,putative_primary,central_brain
LPT45_dCal1,NA,putative_primary,optic_lobe
LPsP,LPsP,putative_primary,central_brain
LT37,LT37,putative_primary,central_brain
LT56,LT56,putative_primary,central_brain
MBON03,MBON03,putative_primary,central_brain
MBON04,MBON04,putative_primary,central_brain
MBON11,MBON11,putative_primary,central_brain
MBON26,MBON26,putative_primary,central_brain
MeLp1,hb5813068976,putative_primary,optic_lobe
OA-AL2b2,aMe14b,putative_primary,central_brain
OA-AL2i1,hb5813069570,putative_primary,central_brain
OA-AL2i2,hb1535212969,putative_primary,central_brain
OA-AL2i3,NA,putative_primary,central_brain
OA-AL2i4,NA,putative_primary,central_brain
OA-ASM2,OA-ASM2,putative_primary,central_brain
PAL01,PAL01,putative_primary,central_brain
PAL02,PAL02,putative_primary,central_brain
PAL03,PAL03,putative_primary,central_brain
PLP035,PLP035,putative_primary,central_brain
PLP051,PLP051,putative_primary,central_brain
PLP058,PLP058,putative_primary,central_brain
PLP069,PLP069,putative_primary,central_brain
PLP079,PLP079,putative_primary,central_brain
PLP092,PLP092,putative_primary,central_brain
PLP093,PLP093,putative_primary,central_brain
PLP094,PLP094,putative_primary,central_brain
"PLP120,PLP145",PLP120,putative_primary,central_brain
"PLP120,PLP145",PLP145,putative_primary,central_brain
PLP128,PLP128,putative_primary,central_brain
PLP141,PLP141,putative_primary,central_brain
PLP144,PLP144,putative_primary,central_brain
PLP148,PLP148,putative_primary,central_brain
PLP214,PLP214,putative_primary,central_brain
PLP215,PLP215,putative_primary,central_brain
PLP218,PLP218,putative_primary,central_brain
PLP228,PLP228,putative_primary,central_brain
PLP229,PLP229,putative_primary,central_brain
PLP245,PLP245,putative_primary,central_brain
PLP247,PLP247,putative_primary,central_brain
PLP248,PLP248,putative_primary,central_brain
PLP252,PLP252,putative_primary,central_brain
PS058,PS058,putative_primary,central_brain
PS059,PS059,putative_primary,central_brain
PS061,PS061,putative_primary,central_brain
PS062,PS062,putative_primary,central_brain
PS088,PS088,putative_primary,central_brain
PS089,PS089,putative_primary,central_brain
PS099b,PS099,putative_primary,central_brain
PS114,PS114,putative_primary,central_brain
PS138,PS138,putative_primary,central_brain
PS156,PS156,putative_primary,central_brain
PS157,PS157,putative_primary,central_brain
PS158,PS158,putative_primary,central_brain
PS160,PS160,putative_primary,central_brain
"PS164,PS165",PS164,putative_primary,central_brain
"PS164,PS165",PS165,putative_primary,central_brain
PS170,PS170,putative_primary,central_brain
PS171,PS171,putative_primary,central_brain
PS172,PS172,putative_primary,central_brain
PS173,PS173,putative_primary,central_brain
PS174,PS174,putative_primary,central_brain
PS177,PS177,putative_primary,central_brain
PS213,PS213,putative_primary,central_brain
PS234,PS234,putative_primary,central_brain
"PS235,PS261",PS261,putative_primary,central_brain
PS265,PS265,putative_primary,central_brain
PS276,PS276,putative_primary,central_brain
PS300,PS300,putative_primary,central_brain
PS303,PS303,putative_primary,central_brain
PVLP002,PVLP002,putative_primary,central_brain
PVLP011,PVLP011,putative_primary,central_brain
PVLP061,PVLP061,putative_primary,central_brain
PVLP062,PVLP062,putative_primary,central_brain
PVLP070,PVLP070,putative_primary,central_brain
PVLP106,PVLP106,putative_primary,central_brain
PVLP150,PVLP150,putative_primary,central_brain
CB4055,NA,putative_primary,central_brain
SAD034,SAD034,putative_primary,central_brain
SAD070,SAD070,putative_primary,central_brain
SAD094,SAD094,putative_primary,central_brain
SIP017,SIP017,putative_primary,central_brain
SIP025,SIP025,putative_primary,central_brain
SIP081,SIP081,putative_primary,central_brain
SIP086,SIP086,putative_primary,central_brain
SLP004,SLP004,putative_primary,central_brain
SLP056,SLP056,putative_primary,central_brain
SLP057,SLP057,putative_primary,central_brain
SLP059,SLP059,putative_primary,central_brain
SLP060,SLP060,putative_primary,central_brain
SLP061,SLP061,putative_primary,central_brain
SLP072,SLP072,putative_primary,central_brain
SLP130,SLP130,putative_primary,central_brain
SLP131,SLP131,putative_primary,central_brain
SLP212a,SLP212,putative_primary,central_brain
SLP212b,SLP212,putative_primary,central_brain
SLP212c,SLP212,putative_primary,central_brain
SLP230,SLP230,putative_primary,central_brain
SLP231,SLP231,putative_primary,central_brain
SLP247,SLP247,putative_primary,central_brain
SLP278,SLP278,putative_primary,central_brain
SLP279,SLP279,putative_primary,central_brain
SLP380,SLP380,putative_primary,central_brain
SLP381,SLP381,putative_primary,central_brain
SLP404,SLP404,putative_primary,central_brain
SLP437,SLP437,putative_primary,central_brain
SLP456,SLP456,putative_primary,central_brain
SMP039,SMP039,putative_primary,central_brain
SMP042,SMP042,putative_primary,central_brain
SMP048,SMP048,putative_primary,central_brain
SMP058,SMP058,putative_primary,central_brain
SMP059,SMP059,putative_primary,central_brain
SMP077,SMP077,putative_primary,central_brain
SMP159,SMP159,putative_primary,central_brain
SMP198,SMP198,putative_primary,central_brain
SMP199,SMP199,putative_primary,central_brain
SMP201,SMP201,putative_primary,central_brain
SMP202,SMP202,putative_primary,central_brain
SMP204,SMP204,putative_primary,central_brain
SMP234,SMP234,putative_primary,central_brain
SMP235,SMP235,putative_primary,central_brain
SMP237,SMP237,putative_primary,central_brain
SMP238,SMP238,putative_primary,central_brain
SMP239,SMP239,putative_primary,central_brain
SMP249,SMP249,putative_primary,central_brain
SMP284a,SMP284,putative_primary,central_brain
SMP284b,SMP284,putative_primary,central_brain
SMP291,SMP291,putative_primary,central_brain
SMP335,SMP335,putative_primary,central_brain
SMP458,SMP458,putative_primary,central_brain
SMP492,SMP492,putative_primary,central_brain
"SMP501,SMP502",SMP501,putative_primary,central_brain
"SMP501,SMP502",SMP502,putative_primary,central_brain
SMP528,SMP528,putative_primary,central_brain
SMP553,SMP553,putative_primary,central_brain
SMP554,SMP554,putative_primary,central_brain
SMP580,SMP580,putative_primary,central_brain
SMP586,SMP586,putative_primary,central_brain
SMP594,SMP594,putative_primary,central_brain
SMP595,SMP595,putative_primary,central_brain
SMP596,SMP596,putative_primary,central_brain
SMP600,SMP600,putative_primary,central_brain
SMP603,SMP603,putative_primary,central_brain
TuTuB_a,TuTuB_a,putative_primary,central_brain
TuTuB_b,TuTuB_b,putative_primary,central_brain
VES001,VES001,putative_primary,central_brain
VES002,VES002,putative_primary,central_brain
VES016,VES016,putative_primary,central_brain
VES046,VES046,putative_primary,central_brain
VES047,VES047,putative_primary,central_brain
VES057,VES057,putative_primary,central_brain
VES058,VES058,putative_primary,central_brain
VES075,VES075,putative_primary,central_brain
WED006,WED006,putative_primary,central_brain
WED008,WED008,putative_primary,central_brain
WED069,WED069,putative_primary,central_brain
WED104,WED104,putative_primary,central_brain
WED182,WED182,putative_primary,central_brain
WEDPN9,WEDPN9,putative_primary,central_brain
aMe13,aMe13,putative_primary,central_brain
aMe17a1,aMe17a,putative_primary,central_brain
aMe17a2,aMe17a,putative_primary,central_brain
aMe22,aMe22,putative_primary,central_brain
cL07,NA,putative_primary,central_brain
cL14,IB112,putative_primary,central_brain
cL17,PLP090,putative_primary,central_brain
cL20,PS155,putative_primary,central_brain
cLLPM02,PLP033,putative_primary,central_brain
MN10,NA,putative_primary,central_brain
MNx01,NA,putative_primary,central_brain
CB4235,NA,putative_primary,central_brain
CB4058,NA,putative_primary,central_brain
CB4192,NA,putative_primary,central_brain
CB3958,NA,putative_primary,central_brain
CB3892a,NA,putative_primary,central_brain
CB3892b,NA,putative_primary,central_brain
CB4213,NA,putative_primary,central_brain
CB4191,NA,putative_primary,central_brain
CB4188,NA,putative_primary,central_brain
NA,NA,putative_primary,NA
DNp56,NA,putative_primary,central_brain
DNxl119,NA,putative_primary,central_brain
DNfl040,NA,putative_primary,central_brain
DNit013,NA,putative_primary,central_brain
DNxn119,NA,putative_primary,central_brain
DNg56,NA,putative_primary,central_brain
DNxn173,NA,putative_primary,central_brain
DNp53,NA,putative_primary,central_brain
DNfl041,NA,putative_primary,central_brain
DNxn184,NA,putative_primary,central_brain
DNp11,NA,putative_primary,central_brain
DNxl095,NA,putative_primary,central_brain
DNxl083,NA,putative_primary,central_brain
DNg30,NA,putative_primary,central_brain
DNp07,NA,putative_primary,central_brain
DNxn157,NA,putative_primary,central_brain
DNd05,NA,putative_primary,central_brain
DNad004,NA,putative_primary,central_brain
DNp55,NA,putative_primary,central_brain
DNxn121,NA,putative_primary,central_brain
DNp05,NA,putative_primary,central_brain
DNxl129,NA,putative_primary,central_brain
DNnt019,NA,putative_primary,central_brain
DNnt016,NA,putative_primary,central_brain
DNb09,NA,putative_primary,central_brain
DNp41,NA,putative_primary,central_brain
DNxn171,NA,putative_primary,central_brain
DNxl123,NA,putative_primary,central_brain
DNxl091,NA,putative_primary,central_brain
DNp28,NA,putative_primary,central_brain
DNp12,NA,putative_primary,central_brain
DNp39,NA,putative_primary,central_brain
DNxl117,NA,putative_primary,central_brain
DNxl087,NA,putative_primary,central_brain
DNxn178,NA,putative_primary,central_brain
DNp62,NA,putative_primary,central_brain
DNp01,NA,putative_primary,central_brain
DNxl106,NA,putative_primary,central_brain
DNxn155,NA,putative_primary,central_brain
DNp45,NA,putative_primary,central_brain
DNxl104,NA,putative_primary,central_brain
DNxn151,NA,putative_primary,central_brain
DNxl134,NA,putative_primary,central_brain
DNxl099,NA,putative_primary,central_brain
DNxn145,NA,putative_primary,central_brain
DNxn147,NA,putative_primary,central_brain
DNp19,NA,putative_primary,central_brain
DNp31,NA,putative_primary,central_brain
DNxl079,NA,putative_primary,central_brain
DNfl038,NA,putative_primary,central_brain
DNxn006,NA,putative_primary,central_brain
DNxn136,NA,putative_primary,central_brain
DNp51,NA,putative_primary,central_brain
DNxn073,NA,putative_primary,central_brain
DNp103,NA,putative_primary,central_brain
DNxl078,NA,putative_primary,central_brain
DNb07,NA,putative_primary,central_brain
DNxn175,NA,putative_primary,central_brain
DNb03,NA,putative_primary,central_brain
DNxl021,NA,putative_primary,central_brain
DNb04,NA,putative_primary,central_brain
DNxl124,NA,putative_primary,central_brain
DNxl101,NA,putative_primary,central_brain
DNp24,NA,putative_primary,central_brain
DNxn130,NA,putative_primary,central_brain
DNfl016,NA,putative_primary,central_brain
DNxl075,NA,putative_primary,central_brain
DNp34,NA,putative_primary,central_brain
DNp59,NA,putative_primary,central_brain
DNfl039,NA,putative_primary,central_brain
DNfl042,NA,putative_primary,central_brain
DNfl036,NA,putative_primary,central_brain
DNfl032,NA,putative_primary,central_brain
DNfl025,NA,putative_primary,central_brain
DNfl022,NA,putative_primary,central_brain
DNfl017,NA,putative_primary,central_brain
DNp33,NA,putative_primary,central_brain
DNb02,NA,putative_primary,central_brain
DNxl131,NA,putative_primary,central_brain
DNxn181,NA,putative_primary,central_brain
DNxl096,NA,putative_primary,central_brain
DNxl086,NA,putative_primary,central_brain
DNxl100,NA,putative_primary,central_brain
DNxl093,NA,putative_primary,central_brain
DNxl082,NA,putative_primary,central_brain
DNb05,NA,putative_primary,central_brain
DNxn007,NA,putative_primary,central_brain
DNxn168,NA,putative_primary,central_brain
DNxn187,NA,putative_primary,central_brain
DNxn126,NA,putative_primary,central_brain
DNp47,NA,putative_primary,central_brain
DNb08,NA,putative_primary,central_brain
DNp18,NA,putative_primary,central_brain
DNxn170,NA,putative_primary,central_brain
DNxl088,NA,putative_primary,central_brain
DNxn167,NA,putative_primary,central_brain
DNp54,NA,putative_primary,central_brain
DNxl094,NA,putative_primary,central_brain
DNxl116,NA,putative_primary,central_brain
DNxl073,NA,putative_primary,central_brain
DNb06,NA,putative_primary,central_brain
DNxn150,NA,putative_primary,central_brain
DNxl127,NA,putative_primary,central_brain
DNxn101,NA,putative_primary,central_brain
DNxn142,NA,putative_primary,central_brain
DNp57,NA,putative_primary,central_brain
DNg75,NA,putative_primary,central_brain
DNxl068,NA,putative_primary,central_brain
DNxl130,NA,putative_primary,central_brain
DNp26,NA,putative_primary,central_brain
DNxn164,NA,putative_primary,central_brain
DNxl049,NA,putative_primary,central_brain
DNxn102,NA,putative_primary,central_brain
DNp14,NA,putative_primary,central_brain
DNp03,NA,putative_primary,central_brain
DNxl107,NA,putative_primary,central_brain
DNxl098,NA,putative_primary,central_brain
DNxl070,NA,putative_primary,central_brain
DNlt011,NA,putative_primary,central_brain
DNxn135,NA,putative_primary,central_brain
DNxl109,NA,putative_primary,central_brain
DNg16,NA,putative_primary,central_brain
DNb01,NA,putative_primary,central_brain
DNxl121,NA,putative_primary,central_brain
DNut040,NA,putative_primary,central_brain
DNxl103,NA,putative_primary,central_brain
ORN_DM6,ORN_DM6,NA,central_brain
ORN_VA1v,ORN_VA1v,NA,central_brain
AN_GNG_111,NA,NA,ventral_nerve_cord
AN_GNG_136,NA,NA,ventral_nerve_cord
AN_GNG_151,NA,NA,ventral_nerve_cord
AN_GNG_192,NA,NA,ventral_nerve_cord
AN_multi_124,NA,NA,ventral_nerve_cord
AN_multi_125,NA,NA,ventral_nerve_cord
AN_multi_28,PS299,NA,ventral_nerve_cord
AN_multi_3,NA,NA,ventral_nerve_cord
BM_InOm,NA,NA,central_brain
BM_Vt_PoOc,NA,NA,central_brain
CB0100,NA,NA,central_brain
CB0959,NA,NA,central_brain
CB1105,SLP341,NA,central_brain
l_NSC_unknown,DNES1,NA,central_brain
DNd04,NA,NA,central_brain
DNpe029,NA,NA,central_brain
DNx01,NA,NA,central_brain
DNx02,NA,NA,central_brain
H1,H1,NA,optic_lobe
H2,H2,NA,optic_lobe
HRN_VP1d,HRN_VP1d,NA,central_brain
HRN_VP1l,HRN_VP1l,NA,central_brain
HRN_VP4,HRN_VP4,NA,central_brain
HRN_VP5,HRN_VP5,NA,central_brain
JO-DA,NA,NA,central_brain
LC12,LC12,NA,optic_lobe
LC13,LC13,NA,optic_lobe
LC15,LC15,NA,optic_lobe
LC20a,LC20,NA,optic_lobe
LC20b,LC20,NA,optic_lobe
LC24,LC24,NA,optic_lobe
LC25,LC25,NA,optic_lobe
LC26,LC26,NA,optic_lobe
LC27,LC27,NA,optic_lobe
LC28a,LC28a,NA,optic_lobe
LC28a,LC28b,NA,optic_lobe
LC34,LC34,NA,optic_lobe
LC4,LC4,NA,optic_lobe
LCe01b,NA,NA,optic_lobe
LCe01b,LC24,NA,optic_lobe
LCe02,LC26,NA,optic_lobe
LCe02,LC24,NA,optic_lobe
LCe02,LC25,NA,optic_lobe
LCe03,NA,NA,optic_lobe
LCe05,NA,NA,optic_lobe
LCe08,hb945156049,NA,optic_lobe
LCe08,hb1006199303,NA,optic_lobe
LCe08,hb852055612,NA,optic_lobe
LCe08,hb914139161,NA,optic_lobe
LCe08,hb1190707430,NA,optic_lobe
LCe09,NA,NA,optic_lobe
LLPC1,LLPC1,NA,optic_lobe
LLPC2,LLPC2a,NA,optic_lobe
LLPC2,LLPC2b,NA,optic_lobe
LLPC2,LLPC2c,NA,optic_lobe
LLPC2,LLPC2d,NA,optic_lobe
LLPC3,LLPC3,NA,optic_lobe
LN-DN2,NA,NA,central_brain
LPC1,LPC1,NA,optic_lobe
LPC2,LPC2,NA,optic_lobe
LPT21,NA,NA,optic_lobe
LPT27,NA,NA,optic_lobe
LPT30,NA,NA,optic_lobe
LPT31,WED068,NA,optic_lobe
LPT48_vCal3,NA,NA,optic_lobe
LPT49,NA,NA,optic_lobe
LPT52,NA,NA,optic_lobe
LPTe01,NA,NA,optic_lobe
LT70,LT70,NA,central_brain
LT84,LT84,NA,optic_lobe
LTe05,hb944836835,NA,optic_lobe
LTe07,hb1313879738,NA,optic_lobe
LTe08,hb884464419,NA,optic_lobe
LTe12,hb1288888967,NA,optic_lobe
LTe16,hb1069607310,NA,optic_lobe
LTe21,NA,NA,optic_lobe
LTe23,hb575063620,NA,optic_lobe
LTe25,hb697882667,NA,optic_lobe
LTe33,hb852392901,NA,optic_lobe
LTe33,hb852738302,NA,optic_lobe
LTe44,AOTU045,NA,optic_lobe
LTe69,SLP219,NA,optic_lobe
LTe74,SLP453,NA,optic_lobe
MTe02,NA,NA,optic_lobe
MTe03,NA,NA,optic_lobe
MTe07,hb1190339995,NA,optic_lobe
MTe07,hb5812983942,NA,optic_lobe
MTe07,hb974498428,NA,optic_lobe
MTe07,hb1036546847,NA,optic_lobe
MTe07,hb5813016743,NA,optic_lobe
MTe09,NA,NA,optic_lobe
MTe12,NA,NA,optic_lobe
MTe15,hb787882939,NA,optic_lobe
MTe15,hb479969687,NA,optic_lobe
MTe16,hb1158333658,NA,optic_lobe
MTe16,hb1096963197,NA,optic_lobe
MTe17,hb577503616,NA,optic_lobe
MTe17,hb671285134,NA,optic_lobe
MTe19,hb1746373639,NA,optic_lobe
MTe30,NA,NA,optic_lobe
MTe31,NA,NA,optic_lobe
MTe32,NA,NA,optic_lobe
MTe35,NA,NA,optic_lobe
MTe37,NA,NA,optic_lobe
MTe38,NA,NA,optic_lobe
MTe40,NA,NA,optic_lobe
MTe43,NA,NA,optic_lobe
MTe45,hb759632919,NA,optic_lobe
MTe46,NA,NA,optic_lobe
MTe47,NA,NA,optic_lobe
MTe51,MC62,NA,optic_lobe
MTe54,MC62,NA,optic_lobe
MeLp2,NA,NA,optic_lobe
MeMe_e03,hb1592874539,NA,optic_lobe
MeMe_e05,NA,NA,optic_lobe
MeMe_e06,NA,NA,optic_lobe
MeMe_e11,NA,NA,optic_lobe
MeMe_e13,NA,NA,optic_lobe
MeTu1,MC61,NA,optic_lobe
MeTu1,MC64,NA,optic_lobe
MeTu4a,MC61,NA,optic_lobe
MeTu4a,MC64,NA,optic_lobe
MeTu4b,MC61,NA,optic_lobe
MeTu4b,MC64,NA,optic_lobe
MeTu4c,MC61,NA,optic_lobe
MeTu4c,MC64,NA,optic_lobe
MTe28,NA,NA,optic_lobe
Nod1,NA,NA,optic_lobe
Nod3,hb1352706891,NA,optic_lobe
OCG01e,OCG01,NA,optic_lobe
ORN_D,ORN_D,NA,central_brain
ORN_DA1,ORN_DA1,NA,central_brain
ORN_DA2,ORN_DA2,NA,central_brain
ORN_DA3,ORN_DA3,NA,central_brain
ORN_DA4l,ORN_DA4l,NA,central_brain
ORN_DA4m,ORN_DA4m,NA,central_brain
ORN_DC1,ORN_DC1,NA,central_brain
ORN_DC2,ORN_DC2,NA,central_brain
ORN_DC3,ORN_DC3,NA,central_brain
ORN_DC4,ORN_DC4,NA,central_brain
ORN_DL1,ORN_DL1,NA,central_brain
ORN_DL2d,ORN_DL2d,NA,central_brain
ORN_DL2v,ORN_DL2v,NA,central_brain
ORN_DL3,ORN_DL3,NA,central_brain
ORN_DL4,ORN_DL4,NA,central_brain
ORN_DL5,ORN_DL5,NA,central_brain
ORN_DM1,ORN_DM1,NA,central_brain
ORN_DM2,ORN_DM2,NA,central_brain
ORN_DM3,ORN_DM3,NA,central_brain
ORN_DM4,ORN_DM4,NA,central_brain
ORN_DM5,ORN_DM5,NA,central_brain
ORN_DP1l,ORN_DP1l,NA,central_brain
ORN_DP1m,ORN_DP1m,NA,central_brain
ORN_V,ORN_V,NA,central_brain
ORN_VA1d,ORN_VA1d,NA,central_brain
ORN_VA2,ORN_VA2,NA,central_brain
ORN_VA3,ORN_VA3,NA,central_brain
ORN_VA4,ORN_VA4,NA,central_brain
ORN_VA5,ORN_VA5,NA,central_brain
ORN_VA6,ORN_VA6,NA,central_brain
ORN_VA7l,ORN_VA7l,NA,central_brain
ORN_VA7m,ORN_VA7m,NA,central_brain
ORN_VC1,ORN_VC1,NA,central_brain
ORN_VC2,ORN_VC2,NA,central_brain
ORN_VC3,ORN_VC3l,NA,central_brain
ORN_VC4,ORN_VC4,NA,central_brain
ORN_VC5,ORN_VC3m,NA,central_brain
ORN_VL1,ORN_VL1,NA,central_brain
ORN_VL2a,ORN_VL2a,NA,central_brain
ORN_VL2p,ORN_VL2p,NA,central_brain
ORN_VM1,ORN_VM1,NA,central_brain
ORN_VM2,ORN_VM2,NA,central_brain
ORN_VM3,ORN_VM3,NA,central_brain
ORN_VM4,ORN_VM4,NA,central_brain
ORN_VM5d,ORN_VM5d,NA,central_brain
ORN_VM5v,ORN_VM5v,NA,central_brain
ORN_VM6l,ORN_VC5,NA,central_brain
ORN_VM6m,ORN_VC5,NA,central_brain
ORN_VM6v,ORN_VC5,NA,central_brain
ORN_VM7d,ORN_VM7d,NA,central_brain
ORN_VM7v,ORN_VM7v,NA,central_brain
NA,NA,NA,ventral_nerve_cord
LgAG1,NA,NA,ventral_nerve_cord
LgAG8,NA,NA,ventral_nerve_cord
SLP213,SLP213,NA,central_brain
TRN_VP1m,TRN_VP1m,NA,central_brain
TRN_VP2,TRN_VP2,NA,central_brain
TRN_VP3a,TRN_VP3a,NA,central_brain
TRN_VP3b,TRN_VP3b,NA,central_brain
TmY14,NA,NA,optic_lobe
aMe12,aMe12,NA,optic_lobe
aMe26,aMe26,NA,optic_lobe
PhG13,NA,NA,central_brain
aPhM4,NA,NA,central_brain
aPhM6,NA,NA,central_brain
cL03,NA,NA,central_brain
cLP01,NA,NA,central_brain
cLP02,NA,NA,central_brain
cM07,NA,NA,central_brain
cM08a,NA,NA,central_brain
PhG8,NA,NA,central_brain
s-LNv_b,s-LNv,NA,optic_lobe
claw_tpGRN,NA,NA,central_brain
CB4210,NA,NA,central_brain
DM3_CX_v__0,NA,NA,central_brain
NA,NA,NA,central_brain
DNge102,NA,NA,central_brain
DNg23,NA,NA,central_brain
AN_FLA_SMP_1,NA,NA,ventral_nerve_cord
DNge057,NA,NA,central_brain
DNp27,DNp27,NA,central_brain
LPT29,NA,NA,optic_lobe
LPT51,NA,NA,optic_lobe
LTe19,NA,NA,optic_lobe
MTe01b,MC66,NA,optic_lobe
aMe8,aMe8,NA,optic_lobe
cL10,NA,NA,central_brain
cM08c,NA,NA,central_brain
MTe44,hb1347638401,NA,optic_lobe
aMe25,aMe25,NA,optic_lobe
aMe5,aMe5,NA,optic_lobe
LC28b,LC28a,NA,optic_lobe
LC28b,LC28b,NA,optic_lobe
LCe02,NA,NA,optic_lobe
LTe09,NA,NA,optic_lobe
MTe01a,NA,NA,optic_lobe
NA,NA,NA,optic_lobe
MeTu3c,NA,NA,optic_lobe
AN_multi_14,NA,NA,ventral_nerve_cord
LC31a,LC31,NA,optic_lobe
LC31b,LC31,NA,optic_lobe
LT66,LT66,NA,optic_lobe
LTe45,CL281,NA,optic_lobe
Lat,NA,NA,central_brain
OCG01a,OCG01,NA,optic_lobe
OCG01f,OCG01,NA,optic_lobe
aMe17b,aMe17b,NA,central_brain
s-LNv_a,s-LNv,NA,optic_lobe
AN_GNG_68,NA,NA,ventral_nerve_cord
LCe01a,LC24,NA,optic_lobe
LCe01a,LC25,NA,optic_lobe
LCe01a,LC26,NA,optic_lobe
LCe01a,NA,NA,optic_lobe
LCe01b,LC25,NA,optic_lobe
LCe01b,LC26,NA,optic_lobe
LCe04,NA,NA,optic_lobe
LLPC4,NA,NA,optic_lobe
LPT23,NA,NA,optic_lobe
LPT26,NA,NA,optic_lobe
LPT28,NA,NA,optic_lobe
LPT42_Nod4,NA,NA,optic_lobe
LTe01,hb1261220600,NA,optic_lobe
LTe01,hb1261220527,NA,optic_lobe
LTe14,NA,NA,optic_lobe
LTe17,hb1252116913,NA,optic_lobe
LTe20,NA,NA,optic_lobe
LTe22,hb1159944202,NA,optic_lobe
MTe01a,MC66,NA,optic_lobe
MTe04,NA,NA,optic_lobe
MTe08,NA,NA,optic_lobe
MTe26,NA,NA,optic_lobe
MTe29,NA,NA,optic_lobe
MTe34,NA,NA,optic_lobe
MTe50,NA,NA,optic_lobe
MeTu2b,MC61,NA,optic_lobe
MeTu2b,MC64,NA,optic_lobe
MeTu3b,MC61,NA,optic_lobe
MeTu3b,MC64,NA,optic_lobe
MeTu3c,MC61,NA,optic_lobe
MeTu3c,MC64,NA,optic_lobe
MeTu4d,MC61,NA,optic_lobe
MeTu4d,MC64,NA,optic_lobe
HSS,HSS,NA,optic_lobe
OCG02b,OCG02,NA,optic_lobe
OCG02c,OCG04,NA,optic_lobe
MTe11,hb5812995553,NA,optic_lobe
MTe11,hb1685555902,NA,optic_lobe
MTe11,hb1747664643,NA,optic_lobe
aMe20,aMe20,NA,optic_lobe
JO-F,NA,NA,central_brain
AN19A018,NA,NA,ventral_nerve_cord
AN01A021,NA,NA,ventral_nerve_cord
ANXXX005,NA,NA,ventral_nerve_cord
AN_AMMC_SAD_1,NA,NA,ventral_nerve_cord
AN_AMMC_SAD_2,NA,NA,ventral_nerve_cord
AN_AVLP_1,NA,NA,ventral_nerve_cord
AN_AVLP_10,NA,NA,ventral_nerve_cord
AN_AVLP_11,NA,NA,ventral_nerve_cord
AN_AVLP_12,NA,NA,ventral_nerve_cord
AN_AVLP_13,NA,NA,ventral_nerve_cord
AN_AVLP_14,NA,NA,ventral_nerve_cord
AN_AVLP_15,NA,NA,ventral_nerve_cord
AN_AVLP_16,NA,NA,ventral_nerve_cord
AN_AVLP_17,NA,NA,ventral_nerve_cord
AN_AVLP_18,NA,NA,ventral_nerve_cord
AN_AVLP_19,NA,NA,ventral_nerve_cord
AN_AVLP_2,NA,NA,ventral_nerve_cord
AN_AVLP_20,NA,NA,ventral_nerve_cord
AN_AVLP_21,NA,NA,ventral_nerve_cord
AN_AVLP_22,NA,NA,ventral_nerve_cord
AN_AVLP_23,NA,NA,ventral_nerve_cord
AN_AVLP_24,NA,NA,ventral_nerve_cord
AN_AVLP_25,NA,NA,ventral_nerve_cord
AN_AVLP_26,NA,NA,ventral_nerve_cord
AN_AVLP_27,NA,NA,ventral_nerve_cord
AN_AVLP_28,NA,NA,ventral_nerve_cord
AN_AVLP_29,NA,NA,ventral_nerve_cord
AN_AVLP_3,NA,NA,ventral_nerve_cord
AN_AVLP_30,NA,NA,ventral_nerve_cord
AN_AVLP_31,NA,NA,ventral_nerve_cord
AN_AVLP_32,NA,NA,ventral_nerve_cord
AN_AVLP_33,NA,NA,ventral_nerve_cord
AN_AVLP_34,NA,NA,ventral_nerve_cord
AN_AVLP_35,NA,NA,ventral_nerve_cord
AN_AVLP_36,NA,NA,ventral_nerve_cord
AN_AVLP_37,NA,NA,ventral_nerve_cord
AN_AVLP_38,NA,NA,ventral_nerve_cord
AN_AVLP_39,NA,NA,ventral_nerve_cord
AN_AVLP_4,NA,NA,ventral_nerve_cord
AN_AVLP_40,NA,NA,ventral_nerve_cord
AN_AVLP_41,NA,NA,ventral_nerve_cord
AN_AVLP_42,NA,NA,ventral_nerve_cord
AN_AVLP_43,NA,NA,ventral_nerve_cord
AN_AVLP_44,NA,NA,ventral_nerve_cord
AN_AVLP_45,NA,NA,ventral_nerve_cord
AN_AVLP_46,NA,NA,ventral_nerve_cord
AN_AVLP_47,NA,NA,ventral_nerve_cord
AN_AVLP_48,NA,NA,ventral_nerve_cord
AN_AVLP_49,NA,NA,ventral_nerve_cord
AN_AVLP_5,NA,NA,ventral_nerve_cord
AN_AVLP_50,NA,NA,ventral_nerve_cord
AN_AVLP_51,NA,NA,ventral_nerve_cord
AN_AVLP_52,NA,NA,ventral_nerve_cord
AN_AVLP_53,NA,NA,ventral_nerve_cord
AN_AVLP_54,NA,NA,ventral_nerve_cord
AN_AVLP_6,NA,NA,ventral_nerve_cord
AN_AVLP_7,NA,NA,ventral_nerve_cord
AN_AVLP_8,NA,NA,ventral_nerve_cord
AN_AVLP_9,NA,NA,ventral_nerve_cord
AN_AVLP_GNG_1,NA,NA,ventral_nerve_cord
AN_AVLP_GNG_10,NA,NA,ventral_nerve_cord
AN_AVLP_GNG_11,NA,NA,ventral_nerve_cord
AN_AVLP_GNG_12,NA,NA,ventral_nerve_cord
AN_AVLP_GNG_13,NA,NA,ventral_nerve_cord
AN_AVLP_GNG_14,NA,NA,ventral_nerve_cord
AN_AVLP_GNG_15,NA,NA,ventral_nerve_cord
AN_AVLP_GNG_16,NA,NA,ventral_nerve_cord
AN_AVLP_GNG_17,NA,NA,ventral_nerve_cord
AN_AVLP_GNG_18,NA,NA,ventral_nerve_cord
AN_AVLP_GNG_19,NA,NA,ventral_nerve_cord
AN_AVLP_GNG_2,NA,NA,ventral_nerve_cord
AN_AVLP_GNG_20,NA,NA,ventral_nerve_cord
AN_AVLP_GNG_21,NA,NA,ventral_nerve_cord
AN_AVLP_GNG_22,NA,NA,ventral_nerve_cord
AN_AVLP_GNG_23,NA,NA,ventral_nerve_cord
AN_AVLP_GNG_3,NA,NA,ventral_nerve_cord
AN_AVLP_GNG_4,NA,NA,ventral_nerve_cord
AN_AVLP_GNG_5,NA,NA,ventral_nerve_cord
AN_AVLP_GNG_6,NA,NA,ventral_nerve_cord
AN_AVLP_GNG_7,NA,NA,ventral_nerve_cord
AN_AVLP_GNG_8,NA,NA,ventral_nerve_cord
AN_AVLP_GNG_9,NA,NA,ventral_nerve_cord
AN_AVLP_PVLP_1,NA,NA,ventral_nerve_cord
AN_AVLP_PVLP_10,NA,NA,ventral_nerve_cord
AN_AVLP_PVLP_2,NA,NA,ventral_nerve_cord
AN_AVLP_PVLP_3,NA,NA,ventral_nerve_cord
AN_AVLP_PVLP_4,NA,NA,ventral_nerve_cord
AN_AVLP_PVLP_5,hb1197455013,NA,ventral_nerve_cord
AN_AVLP_PVLP_6,NA,NA,ventral_nerve_cord
AN_AVLP_PVLP_7,NA,NA,ventral_nerve_cord
AN_AVLP_PVLP_8,NA,NA,ventral_nerve_cord
AN_AVLP_PVLP_9,NA,NA,ventral_nerve_cord
AN_AVLP_SAD_1,NA,NA,ventral_nerve_cord
AN_AVLP_SAD_2,NA,NA,ventral_nerve_cord
AN_AVLP_SAD_3,NA,NA,ventral_nerve_cord
AN_AVLP_SAD_5,NA,NA,ventral_nerve_cord
AN_FLA_1,NA,NA,ventral_nerve_cord
AN_FLA_GNG_1,NA,NA,ventral_nerve_cord
AN_FLA_GNG_2,NA,NA,ventral_nerve_cord
AN_FLA_PRW_1,NA,NA,ventral_nerve_cord
AN_FLA_PRW_2,NA,NA,ventral_nerve_cord
AN_FLA_SMP_2,NA,NA,ventral_nerve_cord
AN_FLA_VES_1,NA,NA,ventral_nerve_cord
AN_FLA_VES_2,NA,NA,ventral_nerve_cord
AN_GNG_1,NA,NA,ventral_nerve_cord
AN_GNG_10,NA,NA,ventral_nerve_cord
AN_GNG_100,NA,NA,ventral_nerve_cord
AN_GNG_101,NA,NA,ventral_nerve_cord
AN_GNG_102,NA,NA,ventral_nerve_cord
AN_GNG_103,NA,NA,ventral_nerve_cord
AN_GNG_104,NA,NA,ventral_nerve_cord
AN_GNG_105,NA,NA,ventral_nerve_cord
AN_GNG_106,NA,NA,ventral_nerve_cord
AN_GNG_107,NA,NA,ventral_nerve_cord
AN_GNG_108,NA,NA,ventral_nerve_cord
AN_GNG_109,NA,NA,ventral_nerve_cord
AN_GNG_11,NA,NA,ventral_nerve_cord
AN_GNG_110,NA,NA,ventral_nerve_cord
AN_GNG_112,NA,NA,ventral_nerve_cord
AN_GNG_113,NA,NA,ventral_nerve_cord
AN_GNG_114,NA,NA,ventral_nerve_cord
AN_GNG_115,NA,NA,ventral_nerve_cord
AN_GNG_116,NA,NA,ventral_nerve_cord
AN_GNG_117,NA,NA,ventral_nerve_cord
AN_GNG_118,NA,NA,ventral_nerve_cord
AN_GNG_119,NA,NA,ventral_nerve_cord
AN_GNG_12,NA,NA,ventral_nerve_cord
AN_GNG_120,NA,NA,ventral_nerve_cord
AN_GNG_121,NA,NA,ventral_nerve_cord
AN_GNG_122,NA,NA,ventral_nerve_cord
AN_GNG_123,NA,NA,ventral_nerve_cord
AN_GNG_124,NA,NA,ventral_nerve_cord
AN_GNG_125,NA,NA,ventral_nerve_cord
AN_GNG_126,NA,NA,ventral_nerve_cord
AN_GNG_127,NA,NA,ventral_nerve_cord
AN_GNG_128,NA,NA,ventral_nerve_cord
AN_GNG_129,NA,NA,ventral_nerve_cord
AN_GNG_13,NA,NA,ventral_nerve_cord
AN_GNG_130,NA,NA,ventral_nerve_cord
AN_GNG_131,NA,NA,ventral_nerve_cord
AN_GNG_132,NA,NA,ventral_nerve_cord
AN_GNG_133,NA,NA,ventral_nerve_cord
AN_GNG_134,NA,NA,ventral_nerve_cord
AN_GNG_135,NA,NA,ventral_nerve_cord
AN_GNG_137,NA,NA,ventral_nerve_cord
AN_GNG_138,NA,NA,ventral_nerve_cord
AN_GNG_139,NA,NA,ventral_nerve_cord
AN_GNG_14,NA,NA,ventral_nerve_cord
AN_GNG_140,NA,NA,ventral_nerve_cord
AN_GNG_141,NA,NA,ventral_nerve_cord
AN_GNG_142,NA,NA,ventral_nerve_cord
AN_GNG_143,NA,NA,ventral_nerve_cord
AN_GNG_144,NA,NA,ventral_nerve_cord
AN_GNG_145,NA,NA,ventral_nerve_cord
AN_GNG_146,NA,NA,ventral_nerve_cord
AN_GNG_147,NA,NA,ventral_nerve_cord
AN_GNG_148,NA,NA,ventral_nerve_cord
AN_GNG_149,NA,NA,ventral_nerve_cord
AN_GNG_15,NA,NA,ventral_nerve_cord
AN_GNG_150,NA,NA,ventral_nerve_cord
AN_GNG_152,NA,NA,ventral_nerve_cord
AN_GNG_153,NA,NA,ventral_nerve_cord
AN_GNG_154,NA,NA,ventral_nerve_cord
AN_GNG_155,NA,NA,ventral_nerve_cord
AN_GNG_156,NA,NA,ventral_nerve_cord
AN_GNG_157,NA,NA,ventral_nerve_cord
AN_GNG_158,NA,NA,ventral_nerve_cord
AN_GNG_159,NA,NA,ventral_nerve_cord
AN_GNG_16,NA,NA,ventral_nerve_cord
AN_GNG_160,NA,NA,ventral_nerve_cord
AN_GNG_161,NA,NA,ventral_nerve_cord
AN_GNG_162,NA,NA,ventral_nerve_cord
AN_GNG_163,NA,NA,ventral_nerve_cord
AN_GNG_164,NA,NA,ventral_nerve_cord
AN_GNG_165,NA,NA,ventral_nerve_cord
AN_GNG_166,NA,NA,ventral_nerve_cord
AN_GNG_167,NA,NA,ventral_nerve_cord
AN_GNG_168,NA,NA,ventral_nerve_cord
AN_GNG_169,NA,NA,ventral_nerve_cord
AN_GNG_17,NA,NA,ventral_nerve_cord
AN_GNG_170,NA,NA,ventral_nerve_cord
AN_GNG_171,NA,NA,ventral_nerve_cord
AN_GNG_172,NA,NA,ventral_nerve_cord
AN_GNG_173,NA,NA,ventral_nerve_cord
AN_GNG_174,NA,NA,ventral_nerve_cord
AN_GNG_175,NA,NA,ventral_nerve_cord
AN_GNG_176,NA,NA,ventral_nerve_cord
AN_GNG_177,NA,NA,ventral_nerve_cord
AN_GNG_178,NA,NA,ventral_nerve_cord
AN_GNG_179,NA,NA,ventral_nerve_cord
AN_GNG_18,NA,NA,ventral_nerve_cord
AN_GNG_180,NA,NA,ventral_nerve_cord
AN_GNG_181,NA,NA,ventral_nerve_cord
AN_GNG_182,NA,NA,ventral_nerve_cord
AN_GNG_183,NA,NA,ventral_nerve_cord
AN_GNG_184,NA,NA,ventral_nerve_cord
AN_GNG_185,NA,NA,ventral_nerve_cord
AN_GNG_186,NA,NA,ventral_nerve_cord
AN_GNG_187,NA,NA,ventral_nerve_cord
AN_GNG_188,NA,NA,ventral_nerve_cord
AN_GNG_189,NA,NA,ventral_nerve_cord
AN_GNG_19,NA,NA,ventral_nerve_cord
AN_GNG_190,NA,NA,ventral_nerve_cord
AN_GNG_191,NA,NA,ventral_nerve_cord
AN_GNG_193,NA,NA,ventral_nerve_cord
AN_GNG_194,NA,NA,ventral_nerve_cord
AN_GNG_195,NA,NA,ventral_nerve_cord
AN_GNG_196,NA,NA,ventral_nerve_cord
AN_GNG_197,NA,NA,ventral_nerve_cord
AN_GNG_198,NA,NA,ventral_nerve_cord
AN_GNG_199,NA,NA,ventral_nerve_cord
AN_GNG_2,NA,NA,ventral_nerve_cord
AN_GNG_20,NA,NA,ventral_nerve_cord
AN_GNG_200,NA,NA,ventral_nerve_cord
AN_GNG_201,NA,NA,ventral_nerve_cord
AN_GNG_202,NA,NA,ventral_nerve_cord
AN_GNG_203,NA,NA,ventral_nerve_cord
AN_GNG_204,NA,NA,ventral_nerve_cord
AN_GNG_21,NA,NA,ventral_nerve_cord
AN_GNG_22,NA,NA,ventral_nerve_cord
AN_GNG_23,NA,NA,ventral_nerve_cord
AN_GNG_24,NA,NA,ventral_nerve_cord
AN_GNG_25,NA,NA,ventral_nerve_cord
AN_GNG_26,NA,NA,ventral_nerve_cord
AN_GNG_27,NA,NA,ventral_nerve_cord
AN_GNG_28,NA,NA,ventral_nerve_cord
AN_GNG_29,NA,NA,ventral_nerve_cord
AN_GNG_3,NA,NA,ventral_nerve_cord
AN_GNG_30,NA,NA,ventral_nerve_cord
AN_GNG_31,NA,NA,ventral_nerve_cord
AN_GNG_32,NA,NA,ventral_nerve_cord
AN_GNG_33,NA,NA,ventral_nerve_cord
AN_GNG_34,NA,NA,ventral_nerve_cord
AN_GNG_35,NA,NA,ventral_nerve_cord
AN_GNG_36,NA,NA,ventral_nerve_cord
AN_GNG_37,NA,NA,ventral_nerve_cord
AN_GNG_38,NA,NA,ventral_nerve_cord
AN_GNG_39,NA,NA,ventral_nerve_cord
AN_GNG_4,NA,NA,ventral_nerve_cord
AN_GNG_40,NA,NA,ventral_nerve_cord
AN_GNG_41,NA,NA,ventral_nerve_cord
AN_GNG_42,NA,NA,ventral_nerve_cord
AN_GNG_43,NA,NA,ventral_nerve_cord
AN_GNG_44,NA,NA,ventral_nerve_cord
AN_GNG_45,NA,NA,ventral_nerve_cord
AN_GNG_46,NA,NA,ventral_nerve_cord
AN_GNG_47,NA,NA,ventral_nerve_cord
AN_GNG_48,NA,NA,ventral_nerve_cord
AN_GNG_49,NA,NA,ventral_nerve_cord
AN_GNG_5,NA,NA,ventral_nerve_cord
AN_GNG_51,NA,NA,ventral_nerve_cord
AN_GNG_52,NA,NA,ventral_nerve_cord
AN_GNG_53,NA,NA,ventral_nerve_cord
AN_GNG_54,NA,NA,ventral_nerve_cord
AN_GNG_55,NA,NA,ventral_nerve_cord
AN_GNG_56,NA,NA,ventral_nerve_cord
AN_GNG_57,NA,NA,ventral_nerve_cord
AN_GNG_58,NA,NA,ventral_nerve_cord
AN_GNG_59,NA,NA,ventral_nerve_cord
AN_GNG_6,NA,NA,ventral_nerve_cord
AN_GNG_60,NA,NA,ventral_nerve_cord
AN_GNG_61,NA,NA,ventral_nerve_cord
AN_GNG_62,NA,NA,ventral_nerve_cord
AN_GNG_63,NA,NA,ventral_nerve_cord
AN_GNG_64,NA,NA,ventral_nerve_cord
AN_GNG_65,NA,NA,ventral_nerve_cord
AN_GNG_66,NA,NA,ventral_nerve_cord
AN_GNG_67,NA,NA,ventral_nerve_cord
AN_GNG_69,NA,NA,ventral_nerve_cord
AN_GNG_7,NA,NA,ventral_nerve_cord
AN_GNG_70,NA,NA,ventral_nerve_cord
AN_GNG_71,NA,NA,ventral_nerve_cord
AN_GNG_72,NA,NA,ventral_nerve_cord
AN_GNG_73,NA,NA,ventral_nerve_cord
AN_GNG_74,NA,NA,ventral_nerve_cord
AN_GNG_75,NA,NA,ventral_nerve_cord
AN_GNG_76,NA,NA,ventral_nerve_cord
AN_GNG_77,NA,NA,ventral_nerve_cord
AN_GNG_78,NA,NA,ventral_nerve_cord
AN_GNG_79,NA,NA,ventral_nerve_cord
AN_GNG_8,NA,NA,ventral_nerve_cord
AN_GNG_80,NA,NA,ventral_nerve_cord
AN_GNG_81,NA,NA,ventral_nerve_cord
AN_GNG_82,NA,NA,ventral_nerve_cord
AN_GNG_83,NA,NA,ventral_nerve_cord
AN_GNG_84,NA,NA,ventral_nerve_cord
AN_GNG_85,NA,NA,ventral_nerve_cord
AN_GNG_86,NA,NA,ventral_nerve_cord
AN_GNG_87,NA,NA,ventral_nerve_cord
AN_GNG_88,NA,NA,ventral_nerve_cord
AN_GNG_89,NA,NA,ventral_nerve_cord
AN_GNG_9,NA,NA,ventral_nerve_cord
AN_GNG_90,NA,NA,ventral_nerve_cord
AN_GNG_91,NA,NA,ventral_nerve_cord
AN_GNG_92,NA,NA,ventral_nerve_cord
AN_GNG_93,NA,NA,ventral_nerve_cord
AN_GNG_94,NA,NA,ventral_nerve_cord
AN_GNG_95,NA,NA,ventral_nerve_cord
AN_GNG_96,NA,NA,ventral_nerve_cord
AN_GNG_97,NA,NA,ventral_nerve_cord
AN_GNG_98,NA,NA,ventral_nerve_cord
AN_GNG_99,NA,NA,ventral_nerve_cord
AN_GNG_AMMC_1,NA,NA,ventral_nerve_cord
AN_GNG_AMMC_2,NA,NA,ventral_nerve_cord
AN_GNG_AMMC_3,NA,NA,ventral_nerve_cord
AN_GNG_AVLP_1,NA,NA,ventral_nerve_cord
AN_GNG_AVLP_2,NA,NA,ventral_nerve_cord
AN_GNG_FLA_1,NA,NA,ventral_nerve_cord
AN_GNG_FLA_2,NA,NA,ventral_nerve_cord
AN_GNG_FLA_3,NA,NA,ventral_nerve_cord
AN_GNG_FLA_4,NA,NA,ventral_nerve_cord
AN_GNG_FLA_5,NA,NA,ventral_nerve_cord
AN_GNG_FLA_6,NA,NA,ventral_nerve_cord
AN_GNG_IPS_1,NA,NA,ventral_nerve_cord
AN_GNG_IPS_10,NA,NA,ventral_nerve_cord
AN_GNG_IPS_11,NA,NA,ventral_nerve_cord
AN_GNG_IPS_12,NA,NA,ventral_nerve_cord
AN_GNG_IPS_13,NA,NA,ventral_nerve_cord
AN_GNG_IPS_14,NA,NA,ventral_nerve_cord
AN_GNG_IPS_15,NA,NA,ventral_nerve_cord
AN_GNG_IPS_16,NA,NA,ventral_nerve_cord
AN_GNG_IPS_17,NA,NA,ventral_nerve_cord
AN_GNG_IPS_18,NA,NA,ventral_nerve_cord
AN_GNG_IPS_19,NA,NA,ventral_nerve_cord
AN_GNG_IPS_2,NA,NA,ventral_nerve_cord
AN_GNG_IPS_20,NA,NA,ventral_nerve_cord
AN_GNG_IPS_3,NA,NA,ventral_nerve_cord
AN_GNG_IPS_4,NA,NA,ventral_nerve_cord
AN_GNG_IPS_5,NA,NA,ventral_nerve_cord
AN_GNG_IPS_6,NA,NA,ventral_nerve_cord
AN_GNG_IPS_7,NA,NA,ventral_nerve_cord
AN_GNG_IPS_8,NA,NA,ventral_nerve_cord
AN_GNG_IPS_9,NA,NA,ventral_nerve_cord
AN_GNG_LAL_1,NA,NA,ventral_nerve_cord
AN_GNG_PRW_1,NA,NA,ventral_nerve_cord
AN_GNG_PRW_2,NA,NA,ventral_nerve_cord
AN_GNG_PRW_3,NA,NA,ventral_nerve_cord
AN_GNG_PRW_4,NA,NA,ventral_nerve_cord
AN_GNG_SAD_1,NA,NA,ventral_nerve_cord
AN_GNG_SAD_10,NA,NA,ventral_nerve_cord
AN_GNG_SAD_11,NA,NA,ventral_nerve_cord
AN_GNG_SAD_12,NA,NA,ventral_nerve_cord
AN_GNG_SAD_13,NA,NA,ventral_nerve_cord
AN_GNG_SAD_14,NA,NA,ventral_nerve_cord
AN_GNG_SAD_15,NA,NA,ventral_nerve_cord
AN_GNG_SAD_16,NA,NA,ventral_nerve_cord
AN_GNG_SAD_17,NA,NA,ventral_nerve_cord
AN_GNG_SAD_18,NA,NA,ventral_nerve_cord
AN_GNG_SAD_19,NA,NA,ventral_nerve_cord
AN_GNG_SAD_2,NA,NA,ventral_nerve_cord
AN_GNG_SAD_20,NA,NA,ventral_nerve_cord
AN_GNG_SAD_21,NA,NA,ventral_nerve_cord
AN_GNG_SAD_22,NA,NA,ventral_nerve_cord
AN_GNG_SAD_23,NA,NA,ventral_nerve_cord
AN_GNG_SAD_24,NA,NA,ventral_nerve_cord
AN_GNG_SAD_25,NA,NA,ventral_nerve_cord
AN_GNG_SAD_26,NA,NA,ventral_nerve_cord
AN_GNG_SAD_27,NA,NA,ventral_nerve_cord
AN_GNG_SAD_28,NA,NA,ventral_nerve_cord
AN_GNG_SAD_29,NA,NA,ventral_nerve_cord
AN_GNG_SAD_3,NA,NA,ventral_nerve_cord
AN_GNG_SAD_30,NA,NA,ventral_nerve_cord
AN_GNG_SAD_31,NA,NA,ventral_nerve_cord
AN_GNG_SAD_32,NA,NA,ventral_nerve_cord
AN_GNG_SAD_33,NA,NA,ventral_nerve_cord
AN_GNG_SAD_34,NA,NA,ventral_nerve_cord
AN_GNG_SAD_35,NA,NA,ventral_nerve_cord
AN_GNG_SAD_4,NA,NA,ventral_nerve_cord
AN_GNG_SAD_5,NA,NA,ventral_nerve_cord
AN_GNG_SAD_6,NA,NA,ventral_nerve_cord
AN_GNG_SAD_7,NA,NA,ventral_nerve_cord
AN_GNG_SAD_8,NA,NA,ventral_nerve_cord
AN_GNG_SAD_9,NA,NA,ventral_nerve_cord
AN_GNG_SPS_1,NA,NA,ventral_nerve_cord
AN_GNG_VES_1,NA,NA,ventral_nerve_cord
AN_GNG_VES_10,NA,NA,ventral_nerve_cord
AN_GNG_VES_11,NA,NA,ventral_nerve_cord
AN_GNG_VES_12,NA,NA,ventral_nerve_cord
AN_GNG_VES_2,NA,NA,ventral_nerve_cord
AN_GNG_VES_3,NA,NA,ventral_nerve_cord
AN_GNG_VES_4,NA,NA,ventral_nerve_cord
AN_GNG_VES_5,NA,NA,ventral_nerve_cord
AN_GNG_VES_6,NA,NA,ventral_nerve_cord
AN_GNG_VES_7,NA,NA,ventral_nerve_cord
AN_GNG_VES_8,NA,NA,ventral_nerve_cord
AN_GNG_VES_9,NA,NA,ventral_nerve_cord
AN_GNG_WED_1,NA,NA,ventral_nerve_cord
AN_GNG_WED_2,NA,NA,ventral_nerve_cord
AN_GNG_WED_3,NA,NA,ventral_nerve_cord
AN_IPS_1,NA,NA,ventral_nerve_cord
AN_IPS_GNG_1,NA,NA,ventral_nerve_cord
AN_IPS_GNG_2,NA,NA,ventral_nerve_cord
AN_IPS_GNG_3,NA,NA,ventral_nerve_cord
AN_IPS_GNG_4,NA,NA,ventral_nerve_cord
AN_IPS_GNG_5,NA,NA,ventral_nerve_cord
AN_IPS_GNG_6,NA,NA,ventral_nerve_cord
AN_IPS_GNG_7,NA,NA,ventral_nerve_cord
AN_IPS_LAL_1,NA,NA,ventral_nerve_cord
AN_IPS_SPS_1,NA,NA,ventral_nerve_cord
AN_IPS_WED_1,NA,NA,ventral_nerve_cord
AN_IPS_WED_2,NA,NA,ventral_nerve_cord
AN_LAL_1,NA,NA,ventral_nerve_cord
AN_LH_AVLP_1,NA,NA,ventral_nerve_cord
AN_PRW_FLA_1,NA,NA,ventral_nerve_cord
AN_SAD_FLA_1,NA,NA,ventral_nerve_cord
AN_SAD_GNG_1,NA,NA,ventral_nerve_cord
AN_SAD_GNG_2,NA,NA,ventral_nerve_cord
AN_SLP_AVLP_1,NA,NA,ventral_nerve_cord
AN_SLP_LH_1,hb422328492,NA,ventral_nerve_cord
AN_SMP_1,NA,NA,ventral_nerve_cord
AN_SMP_2,SAG,NA,ventral_nerve_cord
AN_SMP_3,NA,NA,ventral_nerve_cord
AN_SMP_FLA_1,NA,NA,ventral_nerve_cord
AN_SPS_GNG_1,NA,NA,ventral_nerve_cord
AN_SPS_IPS_1,NA,NA,ventral_nerve_cord
AN_SPS_IPS_2,NA,NA,ventral_nerve_cord
AN_SPS_IPS_3,NA,NA,ventral_nerve_cord
AN_SPS_IPS_4,NA,NA,ventral_nerve_cord
AN_SPS_IPS_5,NA,NA,ventral_nerve_cord
AN_SPS_IPS_6,NA,NA,ventral_nerve_cord
AN_VES_GNG_1,NA,NA,ventral_nerve_cord
AN_VES_GNG_2,NA,NA,ventral_nerve_cord
AN_VES_GNG_3,NA,NA,ventral_nerve_cord
AN_VES_GNG_4,NA,NA,ventral_nerve_cord
AN_VES_GNG_5,NA,NA,ventral_nerve_cord
AN_VES_GNG_6,NA,NA,ventral_nerve_cord
AN_VES_GNG_7,NA,NA,ventral_nerve_cord
AN_VES_GNG_8,NA,NA,ventral_nerve_cord
AN_VES_WED_1,NA,NA,ventral_nerve_cord
AN_VES_WED_2,NA,NA,ventral_nerve_cord
AN_VES_WED_3,NA,NA,ventral_nerve_cord
AN_WED_GNG_1,NA,NA,ventral_nerve_cord
AN_WED_GNG_2,NA,NA,ventral_nerve_cord
AN_multi_1,NA,NA,ventral_nerve_cord
AN_multi_10,NA,NA,ventral_nerve_cord
AN_multi_100,NA,NA,ventral_nerve_cord
AN_multi_101,NA,NA,ventral_nerve_cord
AN_multi_102,NA,NA,ventral_nerve_cord
AN_multi_103,NA,NA,ventral_nerve_cord
AN_multi_104,NA,NA,ventral_nerve_cord
AN_multi_105,hb706176085,NA,ventral_nerve_cord
AN_multi_106,NA,NA,ventral_nerve_cord
AN_multi_107,NA,NA,ventral_nerve_cord
AN_multi_108,NA,NA,ventral_nerve_cord
AN_multi_109,NA,NA,ventral_nerve_cord
AN_multi_11,NA,NA,ventral_nerve_cord
AN_multi_110,NA,NA,ventral_nerve_cord
AN_multi_111,NA,NA,ventral_nerve_cord
AN_multi_112,NA,NA,ventral_nerve_cord
AN_multi_113,NA,NA,ventral_nerve_cord
AN_multi_114,NA,NA,ventral_nerve_cord
AN_multi_115,NA,NA,ventral_nerve_cord
AN_multi_116,NA,NA,ventral_nerve_cord
AN_multi_117,NA,NA,ventral_nerve_cord
AN_multi_118,NA,NA,ventral_nerve_cord
AN_multi_119,NA,NA,ventral_nerve_cord
AN_multi_12,NA,NA,ventral_nerve_cord
AN_multi_120,NA,NA,ventral_nerve_cord
AN_multi_121,NA,NA,ventral_nerve_cord
AN_multi_122,NA,NA,ventral_nerve_cord
AN_GNG_SAD33,NA,NA,ventral_nerve_cord
AN_multi_127,NA,NA,ventral_nerve_cord
AN_multi_128,NA,NA,ventral_nerve_cord
AN_multi_13,NA,NA,ventral_nerve_cord
AN_multi_15,NA,NA,ventral_nerve_cord
AN_multi_16,NA,NA,ventral_nerve_cord
AN_multi_17,IB113,NA,ventral_nerve_cord
AN_multi_18,NA,NA,ventral_nerve_cord
AN_multi_19,NA,NA,ventral_nerve_cord
AN_multi_2,NA,NA,ventral_nerve_cord
AN_multi_20,NA,NA,ventral_nerve_cord
AN_multi_21,NA,NA,ventral_nerve_cord
AN_multi_22,NA,NA,ventral_nerve_cord
AN_multi_23,NA,NA,ventral_nerve_cord
AN_multi_24,NA,NA,ventral_nerve_cord
AN_multi_25,NA,NA,ventral_nerve_cord
AN_multi_26,NA,NA,ventral_nerve_cord
AN_multi_27,NA,NA,ventral_nerve_cord
AN_multi_29,NA,NA,ventral_nerve_cord
AN_multi_30,NA,NA,ventral_nerve_cord
AN_multi_31,NA,NA,ventral_nerve_cord
AN_multi_32,NA,NA,ventral_nerve_cord
AN_multi_33,NA,NA,ventral_nerve_cord
AN_multi_34,NA,NA,ventral_nerve_cord
AN_multi_35,NA,NA,ventral_nerve_cord
AN_multi_36,NA,NA,ventral_nerve_cord
AN_multi_37,NA,NA,ventral_nerve_cord
AN_multi_38,NA,NA,ventral_nerve_cord
AN_multi_39,NA,NA,ventral_nerve_cord
AN_multi_4,NA,NA,ventral_nerve_cord
AN_multi_40,NA,NA,ventral_nerve_cord
AN_multi_41,NA,NA,ventral_nerve_cord
AN_multi_42,NA,NA,ventral_nerve_cord
AN_multi_43,NA,NA,ventral_nerve_cord
AN_multi_44,NA,NA,ventral_nerve_cord
AN_multi_45,NA,NA,ventral_nerve_cord
AN_multi_46,NA,NA,ventral_nerve_cord
AN_multi_47,NA,NA,ventral_nerve_cord
AN_multi_48,NA,NA,ventral_nerve_cord
AN_multi_49,NA,NA,ventral_nerve_cord
AN_multi_50,NA,NA,ventral_nerve_cord
AN_multi_51,NA,NA,ventral_nerve_cord
AN_multi_52,NA,NA,ventral_nerve_cord
AN_multi_53,NA,NA,ventral_nerve_cord
AN_multi_54,NA,NA,ventral_nerve_cord
AN_multi_55,NA,NA,ventral_nerve_cord
AN_multi_56,NA,NA,ventral_nerve_cord
AN_multi_57,NA,NA,ventral_nerve_cord
AN_multi_58,NA,NA,ventral_nerve_cord
AN_multi_59,NA,NA,ventral_nerve_cord
AN_multi_6,NA,NA,ventral_nerve_cord
AN_multi_60,NA,NA,ventral_nerve_cord
AN_multi_61,NA,NA,ventral_nerve_cord
AN_multi_62,NA,NA,ventral_nerve_cord
AN_multi_63,NA,NA,ventral_nerve_cord
AN_multi_64,NA,NA,ventral_nerve_cord
AN_multi_65,NA,NA,ventral_nerve_cord
AN_multi_66,NA,NA,ventral_nerve_cord
AN_multi_67,NA,NA,ventral_nerve_cord
AN_multi_68,NA,NA,ventral_nerve_cord
AN_multi_69,NA,NA,ventral_nerve_cord
AN_multi_7,NA,NA,ventral_nerve_cord
AN_multi_70,NA,NA,ventral_nerve_cord
AN_multi_71,NA,NA,ventral_nerve_cord
AN_multi_72,NA,NA,ventral_nerve_cord
AN_multi_73,NA,NA,ventral_nerve_cord
AN_multi_74,NA,NA,ventral_nerve_cord
AN_multi_75,NA,NA,ventral_nerve_cord
AN_multi_76,NA,NA,ventral_nerve_cord
AN_multi_77,NA,NA,ventral_nerve_cord
AN_multi_78,NA,NA,ventral_nerve_cord
AN_multi_79,NA,NA,ventral_nerve_cord
AN_multi_8,NA,NA,ventral_nerve_cord
AN_multi_80,NA,NA,ventral_nerve_cord
AN_multi_81,NA,NA,ventral_nerve_cord
AN_multi_82,hb611262552,NA,ventral_nerve_cord
AN_multi_82,hb704367157,NA,ventral_nerve_cord
AN_multi_83,NA,NA,ventral_nerve_cord
AN_multi_84,NA,NA,ventral_nerve_cord
AN_multi_85,NA,NA,ventral_nerve_cord
AN_multi_86,NA,NA,ventral_nerve_cord
AN_multi_87,NA,NA,ventral_nerve_cord
AN_multi_88,NA,NA,ventral_nerve_cord
AN_multi_89,NA,NA,ventral_nerve_cord
AN_multi_9,NA,NA,ventral_nerve_cord
AN_multi_90,NA,NA,ventral_nerve_cord
AN_multi_91,NA,NA,ventral_nerve_cord
AN_multi_92,NA,NA,ventral_nerve_cord
AN_multi_93,NA,NA,ventral_nerve_cord
AN_multi_94,NA,NA,ventral_nerve_cord
AN_multi_95,NA,NA,ventral_nerve_cord
AN_multi_96,NA,NA,ventral_nerve_cord
AN_multi_97,NA,NA,ventral_nerve_cord
AN_multi_98,NA,NA,ventral_nerve_cord
AN_multi_99,NA,NA,ventral_nerve_cord
AVLP316,AVLP316,NA,central_brain
BM_Ant,NA,NA,central_brain
BM_Fr,NA,NA,central_brain
BM_FrOr,NA,NA,central_brain
BM_Hau,NA,NA,central_brain
BM_InOc,NA,NA,central_brain
BM_MaPa,NA,NA,central_brain
BM_Taste,NA,NA,central_brain
BM_vOcci_vPoOr,NA,NA,central_brain
BM_Oc,NA,NA,central_brain
BM_Or,NA,NA,central_brain
BM_Vib,NA,NA,central_brain
BM_dOcci,NA,NA,central_brain
BM_dPoOr,NA,NA,central_brain
CL312,CL312,NA,central_brain
DNg19,NA,NA,central_brain
DNg45,NA,NA,central_brain
DNg94,NA,NA,central_brain
DNge012,NA,NA,central_brain
DNge061,NA,NA,central_brain
DNge121,NA,NA,central_brain
DNge144,NA,NA,central_brain
DNge153,NA,NA,central_brain
DNxl114,NA,NA,central_brain
DNp72,NA,NA,central_brain
DNp73,NA,NA,central_brain
JO-A,NA,NA,central_brain
JO-B,NA,NA,central_brain
JO-C,NA,NA,central_brain
JO-CA,NA,NA,central_brain
JO-CL,NA,NA,central_brain
JO-CM,NA,NA,central_brain
JO-D,NA,NA,central_brain
JO-DP,NA,NA,central_brain
JO-E,NA,NA,central_brain
JO-EDC,NA,NA,central_brain
JO-EDM,NA,NA,central_brain
JO-EDP,NA,NA,central_brain
JO-EV,NA,NA,central_brain
JO-EVL,NA,NA,central_brain
JO-EVM,NA,NA,central_brain
JO-EVP,NA,NA,central_brain
JO-FDA,NA,NA,central_brain
JO-FDL,NA,NA,central_brain
JO-FDP,NA,NA,central_brain
JO-FVA,NA,NA,central_brain
JO-FVL,NA,NA,central_brain
JO-mz,NA,NA,central_brain
LB1d,NA,NA,central_brain
LB1a,NA,NA,central_brain
LB1c,NA,NA,central_brain
LB1b,NA,NA,central_brain
LB1e,NA,NA,central_brain
LB2c,NA,NA,central_brain
LB4a,NA,NA,central_brain
LB2b,NA,NA,central_brain
LB2a,NA,NA,central_brain
LB3b,NA,NA,central_brain
LB3c,NA,NA,central_brain
LB3d,NA,NA,central_brain
LB4b,NA,NA,central_brain
LB3a,NA,NA,central_brain
LC25,LC15,NA,optic_lobe
LC31c,LC31,NA,optic_lobe
LCe04,LC9,NA,optic_lobe
LN-DN1,NA,NA,central_brain
LPT04_HST,NA,NA,optic_lobe
LPT50,NA,NA,optic_lobe
LPT54,PLP179,NA,optic_lobe
LT54,LT54,NA,optic_lobe
LT55,LT55,NA,optic_lobe
LT59,LT59,NA,optic_lobe
LT60,LT60,NA,optic_lobe
LT65,LT65,NA,optic_lobe
LT68,LT68,NA,optic_lobe
LT69,LT69,NA,optic_lobe
LT72,LT72,NA,optic_lobe
LT75,LT75,NA,optic_lobe
LT80,LT80,NA,optic_lobe
LT83,LT83,NA,optic_lobe
LT85,LT85,NA,optic_lobe
LTe03,hb1379187792,NA,optic_lobe
LTe03,hb1408207343,NA,optic_lobe
LTe13,NA,NA,optic_lobe
LTe15,NA,NA,optic_lobe
LTe18,NA,NA,optic_lobe
LTe26,hb1222778569,NA,optic_lobe
LTe28,hb883418989,NA,optic_lobe
LTe31,hb5813133355,NA,optic_lobe
LTe56,PLP146,NA,optic_lobe
LTe57,PLP147,NA,optic_lobe
LTe62,PLP255,NA,optic_lobe
LTe70,SLP233,NA,optic_lobe
LTe75,SMP241,NA,optic_lobe
MC65,MC65,NA,optic_lobe
MTe05,NA,NA,optic_lobe
MTe06,hb601712813,NA,optic_lobe
MTe06,hb5813012053,NA,optic_lobe
MTe06,hb5812981715,NA,optic_lobe
MTe06,hb695132361,NA,optic_lobe
MTe06,hb601716965,NA,optic_lobe
MTe13,NA,NA,optic_lobe
MTe14,hb1131340051,NA,optic_lobe
MTe18,NA,NA,optic_lobe
MTe20,hb602382052,NA,optic_lobe
MTe21,hb787882939,NA,optic_lobe
MTe21,hb479969687,NA,optic_lobe
MTe22,hb945483923,NA,optic_lobe
MTe23,hb976506780,NA,optic_lobe
MTe24,hb511681569,NA,optic_lobe
MTe25,hb5813022839,NA,optic_lobe
MTe27,NA,NA,optic_lobe
MTe33,NA,NA,optic_lobe
MTe36,NA,NA,optic_lobe
MTe39,NA,NA,optic_lobe
MTe41,NA,NA,optic_lobe
MTe42,NA,NA,optic_lobe
MTe48,hb540674783,NA,optic_lobe
MTe49,hb1190668746,NA,optic_lobe
MTe52,MC62,NA,optic_lobe
MTe53,MC62,NA,optic_lobe
MTe54,NA,NA,optic_lobe
MeTu2a,MC61,NA,optic_lobe
MeTu2a,MC64,NA,optic_lobe
MeTu3a,MC61,NA,optic_lobe
MeTu3a,MC64,NA,optic_lobe
MsAHN,NA,NA,ventral_nerve_cord
MtAHN,NA,NA,ventral_nerve_cord
OCC02a,OCG07,NA,central_brain
OCC02b,OCG08,NA,central_brain
OCG01a,OCG01,NA,central_brain
OCG01b,OCG01,NA,central_brain
OCG01c,OCG01,NA,central_brain
OCG01d,OCG01,NA,central_brain
OCG01e,OCG01,NA,central_brain
OCG02a,OCG03,NA,central_brain
OCG02b,OCG02,NA,central_brain
OCG02c,OCG04,NA,central_brain
SA_DLV,NA,NA,ventral_nerve_cord
SA_DMT_ADMN_1,NA,NA,ventral_nerve_cord
SA_DMT_ADMN_10,NA,NA,ventral_nerve_cord
SA_DMT_ADMN_11,NA,NA,ventral_nerve_cord
SA_DMT_ADMN_2,NA,NA,ventral_nerve_cord
SA_DMT_ADMN_3,NA,NA,ventral_nerve_cord
SA_DMT_ADMN_4,NA,NA,ventral_nerve_cord
SA_DMT_ADMN_5,NA,NA,ventral_nerve_cord
SA_DMT_ADMN_6,NA,NA,ventral_nerve_cord
SA_DMT_ADMN_7,NA,NA,ventral_nerve_cord
SA_DMT_ADMN_8,NA,NA,ventral_nerve_cord
SA_DMT_ADMN_9,NA,NA,ventral_nerve_cord
SA_DMT_DMetaN_1,NA,NA,ventral_nerve_cord
SA_DMT_DMetaN_10,NA,NA,ventral_nerve_cord
SA_DMT_DMetaN_11,NA,NA,ventral_nerve_cord
SA_DMT_DMetaN_12,NA,NA,ventral_nerve_cord
SA_DMT_DMetaN_2,NA,NA,ventral_nerve_cord
SA_DMT_DMetaN_3,NA,NA,ventral_nerve_cord
SA_DMT_DMetaN_4,NA,NA,ventral_nerve_cord
SA_DMT_DMetaN_5,NA,NA,ventral_nerve_cord
SA_DMT_DMetaN_6,NA,NA,ventral_nerve_cord
SA_DMT_DMetaN_7,NA,NA,ventral_nerve_cord
SA_DMT_DMetaN_8,NA,NA,ventral_nerve_cord
SA_DMT_DMetaN_9,NA,NA,ventral_nerve_cord
SA_MDA_1,NA,NA,ventral_nerve_cord
SA_MDA_2,NA,NA,ventral_nerve_cord
SA_MDA_3,NA,NA,ventral_nerve_cord
SA_MDA_4,NA,NA,ventral_nerve_cord
LgAG5,NA,NA,ventral_nerve_cord
LgAG4,NA,NA,ventral_nerve_cord
LgAG9,NA,NA,ventral_nerve_cord
LgAG2,NA,NA,ventral_nerve_cord
LgAG3,NA,NA,ventral_nerve_cord
SA_VTV_6,NA,NA,ventral_nerve_cord
LgAG6,NA,NA,ventral_nerve_cord
LgAG7,NA,NA,ventral_nerve_cord
SA_VTV_DProN_1,NA,NA,ventral_nerve_cord
SA_VTV_PDMN_1,NA,NA,ventral_nerve_cord
TPMN1,NA,NA,central_brain
TPMN2,NA,NA,central_brain
VPNp&v1_ventral__0,NA,NA,central_brain
aMe1,aMe1,NA,optic_lobe
aMe10,aMe10,NA,optic_lobe
aMe19a,aMe19a,NA,optic_lobe
aMe19b,aMe19b,NA,optic_lobe
aMe3,aMe3,NA,optic_lobe
aMe4,aMe4,NA,central_brain
aMe6a,aMe6a,NA,optic_lobe
aMe9,aMe9,NA,optic_lobe
PhG1b,NA,NA,central_brain
PhG10,NA,NA,central_brain
PhG1c,NA,NA,central_brain
PhG4,NA,NA,central_brain
PhG15,NA,NA,central_brain
PhG16,NA,NA,central_brain
PhG3,NA,NA,central_brain
PhG6,NA,NA,central_brain
PhG14,NA,NA,central_brain
PhG1a,NA,NA,central_brain
PhG11,NA,NA,central_brain
PhG12,NA,NA,central_brain
PhG5,NA,NA,central_brain
PhG2,NA,NA,central_brain
PhG7,NA,NA,central_brain
aPhM1,NA,NA,central_brain
aPhM3,NA,NA,central_brain
aPhM5,NA,NA,central_brain
aPhM2a,NA,NA,central_brain
aPhM2b,NA,NA,central_brain
cLP02,LT71,NA,central_brain
cM04,NA,NA,central_brain
cM09,NA,NA,central_brain
labial_nerve_sensory_descending,NA,NA,central_brain
ENS5,NA,NA,central_brain
ENS4,NA,NA,central_brain
ENS3,NA,NA,central_brain
ENS1,NA,NA,central_brain
ENS2,NA,NA,central_brain
PhG9,NA,NA,central_brain
dorsal_tpGRN,NA,NA,central_brain
CB4149,NA,NA,central_brain
CB4148,NA,NA,central_brain
CB4246,NA,NA,central_brain
CB4147,NA,NA,central_brain
CB4211,NA,NA,central_brain
CB4146,NA,NA,central_brain
"SLP317,SLP318",SLP317,NA,central_brain
"SLP317,SLP318",SLP318,NA,central_brain
LPi07,NA,NA,optic_lobe
LMa3,NA,NA,optic_lobe
LMa2,NA,NA,optic_lobe
Tm9,NA,NA,optic_lobe
Sm30,NA,NA,optic_lobe
Mi4,NA,NA,optic_lobe
T5d,NA,NA,optic_lobe
T4a,NA,NA,optic_lobe
Mi15,NA,NA,optic_lobe
T4d,NA,NA,optic_lobe
T5a,NA,NA,optic_lobe
Tm5d,NA,NA,optic_lobe
R1-6,NA,NA,optic_lobe
Dm20,NA,NA,optic_lobe
TmY18,NA,NA,optic_lobe
TmY10,NA,NA,optic_lobe
L5,NA,NA,optic_lobe
TmY9,NA,NA,optic_lobe
Tm4,NA,NA,optic_lobe
Tm2,NA,NA,optic_lobe
Tm6,NA,NA,optic_lobe
L3,NA,NA,optic_lobe
Am,NA,NA,optic_lobe
Lawf2,NA,NA,optic_lobe
TmY4,NA,NA,optic_lobe
C3,NA,NA,optic_lobe
Dm8,NA,NA,optic_lobe
TmY16,NA,NA,optic_lobe
Tm20,NA,NA,optic_lobe
Dm10,NA,NA,optic_lobe
T1,NA,NA,optic_lobe
L2,NA,NA,optic_lobe
Mi13,NA,NA,optic_lobe
Lawf1,NA,NA,optic_lobe
Tm12,NA,NA,optic_lobe
Mi9,NA,NA,optic_lobe
T5c,NA,NA,optic_lobe
R7,NA,NA,optic_lobe
R8,NA,NA,optic_lobe
L1,NA,NA,optic_lobe
C2,NA,NA,optic_lobe
Dm9,NA,NA,optic_lobe
aMe6c,NA,NA,optic_lobe
Lai,NA,NA,optic_lobe
L1-3,NA,NA,optic_lobe
HBeyelet,HBeyelet,NA,optic_lobe
NA,NA,NA,NA
Li12,NA,NA,optic_lobe
LMa5,NA,NA,optic_lobe
Li10,NA,NA,optic_lobe
LMt1,NA,NA,optic_lobe
Li02,NA,NA,optic_lobe
Sm16,NA,NA,optic_lobe
LPi11,NA,NA,optic_lobe
Li11,NA,NA,optic_lobe
Li09,NA,NA,optic_lobe
Li15,NA,NA,optic_lobe
MLt1,NA,NA,optic_lobe
LMt2,NA,NA,optic_lobe
MLt3,NA,NA,optic_lobe
Li08,NA,NA,optic_lobe
PDt1,NA,NA,optic_lobe
Y11,NA,NA,optic_lobe
Li05,NA,NA,optic_lobe
Tm7,NA,NA,optic_lobe
Tm5b,NA,NA,optic_lobe
Sm22,NA,NA,optic_lobe
Sm32,NA,NA,optic_lobe
Tm5e,NA,NA,optic_lobe
Dm13,NA,NA,optic_lobe
Dm15,NA,NA,optic_lobe
Dm2,NA,NA,optic_lobe
Dm3p,NA,NA,optic_lobe
Dm3q,NA,NA,optic_lobe
pDm8,NA,NA,optic_lobe
yDm8,NA,NA,optic_lobe
LPi14,NA,NA,optic_lobe
Li13,NA,NA,optic_lobe
Li13,Li13,NA,optic_lobe
Li18,Li19,NA,optic_lobe
Li32,NA,NA,optic_lobe
Li30,hb1343403608,NA,optic_lobe
Mi1,NA,NA,optic_lobe
Mi1_DRA,NA,NA,optic_lobe
Mi10,NA,NA,optic_lobe
Mi2,NA,NA,optic_lobe
Pm01,NA,NA,optic_lobe
Pm02,NA,NA,optic_lobe
Pm06,NA,NA,optic_lobe
Pm14,NA,NA,optic_lobe
Pm07,NA,NA,optic_lobe
Pm03,NA,NA,optic_lobe
T2,NA,NA,optic_lobe
T2a,NA,NA,optic_lobe
T3,NA,NA,optic_lobe
T4b,NA,NA,optic_lobe
T4c,NA,NA,optic_lobe
T5b,NA,NA,optic_lobe
Tlp1,NA,NA,optic_lobe
Tlp4,NA,NA,optic_lobe
Tlp14,NA,NA,optic_lobe
Tm1,NA,NA,optic_lobe
Tm25,NA,NA,optic_lobe
Tm3,NA,NA,optic_lobe
Tm5f,NA,NA,optic_lobe
Tm21,NA,NA,optic_lobe
TmY11,NA,NA,optic_lobe
TmY15,NA,NA,optic_lobe
TmY3,NA,NA,optic_lobe
TmY5a,NA,NA,optic_lobe
TmY9q,NA,NA,optic_lobe
TmY31,NA,NA,optic_lobe
Y1,NA,NA,optic_lobe
Y3,NA,NA,optic_lobe
Y4,NA,NA,optic_lobe
Li31,mALC1,NA,optic_lobe
Li33,mALC2,NA,optic_lobe
Li24,NA,NA,optic_lobe
Li01,NA,NA,optic_lobe
Li03,NA,NA,optic_lobe
Li07,NA,NA,optic_lobe
LPi08,NA,NA,optic_lobe
LPi05,NA,NA,optic_lobe
LPi10,NA,NA,optic_lobe
LPi02,NA,NA,optic_lobe
LPi04,NA,NA,optic_lobe
LPi06,NA,NA,optic_lobe
LPi01,NA,NA,optic_lobe
Y12,NA,NA,optic_lobe
Sm06,NA,NA,optic_lobe
Sm02,NA,NA,optic_lobe
Sm01,NA,NA,optic_lobe
Sm03,NA,NA,optic_lobe
Sm12,NA,NA,optic_lobe
Sm29,NA,NA,optic_lobe
Tm32,NA,NA,optic_lobe
MLt6,NA,NA,optic_lobe
MLt2,NA,NA,optic_lobe
MLt4,NA,NA,optic_lobe
MLt7,NA,NA,optic_lobe
LMa4,NA,NA,optic_lobe
CT1,CT1,NA,optic_lobe
LMt4,NA,NA,optic_lobe
LT33,LT33,NA,optic_lobe
Li29,mALC1,NA,optic_lobe
LMa1,NA,NA,optic_lobe
Li20,NA,NA,optic_lobe
Li25,Li11,NA,optic_lobe
LPi15,NA,NA,optic_lobe
LPi12,NA,NA,optic_lobe
Li19,Li11,NA,optic_lobe
Am1,NA,NA,optic_lobe
Sm38,NA,NA,optic_lobe
Sm37,NA,NA,optic_lobe
Dm11,NA,NA,optic_lobe
DmDRA2,NA,NA,optic_lobe
LPi13,NA,NA,optic_lobe
Sm42,NA,NA,optic_lobe
Sm41,NA,NA,optic_lobe
Pm13,NA,NA,optic_lobe
Pm08,NA,NA,optic_lobe
Tm27,NA,NA,optic_lobe
Li06,NA,NA,optic_lobe
Tm31,NA,NA,optic_lobe
Tm5a,NA,NA,optic_lobe
5-HT-IR  Tan,NA,NA,optic_lobe
Li17,NA,NA,optic_lobe
Tm40,NA,NA,optic_lobe
LMt3,NA,NA,optic_lobe
LLPt,NA,NA,optic_lobe
Sm23,NA,NA,optic_lobe
Pm12,NA,NA,optic_lobe
Li16,NA,NA,optic_lobe
Sm26,NA,NA,optic_lobe
Sm20,NA,NA,optic_lobe
Sm21,NA,NA,optic_lobe
Sm19,NA,NA,optic_lobe
Sm09,NA,NA,optic_lobe
Tm36,NA,NA,optic_lobe
Li26,NA,NA,optic_lobe
Li21,NA,NA,optic_lobe
Sm40,NA,NA,optic_lobe
Sm39,NA,NA,optic_lobe
Sm35,NA,NA,optic_lobe
Tlp5,NA,NA,optic_lobe
Pm04,NA,NA,optic_lobe
Dm16,NA,NA,optic_lobe
L4,NA,NA,optic_lobe
Pm11,NA,NA,optic_lobe
Pm09,NA,NA,optic_lobe
LPi09,NA,NA,optic_lobe
Dm1,NA,NA,optic_lobe
Dm12,NA,NA,optic_lobe
Dm14,NA,NA,optic_lobe
Dm18,NA,NA,optic_lobe
Dm17,NA,NA,optic_lobe
Dm19,NA,NA,optic_lobe
Sm15,NA,NA,optic_lobe
Sm08,NA,NA,optic_lobe
Sm07,NA,NA,optic_lobe
Sm14,NA,NA,optic_lobe
Dm3v,NA,NA,optic_lobe
Dm4,NA,NA,optic_lobe
Dm6,NA,NA,optic_lobe
LT58,LT58,NA,optic_lobe
TmY9q__perp,NA,NA,optic_lobe
Li27,Li12,NA,optic_lobe
Li04,Li13,NA,optic_lobe
Li18,Li13,NA,optic_lobe
Li03,Li13,NA,optic_lobe
Li28,Li16,NA,optic_lobe
Li22,NA,NA,optic_lobe
Mi14,NA,NA,optic_lobe
Sm04,NA,NA,optic_lobe
Sm18,NA,NA,optic_lobe
Sm24,NA,NA,optic_lobe
Pm10,NA,NA,optic_lobe
Pm05,NA,NA,optic_lobe
Tm16,NA,NA,optic_lobe
Tm5c,NA,NA,optic_lobe
Sm05,NA,NA,optic_lobe
Tm8a,NA,NA,optic_lobe
TmY20,NA,NA,optic_lobe
aMe6b,NA,NA,optic_lobe
ocellar_retinula_cell,NA,NA,central_brain
Li124_56,NA,NA,optic_lobe
Li14,NA,NA,optic_lobe
Tm33,NA,NA,optic_lobe
Li04,NA,NA,optic_lobe
Li23,NA,NA,optic_lobe
LC20b,NA,NA,optic_lobe
Li18,NA,NA,optic_lobe
LPi03,NA,NA,optic_lobe
LM102a_L234-M89,NA,NA,optic_lobe
DmDRA1,NA,NA,optic_lobe
Sm27,NA,NA,optic_lobe
Sm13,NA,NA,optic_lobe
Sm25,NA,NA,optic_lobe
Sm31,NA,NA,optic_lobe
Sm34,NA,NA,optic_lobe
Sm11,NA,NA,optic_lobe
Sm17,NA,NA,optic_lobe
Sm28,NA,NA,optic_lobe
SPm101_78-78,NA,NA,optic_lobe
Sm33,NA,NA,optic_lobe
Sm36,NA,NA,optic_lobe
Sm10,NA,NA,optic_lobe
Sm43,NA,NA,optic_lobe
MTe53,NA,NA,optic_lobe
MLt5,NA,NA,optic_lobe
Tm37,NA,NA,optic_lobe
uncertain,NA,NA,optic_lobe
Tm8b,NA,NA,optic_lobe
Tm35,NA,NA,optic_lobe
MeTu4c,NA,NA,optic_lobe
MLt8,NA,NA,optic_lobe
MeTu2a,NA,NA,optic_lobe
Tm34,NA,NA,optic_lobe
MeTu3a,NA,NA,optic_lobe
MTe51,NA,NA,optic_lobe
LgLG1b,NA,NA,ventral_nerve_cord
LgLG2,NA,NA,ventral_nerve_cord
LgLG4,NA,NA,ventral_nerve_cord
SNpp50,NA,NA,ventral_nerve_cord
SNxxxx,NA,NA,ventral_nerve_cord
SNpp45,NA,NA,ventral_nerve_cord
SNxx29,NA,NA,ventral_nerve_cord
SNta34,NA,NA,ventral_nerve_cord
SNpp39,NA,NA,ventral_nerve_cord
SNta25,NA,NA,ventral_nerve_cord
SNta31,NA,NA,ventral_nerve_cord
LgLG1a,NA,NA,ventral_nerve_cord
LgLG3,NA,NA,ventral_nerve_cord
SNta42,NA,NA,ventral_nerve_cord
SNta29,NA,NA,ventral_nerve_cord
SNxx33,NA,NA,ventral_nerve_cord
SNta38,NA,NA,ventral_nerve_cord
SNxx22,NA,NA,ventral_nerve_cord
SNch10,NA,NA,ventral_nerve_cord
SNta20,NA,NA,ventral_nerve_cord
SNta36,NA,NA,ventral_nerve_cord
SNta30,NA,NA,ventral_nerve_cord
SNta27,NA,NA,ventral_nerve_cord
SNta37,NA,NA,ventral_nerve_cord
SNxx03,NA,NA,ventral_nerve_cord
SNta21,NA,NA,ventral_nerve_cord
SNta23,NA,NA,ventral_nerve_cord
SNppxx,NA,NA,ventral_nerve_cord
SNta32,NA,NA,ventral_nerve_cord
SNta43,NA,NA,ventral_nerve_cord
SNta40,NA,NA,ventral_nerve_cord
SNta44,NA,NA,ventral_nerve_cord
SNpp43,NA,NA,ventral_nerve_cord
SNtaxx,NA,NA,ventral_nerve_cord
SNta26,NA,NA,ventral_nerve_cord
SNta39,NA,NA,ventral_nerve_cord
SNta28,NA,NA,ventral_nerve_cord
SNta19,NA,NA,ventral_nerve_cord
SNxx30,NA,NA,ventral_nerve_cord
SNpp52,NA,NA,ventral_nerve_cord
SNpp51,NA,NA,ventral_nerve_cord
LgLG7,NA,NA,ventral_nerve_cord
SNta41,NA,NA,ventral_nerve_cord
LgLG8,NA,NA,ventral_nerve_cord
SNta24,NA,NA,ventral_nerve_cord
SNpp41,NA,NA,ventral_nerve_cord
SNpp59,NA,NA,ventral_nerve_cord
LgLG6,NA,NA,ventral_nerve_cord
LgLG5,NA,NA,ventral_nerve_cord
DNfl037,NA,NA,central_brain
DNfl021,NA,NA,central_brain
DNfl018,NA,NA,central_brain
SNta45,NA,NA,ventral_nerve_cord
SNpp44,NA,NA,ventral_nerve_cord
SNpp48,NA,NA,ventral_nerve_cord
SNta35,NA,NA,ventral_nerve_cord
SNpp49,NA,NA,ventral_nerve_cord
SNxx11,NA,NA,ventral_nerve_cord
SNpp54,NA,NA,ventral_nerve_cord
SNxx08,NA,NA,ventral_nerve_cord
SNxx23,NA,NA,ventral_nerve_cord
SNxx14,NA,NA,ventral_nerve_cord
SNxx04,NA,NA,ventral_nerve_cord
SNch01,NA,NA,ventral_nerve_cord
SNxx06,NA,NA,ventral_nerve_cord
SNxx07,NA,NA,ventral_nerve_cord
SNxx02,NA,NA,ventral_nerve_cord
SNxx01,NA,NA,ventral_nerve_cord
SNxx13,NA,NA,ventral_nerve_cord
SNxx20,NA,NA,ventral_nerve_cord
SNxx10,NA,NA,ventral_nerve_cord
SNxx17,NA,NA,ventral_nerve_cord
SNxx12,NA,NA,ventral_nerve_cord
SNxx15,NA,NA,ventral_nerve_cord
SNxx21,NA,NA,ventral_nerve_cord
SNxx19,NA,NA,ventral_nerve_cord
SNxx05,NA,NA,ventral_nerve_cord
SNxx09,NA,NA,ventral_nerve_cord
SNta11,NA,NA,ventral_nerve_cord
WG2,NA,NA,ventral_nerve_cord
SNta04,NA,NA,ventral_nerve_cord
WG4,NA,NA,ventral_nerve_cord
SNta18,NA,NA,ventral_nerve_cord
WG3,NA,NA,ventral_nerve_cord
SNta08,NA,NA,ventral_nerve_cord
SNta07,NA,NA,ventral_nerve_cord
DNnt011,NA,NA,central_brain
DNnt010,NA,NA,central_brain
SNpp40,NA,NA,ventral_nerve_cord
SNpp57,NA,NA,ventral_nerve_cord
SNpp60,NA,NA,ventral_nerve_cord
SNpp58,NA,NA,ventral_nerve_cord
SNpp56,NA,NA,ventral_nerve_cord
SNpp47,NA,NA,ventral_nerve_cord
SNta14,NA,NA,ventral_nerve_cord
WG1,NA,NA,ventral_nerve_cord
DNxl122,NA,NA,central_brain
SNpp27,NA,NA,ventral_nerve_cord
SNta09,NA,NA,ventral_nerve_cord
SNta02,NA,NA,ventral_nerve_cord
SNta01,NA,NA,ventral_nerve_cord
SNch08,NA,NA,ventral_nerve_cord
DNnt014,NA,NA,central_brain
SNpp14,NA,NA,ventral_nerve_cord
DNxn139,NA,NA,central_brain
SNta22,NA,NA,ventral_nerve_cord
DNxn105,NA,NA,central_brain
SNta03,NA,NA,ventral_nerve_cord
SNpp53,NA,NA,ventral_nerve_cord
SNpp61,NA,NA,ventral_nerve_cord
SNpp34,NA,NA,ventral_nerve_cord
SApp16,NA,NA,ventral_nerve_cord
SApp07,NA,NA,ventral_nerve_cord
SNpp20,NA,NA,ventral_nerve_cord
DNut048,NA,NA,central_brain
SNpp19,NA,NA,ventral_nerve_cord
SNpp01,NA,NA,ventral_nerve_cord
DNit008,NA,NA,central_brain
DNfl026,NA,NA,central_brain
DNfl043,NA,NA,central_brain
DNxn193,NA,NA,central_brain
SNta33,NA,NA,ventral_nerve_cord
SApp08,NA,NA,ventral_nerve_cord
SApp06,NA,NA,ventral_nerve_cord
SApp15,NA,NA,ventral_nerve_cord
SNpp17,NA,NA,ventral_nerve_cord
SNpp33,NA,NA,ventral_nerve_cord
DNxl126,NA,NA,central_brain
SAch02,NA,NA,ventral_nerve_cord
SNpp42,NA,NA,ventral_nerve_cord
SNpp30,NA,NA,ventral_nerve_cord
SNta13,NA,NA,ventral_nerve_cord
SNpp25,NA,NA,ventral_nerve_cord
SApp09,NA,NA,ventral_nerve_cord
SNpp35,NA,NA,ventral_nerve_cord
SApp03,NA,NA,ventral_nerve_cord
SApp01,NA,NA,ventral_nerve_cord
SApp05,NA,NA,ventral_nerve_cord
DNxl113,NA,NA,central_brain
SNpp03,NA,NA,ventral_nerve_cord
SNpp22,NA,NA,ventral_nerve_cord
DNd02,NA,NA,central_brain
SApp18,NA,NA,ventral_nerve_cord
DNut044,NA,NA,central_brain
SNpp18,NA,NA,ventral_nerve_cord
SNpp63,NA,NA,ventral_nerve_cord
DNxl080,NA,NA,central_brain
DNxn132,NA,NA,central_brain
SApp12,NA,NA,ventral_nerve_cord
SApp17,NA,NA,ventral_nerve_cord
SApp02,NA,NA,ventral_nerve_cord
DNfl029,NA,NA,central_brain
DNg85,NA,NA,central_brain
DNxn158,NA,NA,central_brain
SApp04,NA,NA,ventral_nerve_cord
SNpp28,NA,NA,ventral_nerve_cord
SNpp62,NA,NA,ventral_nerve_cord
SNpp15,NA,NA,ventral_nerve_cord
SAch01,NA,NA,ventral_nerve_cord
SApp21,NA,NA,ventral_nerve_cord
SApp11,NA,NA,ventral_nerve_cord
SNxx26,NA,NA,ventral_nerve_cord
SNpp07,NA,NA,ventral_nerve_cord
DNxn103,NA,NA,central_brain
SApp23,NA,NA,ventral_nerve_cord
SNpp16,NA,NA,ventral_nerve_cord
SApp10,NA,NA,ventral_nerve_cord
SApp19,NA,NA,ventral_nerve_cord
DNg34,NA,NA,central_brain
DNxl132,NA,NA,central_brain
SNta10,NA,NA,ventral_nerve_cord
DNxn186,NA,NA,central_brain
SNpp38,NA,NA,ventral_nerve_cord
SNpp23,NA,NA,ventral_nerve_cord
DNxn109,NA,NA,central_brain
DNit006,NA,NA,central_brain
SNpp31,NA,NA,ventral_nerve_cord
SAxx01,NA,NA,ventral_nerve_cord
SApp14,NA,NA,ventral_nerve_cord
SNpp11,NA,NA,ventral_nerve_cord
DNut057,NA,NA,central_brain
DNp15,NA,NA,central_brain
DNp30,NA,NA,central_brain
DNg33,NA,NA,central_brain
SNpp32,NA,NA,ventral_nerve_cord
SNxx25_a,NA,NA,ventral_nerve_cord
DNg67,NA,NA,central_brain
SAchxx,NA,NA,ventral_nerve_cord
SAxxxx,NA,NA,ventral_nerve_cord
DNxn191,NA,NA,central_brain
DNp27,NA,NA,central_brain
DNxn144,NA,NA,central_brain
DNut034,NA,NA,central_brain
DNg77,NA,NA,central_brain
SNpp36,NA,NA,ventral_nerve_cord
DNxn177,NA,NA,central_brain
DNxl133,NA,NA,central_brain
SNxx25,NA,NA,ventral_nerve_cord
DNxn165,NA,NA,central_brain
DNp20,NA,NA,central_brain
DNxn149,NA,NA,central_brain
DNnt020,NA,NA,central_brain
DNnt017,NA,NA,central_brain
DNfl034,NA,NA,central_brain
DNfl044,NA,NA,central_brain
DNxn192,NA,NA,central_brain
SApp22,NA,NA,ventral_nerve_cord
SNpp46,NA,NA,ventral_nerve_cord
DNg38,NA,NA,central_brain
DNxl084,NA,NA,central_brain
SAppxx,NA,NA,ventral_nerve_cord
DNxl081,NA,NA,central_brain
SNpp06,NA,NA,ventral_nerve_cord
DNg42,NA,NA,central_brain
DNut052,NA,NA,central_brain
DNut042,NA,NA,central_brain
DNxn106,NA,NA,central_brain
DNxn148,NA,NA,central_brain
DNfl012,NA,NA,central_brain
DNxn146,NA,NA,central_brain
DNxl128,NA,NA,central_brain
DNxl053,NA,NA,central_brain
DNxn169,NA,NA,central_brain
SNpp55,NA,NA,ventral_nerve_cord
SNta05,NA,NA,ventral_nerve_cord
SNta06,NA,NA,ventral_nerve_cord
DNp21,NA,NA,central_brain
DNxn112,NA,NA,central_brain
DNxl071,NA,NA,central_brain
SApp20,NA,NA,ventral_nerve_cord
DNut039,NA,NA,central_brain
SNxx16,NA,NA,ventral_nerve_cord
SNpp04,NA,NA,ventral_nerve_cord
SNpp02,NA,NA,ventral_nerve_cord
SNpp12,NA,NA,ventral_nerve_cord
DNxl065,NA,NA,central_brain
DNxn137,NA,NA,central_brain
SNpp37,NA,NA,ventral_nerve_cord
DNxl077,NA,NA,central_brain
DNxl112,NA,NA,central_brain
SNpp10,NA,NA,ventral_nerve_cord
SNxx32,NA,NA,ventral_nerve_cord
DNut059,NA,NA,central_brain
DNxl074,NA,NA,central_brain
DNxl090,NA,NA,central_brain
DNxl067,NA,NA,central_brain
DNxn156,NA,NA,central_brain
DNnt015,NA,NA,central_brain
DNg57,NA,NA,central_brain
SNpp08,NA,NA,ventral_nerve_cord
DNfl015,NA,NA,central_brain
DNfl033,NA,NA,central_brain
DNg47,NA,NA,central_brain
DNfl023,NA,NA,central_brain
DNfl020,NA,NA,central_brain
SAxx02,NA,NA,ventral_nerve_cord
DNp10,NA,NA,central_brain
SNpp09,NA,NA,ventral_nerve_cord
DNxl135,NA,NA,central_brain
SNpp26,NA,NA,ventral_nerve_cord
DNnt022,NA,NA,central_brain
DNxn182,NA,NA,central_brain
SApp13,NA,NA,ventral_nerve_cord
SNpp29,NA,NA,ventral_nerve_cord
DNa03,NA,NA,central_brain
DNxl063,NA,NA,central_brain
DNxl118,NA,NA,central_brain
DNut049,NA,NA,central_brain
DNxl085,NA,NA,central_brain
DNp32,NA,NA,central_brain
DNfl045,NA,NA,central_brain
DNg59,NA,NA,central_brain
DNxn113,NA,NA,central_brain
SNpp24,NA,NA,ventral_nerve_cord
aSP22,NA,NA,central_brain
SNpp21,NA,NA,ventral_nerve_cord
DNit004,NA,NA,central_brain
DNxn189,NA,NA,central_brain
SNta12,NA,NA,ventral_nerve_cord
DNxn162,NA,NA,central_brain
pMP2,NA,NA,central_brain
DNxl066,NA,NA,central_brain
DNxn138,NA,NA,central_brain
SNxx18,NA,NA,ventral_nerve_cord
DNit010,NA,NA,central_brain
DNxn111,NA,NA,central_brain
DNxn116,NA,NA,central_brain
DNxn115,NA,NA,central_brain
DNit005,NA,NA,central_brain
DNut061,NA,NA,central_brain
DNxn190,NA,NA,central_brain
SNxx27,NA,NA,ventral_nerve_cord
DNp29,NA,NA,central_brain
oviDN,NA,NA,central_brain
DNxn071,NA,NA,central_brain
DNut041,NA,NA,central_brain
SNpp13,NA,NA,ventral_nerve_cord
pIP10,NA,NA,central_brain
SNxx28,NA,NA,ventral_nerve_cord
DNit009,NA,NA,central_brain
DNxl110,NA,NA,central_brain
SNxx24,NA,NA,ventral_nerve_cord
DNxn124,NA,NA,central_brain
DNd03,NA,NA,central_brain
SNpp05,NA,NA,ventral_nerve_cord
DNlt009,NA,NA,central_brain
DNc01,NA,NA,central_brain
SNxx31,NA,NA,ventral_nerve_cord
DNc02,NA,NA,central_brain
DNnt021,NA,NA,central_brain
DNxn180,NA,NA,central_brain
DNxl125,NA,NA,central_brain
DNit011,NA,NA,central_brain
DNut062,NA,NA,central_brain
